2025-06-17 23:35:05 - routers.auth - INFO - Validating token for /me endpoint
2025-06-17 23:35:05 - routers.auth - INFO - Looking up user with email: admin@idealtransport.com
2025-06-17 23:35:06 - routers.auth - INFO - User authenticated successfully: admin@idealtransport.com
2025-06-17 23:35:13 - routers.auth - INFO - Validating token for /me endpoint
2025-06-17 23:35:13 - routers.auth - INFO - Looking up user with email: admin@idealtransport.com
2025-06-17 23:35:13 - routers.auth - INFO - User authenticated successfully: admin@idealtransport.com
2025-06-17 23:35:13 - routers.auth - INFO - Validating token for /me endpoint
2025-06-17 23:35:13 - routers.auth - INFO - Looking up user with email: admin@idealtransport.com
2025-06-17 23:35:14 - routers.auth - INFO - User authenticated successfully: admin@idealtransport.com
2025-06-17 23:35:14 - routers.auth - INFO - Validating token for /me endpoint
2025-06-17 23:35:14 - routers.auth - INFO - Looking up user with email: admin@idealtransport.com
2025-06-17 23:35:14 - routers.auth - INFO - User authenticated successfully: admin@idealtransport.com
2025-06-17 23:35:15 - routers.auth - INFO - Validating token for /me endpoint
2025-06-17 23:35:15 - routers.auth - INFO - Looking up user with email: admin@idealtransport.com
2025-06-17 23:35:15 - routers.auth - INFO - User authenticated successfully: admin@idealtransport.com
2025-06-17 23:35:15 - routers.auth - INFO - Validating token for /me endpoint
2025-06-17 23:35:15 - routers.auth - INFO - Looking up user with email: admin@idealtransport.com
2025-06-17 23:35:16 - routers.auth - INFO - User authenticated successfully: admin@idealtransport.com
2025-06-17 23:41:13 - routers.auth - INFO - Validating token for /me endpoint
2025-06-17 23:41:13 - routers.auth - INFO - Looking up user with email: admin@idealtransport.com
2025-06-17 23:41:14 - routers.auth - INFO - User authenticated successfully: admin@idealtransport.com
2025-06-17 23:41:20 - routers.auth - INFO - Validating token for /me endpoint
2025-06-17 23:41:20 - routers.auth - INFO - Looking up user with email: admin@idealtransport.com
2025-06-17 23:41:21 - routers.auth - INFO - User authenticated successfully: admin@idealtransport.com
2025-06-17 23:41:21 - routers.auth - INFO - Validating token for /me endpoint
2025-06-17 23:41:21 - routers.auth - INFO - Looking up user with email: admin@idealtransport.com
2025-06-17 23:41:21 - routers.auth - INFO - User authenticated successfully: admin@idealtransport.com
2025-06-17 23:41:23 - routers.auth - INFO - Validating token for /me endpoint
2025-06-17 23:41:23 - routers.auth - INFO - Looking up user with email: admin@idealtransport.com
2025-06-17 23:41:23 - routers.auth - INFO - User authenticated successfully: admin@idealtransport.com
2025-06-17 23:41:24 - routers.auth - INFO - Validating token for /me endpoint
2025-06-17 23:41:24 - routers.auth - INFO - Looking up user with email: admin@idealtransport.com
2025-06-17 23:41:24 - routers.auth - INFO - User authenticated successfully: admin@idealtransport.com
2025-06-17 23:41:25 - routers.auth - INFO - Validating token for /me endpoint
2025-06-17 23:41:25 - routers.auth - INFO - Looking up user with email: admin@idealtransport.com
2025-06-17 23:41:25 - routers.auth - INFO - User authenticated successfully: admin@idealtransport.com
2025-06-17 23:42:53 - routers.auth - INFO - Validating token for /me endpoint
2025-06-17 23:42:53 - routers.auth - INFO - Looking up user with email: admin@idealtransport.com
2025-06-17 23:42:54 - routers.auth - INFO - User authenticated successfully: admin@idealtransport.com
2025-06-17 23:42:54 - routers.auth - INFO - Validating token for /me endpoint
2025-06-17 23:42:54 - routers.auth - INFO - Looking up user with email: admin@idealtransport.com
2025-06-17 23:42:54 - routers.auth - INFO - User authenticated successfully: admin@idealtransport.com
2025-06-17 23:42:55 - routers.auth - INFO - Validating token for /me endpoint
2025-06-17 23:42:55 - routers.auth - INFO - Looking up user with email: admin@idealtransport.com
2025-06-17 23:42:55 - routers.auth - INFO - User authenticated successfully: admin@idealtransport.com
2025-06-17 23:42:55 - routers.auth - INFO - Validating token for /me endpoint
2025-06-17 23:42:55 - routers.auth - INFO - Looking up user with email: admin@idealtransport.com
2025-06-17 23:42:56 - routers.auth - INFO - User authenticated successfully: admin@idealtransport.com
2025-06-17 23:42:56 - routers.auth - INFO - Validating token for /me endpoint
2025-06-17 23:42:56 - routers.auth - INFO - Looking up user with email: admin@idealtransport.com
2025-06-17 23:42:56 - routers.auth - INFO - User authenticated successfully: admin@idealtransport.com
2025-06-17 23:42:57 - routers.auth - INFO - Validating token for /me endpoint
2025-06-17 23:42:57 - routers.auth - INFO - Looking up user with email: admin@idealtransport.com
2025-06-17 23:42:57 - routers.auth - INFO - User authenticated successfully: admin@idealtransport.com
2025-06-17 23:55:56 - routers.auth - INFO - Validating token for /me endpoint
2025-06-17 23:55:56 - routers.auth - INFO - Validating token for /me endpoint
2025-06-17 23:55:56 - routers.auth - INFO - Validating token for /me endpoint
2025-06-17 23:55:56 - routers.auth - INFO - Validating token for /me endpoint
2025-06-17 23:55:56 - routers.auth - INFO - Validating token for /me endpoint
2025-06-17 23:55:56 - routers.auth - INFO - Validating token for /me endpoint
2025-06-17 23:56:05 - routers.auth - INFO - Login attempt for user: admin@idealtransport.com
2025-06-17 23:56:05 - routers.auth - INFO - Authenticating user: admin@idealtransport.com
2025-06-17 23:56:05 - routers.auth - INFO - Looking up user with email: admin@idealtransport.com
2025-06-17 23:56:06 - routers.auth - INFO - User found: admin@idealtransport.com
2025-06-17 23:56:06 - routers.auth - INFO - Authentication successful: admin@idealtransport.com
2025-06-17 23:56:06 - routers.auth - INFO - Login successful: admin@idealtransport.com
2025-06-17 23:56:07 - routers.auth - INFO - Validating token for /me endpoint
2025-06-17 23:56:07 - routers.auth - INFO - Looking up user with email: admin@idealtransport.com
2025-06-17 23:56:07 - routers.auth - INFO - User authenticated successfully: admin@idealtransport.com
2025-06-17 23:56:07 - routers.auth - INFO - Validating token for /me endpoint
2025-06-17 23:56:07 - routers.auth - INFO - Looking up user with email: admin@idealtransport.com
2025-06-17 23:56:08 - routers.auth - INFO - User authenticated successfully: admin@idealtransport.com
2025-06-17 23:56:08 - routers.auth - INFO - Validating token for /me endpoint
2025-06-17 23:56:08 - routers.auth - INFO - Looking up user with email: admin@idealtransport.com
2025-06-17 23:56:08 - routers.auth - INFO - User authenticated successfully: admin@idealtransport.com
2025-06-17 23:56:09 - routers.auth - INFO - Validating token for /me endpoint
2025-06-17 23:56:09 - routers.auth - INFO - Looking up user with email: admin@idealtransport.com
2025-06-17 23:56:09 - routers.auth - INFO - User authenticated successfully: admin@idealtransport.com
2025-06-17 23:56:10 - routers.auth - INFO - Validating token for /me endpoint
2025-06-17 23:56:10 - routers.auth - INFO - Looking up user with email: admin@idealtransport.com
2025-06-17 23:56:11 - routers.auth - INFO - User authenticated successfully: admin@idealtransport.com
2025-06-17 23:56:11 - routers.auth - INFO - Validating token for /me endpoint
2025-06-17 23:56:11 - routers.auth - INFO - Looking up user with email: admin@idealtransport.com
2025-06-17 23:56:11 - routers.auth - INFO - User authenticated successfully: admin@idealtransport.com
2025-06-18 00:04:40 - routers.auth - INFO - Validating token for /me endpoint
2025-06-18 00:04:40 - routers.auth - INFO - Looking up user with email: admin@idealtransport.com
2025-06-18 00:04:40 - routers.auth - INFO - User authenticated successfully: admin@idealtransport.com
2025-06-18 00:04:40 - routers.auth - INFO - Validating token for /me endpoint
2025-06-18 00:04:40 - routers.auth - INFO - Looking up user with email: admin@idealtransport.com
2025-06-18 00:04:41 - routers.auth - INFO - User authenticated successfully: admin@idealtransport.com
2025-06-18 00:04:41 - routers.auth - INFO - Validating token for /me endpoint
2025-06-18 00:04:41 - routers.auth - INFO - Looking up user with email: admin@idealtransport.com
2025-06-18 00:04:42 - routers.auth - INFO - User authenticated successfully: admin@idealtransport.com
2025-06-18 00:04:43 - routers.auth - INFO - Validating token for /me endpoint
2025-06-18 00:04:43 - routers.auth - INFO - Looking up user with email: admin@idealtransport.com
2025-06-18 00:04:44 - routers.auth - INFO - User authenticated successfully: admin@idealtransport.com
2025-06-18 00:04:44 - routers.auth - INFO - Validating token for /me endpoint
2025-06-18 00:04:44 - routers.auth - INFO - Looking up user with email: admin@idealtransport.com
2025-06-18 00:04:45 - routers.auth - INFO - User authenticated successfully: admin@idealtransport.com
2025-06-18 00:04:45 - routers.auth - INFO - Validating token for /me endpoint
2025-06-18 00:04:45 - routers.auth - INFO - Looking up user with email: admin@idealtransport.com
2025-06-18 00:04:45 - routers.auth - INFO - User authenticated successfully: admin@idealtransport.com
2025-06-18 00:16:52 - routers.auth - INFO - Validating token for /me endpoint
2025-06-18 00:16:53 - routers.auth - INFO - Looking up user with email: admin@idealtransport.com
2025-06-18 00:16:53 - routers.auth - INFO - User authenticated successfully: admin@idealtransport.com
2025-06-18 00:16:54 - routers.auth - INFO - Validating token for /me endpoint
2025-06-18 00:16:54 - routers.auth - INFO - Looking up user with email: admin@idealtransport.com
2025-06-18 00:16:54 - routers.auth - INFO - User authenticated successfully: admin@idealtransport.com
2025-06-18 00:16:54 - routers.auth - INFO - Validating token for /me endpoint
2025-06-18 00:16:54 - routers.auth - INFO - Looking up user with email: admin@idealtransport.com
2025-06-18 00:16:55 - routers.auth - INFO - User authenticated successfully: admin@idealtransport.com
2025-06-18 00:16:55 - routers.auth - INFO - Validating token for /me endpoint
2025-06-18 00:16:55 - routers.auth - INFO - Looking up user with email: admin@idealtransport.com
2025-06-18 00:16:55 - routers.auth - INFO - User authenticated successfully: admin@idealtransport.com
2025-06-18 00:16:56 - routers.auth - INFO - Validating token for /me endpoint
2025-06-18 00:16:56 - routers.auth - INFO - Looking up user with email: admin@idealtransport.com
2025-06-18 00:16:56 - routers.auth - INFO - User authenticated successfully: admin@idealtransport.com
2025-06-18 00:16:57 - routers.auth - INFO - Validating token for /me endpoint
2025-06-18 00:16:57 - routers.auth - INFO - Looking up user with email: admin@idealtransport.com
2025-06-18 00:16:57 - routers.auth - INFO - User authenticated successfully: admin@idealtransport.com
2025-06-18 00:29:39 - routers.auth - INFO - Login attempt for user: admin@idealtransport.com
2025-06-18 00:29:39 - routers.auth - INFO - Authenticating user: admin@idealtransport.com
2025-06-18 00:29:39 - routers.auth - INFO - Looking up user with email: admin@idealtransport.com
2025-06-18 00:29:39 - routers.auth - INFO - User found: admin@idealtransport.com
2025-06-18 00:29:40 - routers.auth - INFO - Authentication successful: admin@idealtransport.com
2025-06-18 00:29:40 - routers.auth - INFO - Login successful: admin@idealtransport.com
2025-06-18 00:29:40 - routers.auth - INFO - Validating token for /me endpoint
2025-06-18 00:29:40 - routers.auth - INFO - Looking up user with email: admin@idealtransport.com
2025-06-18 00:29:41 - routers.auth - INFO - User authenticated successfully: admin@idealtransport.com
2025-06-18 00:29:41 - routers.auth - INFO - Validating token for /me endpoint
2025-06-18 00:29:41 - routers.auth - INFO - Looking up user with email: admin@idealtransport.com
2025-06-18 00:29:41 - routers.auth - INFO - User authenticated successfully: admin@idealtransport.com
2025-06-18 00:29:42 - routers.auth - INFO - Validating token for /me endpoint
2025-06-18 00:29:42 - routers.auth - INFO - Looking up user with email: admin@idealtransport.com
2025-06-18 00:29:42 - routers.auth - INFO - User authenticated successfully: admin@idealtransport.com
2025-06-18 00:29:42 - routers.auth - INFO - Validating token for /me endpoint
2025-06-18 00:29:42 - routers.auth - INFO - Looking up user with email: admin@idealtransport.com
2025-06-18 00:29:43 - routers.auth - INFO - User authenticated successfully: admin@idealtransport.com
2025-06-18 00:29:46 - routers.auth - INFO - Validating token for /me endpoint
2025-06-18 00:29:46 - routers.auth - INFO - Looking up user with email: admin@idealtransport.com
2025-06-18 00:29:46 - routers.auth - INFO - User authenticated successfully: admin@idealtransport.com
2025-06-18 00:29:46 - routers.auth - INFO - Validating token for /me endpoint
2025-06-18 00:29:46 - routers.auth - INFO - Looking up user with email: admin@idealtransport.com
2025-06-18 00:29:47 - routers.auth - INFO - User authenticated successfully: admin@idealtransport.com
2025-06-18 00:36:55 - routers.auth - INFO - Validating token for /me endpoint
2025-06-18 00:36:55 - routers.auth - INFO - Looking up user with email: admin@idealtransport.com
2025-06-18 00:36:56 - routers.auth - INFO - User authenticated successfully: admin@idealtransport.com
2025-06-18 00:36:56 - routers.auth - INFO - Validating token for /me endpoint
2025-06-18 00:36:56 - routers.auth - INFO - Looking up user with email: admin@idealtransport.com
2025-06-18 00:36:57 - routers.auth - INFO - User authenticated successfully: admin@idealtransport.com
2025-06-18 00:36:57 - routers.auth - INFO - Validating token for /me endpoint
2025-06-18 00:36:57 - routers.auth - INFO - Looking up user with email: admin@idealtransport.com
2025-06-18 00:36:57 - routers.auth - INFO - User authenticated successfully: admin@idealtransport.com
2025-06-18 00:36:59 - routers.auth - INFO - Validating token for /me endpoint
2025-06-18 00:36:59 - routers.auth - INFO - Looking up user with email: admin@idealtransport.com
2025-06-18 00:37:00 - routers.auth - INFO - User authenticated successfully: admin@idealtransport.com
2025-06-18 00:37:00 - routers.auth - INFO - Validating token for /me endpoint
2025-06-18 00:37:00 - routers.auth - INFO - Looking up user with email: admin@idealtransport.com
2025-06-18 00:37:01 - routers.auth - INFO - User authenticated successfully: admin@idealtransport.com
2025-06-18 00:37:01 - routers.auth - INFO - Validating token for /me endpoint
2025-06-18 00:37:01 - routers.auth - INFO - Looking up user with email: admin@idealtransport.com
2025-06-18 00:37:01 - routers.auth - INFO - User authenticated successfully: admin@idealtransport.com
2025-06-18 00:45:59 - routers.auth - INFO - Validating token for /me endpoint
2025-06-18 00:45:59 - routers.auth - INFO - Looking up user with email: admin@idealtransport.com
2025-06-18 00:46:00 - routers.auth - INFO - User authenticated successfully: admin@idealtransport.com
2025-06-18 00:46:00 - routers.auth - INFO - Validating token for /me endpoint
2025-06-18 00:46:00 - routers.auth - INFO - Looking up user with email: admin@idealtransport.com
2025-06-18 00:46:01 - routers.auth - INFO - User authenticated successfully: admin@idealtransport.com
2025-06-18 00:46:01 - routers.auth - INFO - Validating token for /me endpoint
2025-06-18 00:46:01 - routers.auth - INFO - Looking up user with email: admin@idealtransport.com
2025-06-18 00:46:01 - routers.auth - INFO - User authenticated successfully: admin@idealtransport.com
2025-06-18 00:46:03 - routers.auth - INFO - Validating token for /me endpoint
2025-06-18 00:46:03 - routers.auth - INFO - Looking up user with email: admin@idealtransport.com
2025-06-18 00:46:04 - routers.auth - INFO - User authenticated successfully: admin@idealtransport.com
2025-06-18 00:46:04 - routers.auth - INFO - Validating token for /me endpoint
2025-06-18 00:46:04 - routers.auth - INFO - Looking up user with email: admin@idealtransport.com
2025-06-18 00:46:05 - routers.auth - INFO - User authenticated successfully: admin@idealtransport.com
2025-06-18 00:46:07 - routers.auth - INFO - Validating token for /me endpoint
2025-06-18 00:46:07 - routers.auth - INFO - Looking up user with email: admin@idealtransport.com
2025-06-18 00:46:07 - routers.auth - INFO - User authenticated successfully: admin@idealtransport.com
2025-06-18 00:49:42 - routers.auth - INFO - Validating token for /me endpoint
2025-06-18 00:49:42 - routers.auth - INFO - Looking up user with email: admin@idealtransport.com
2025-06-18 00:49:43 - routers.auth - INFO - User authenticated successfully: admin@idealtransport.com
2025-06-18 00:49:49 - routers.auth - INFO - Validating token for /me endpoint
2025-06-18 00:49:49 - routers.auth - INFO - Looking up user with email: admin@idealtransport.com
2025-06-18 00:49:49 - routers.auth - INFO - User authenticated successfully: admin@idealtransport.com
2025-06-18 00:49:50 - routers.auth - INFO - Validating token for /me endpoint
2025-06-18 00:49:50 - routers.auth - INFO - Looking up user with email: admin@idealtransport.com
2025-06-18 00:49:50 - routers.auth - INFO - User authenticated successfully: admin@idealtransport.com
2025-06-18 00:49:52 - routers.auth - INFO - Validating token for /me endpoint
2025-06-18 00:49:52 - routers.auth - INFO - Looking up user with email: admin@idealtransport.com
2025-06-18 00:49:52 - routers.auth - INFO - User authenticated successfully: admin@idealtransport.com
2025-06-18 00:49:53 - routers.auth - INFO - Validating token for /me endpoint
2025-06-18 00:49:53 - routers.auth - INFO - Looking up user with email: admin@idealtransport.com
2025-06-18 00:49:53 - routers.auth - INFO - User authenticated successfully: admin@idealtransport.com
2025-06-18 00:49:55 - routers.auth - INFO - Validating token for /me endpoint
2025-06-18 00:49:55 - routers.auth - INFO - Looking up user with email: admin@idealtransport.com
2025-06-18 00:49:56 - routers.auth - INFO - User authenticated successfully: admin@idealtransport.com
2025-06-18 00:52:57 - routers.auth - INFO - Validating token for /me endpoint
2025-06-18 00:52:57 - routers.auth - INFO - Looking up user with email: admin@idealtransport.com
2025-06-18 00:52:58 - routers.auth - INFO - User authenticated successfully: admin@idealtransport.com
2025-06-18 00:52:58 - routers.auth - INFO - Validating token for /me endpoint
2025-06-18 00:52:58 - routers.auth - INFO - Looking up user with email: admin@idealtransport.com
2025-06-18 00:52:58 - routers.auth - INFO - User authenticated successfully: admin@idealtransport.com
2025-06-18 00:52:59 - routers.auth - INFO - Validating token for /me endpoint
2025-06-18 00:52:59 - routers.auth - INFO - Looking up user with email: admin@idealtransport.com
2025-06-18 00:52:59 - routers.auth - INFO - User authenticated successfully: admin@idealtransport.com
2025-06-18 00:52:59 - routers.auth - INFO - Validating token for /me endpoint
2025-06-18 00:52:59 - routers.auth - INFO - Looking up user with email: admin@idealtransport.com
2025-06-18 00:53:00 - routers.auth - INFO - User authenticated successfully: admin@idealtransport.com
2025-06-18 00:53:00 - routers.auth - INFO - Validating token for /me endpoint
2025-06-18 00:53:00 - routers.auth - INFO - Looking up user with email: admin@idealtransport.com
2025-06-18 00:53:00 - routers.auth - INFO - User authenticated successfully: admin@idealtransport.com
2025-06-18 00:53:01 - routers.auth - INFO - Validating token for /me endpoint
2025-06-18 00:53:01 - routers.auth - INFO - Looking up user with email: admin@idealtransport.com
2025-06-18 00:53:01 - routers.auth - INFO - User authenticated successfully: admin@idealtransport.com
2025-06-18 00:55:58 - routers.auth - INFO - Validating token for /me endpoint
2025-06-18 00:55:58 - routers.auth - INFO - Looking up user with email: admin@idealtransport.com
2025-06-18 00:55:58 - routers.auth - INFO - User authenticated successfully: admin@idealtransport.com
2025-06-18 00:56:05 - routers.auth - INFO - Validating token for /me endpoint
2025-06-18 00:56:05 - routers.auth - INFO - Looking up user with email: admin@idealtransport.com
2025-06-18 00:56:06 - routers.auth - INFO - User authenticated successfully: admin@idealtransport.com
2025-06-18 00:56:07 - routers.auth - INFO - Validating token for /me endpoint
2025-06-18 00:56:07 - routers.auth - INFO - Looking up user with email: admin@idealtransport.com
2025-06-18 00:56:08 - routers.auth - INFO - User authenticated successfully: admin@idealtransport.com
2025-06-18 00:56:08 - routers.auth - INFO - Validating token for /me endpoint
2025-06-18 00:56:08 - routers.auth - INFO - Looking up user with email: admin@idealtransport.com
2025-06-18 00:56:09 - routers.auth - INFO - User authenticated successfully: admin@idealtransport.com
2025-06-18 00:56:11 - routers.auth - INFO - Validating token for /me endpoint
2025-06-18 00:56:11 - routers.auth - INFO - Looking up user with email: admin@idealtransport.com
2025-06-18 00:56:11 - routers.auth - INFO - User authenticated successfully: admin@idealtransport.com
2025-06-18 00:56:12 - routers.auth - INFO - Validating token for /me endpoint
2025-06-18 00:56:12 - routers.auth - INFO - Looking up user with email: admin@idealtransport.com
2025-06-18 00:56:12 - routers.auth - INFO - User authenticated successfully: admin@idealtransport.com
2025-06-18 00:59:21 - routers.auth - INFO - Validating token for /me endpoint
2025-06-18 00:59:21 - routers.auth - INFO - Looking up user with email: admin@idealtransport.com
2025-06-18 00:59:22 - routers.auth - INFO - User authenticated successfully: admin@idealtransport.com
2025-06-18 00:59:31 - routers.auth - INFO - Validating token for /me endpoint
2025-06-18 00:59:31 - routers.auth - INFO - Looking up user with email: admin@idealtransport.com
2025-06-18 00:59:32 - routers.auth - INFO - User authenticated successfully: admin@idealtransport.com
2025-06-18 00:59:32 - routers.auth - INFO - Validating token for /me endpoint
2025-06-18 00:59:32 - routers.auth - INFO - Looking up user with email: admin@idealtransport.com
2025-06-18 00:59:32 - routers.auth - INFO - User authenticated successfully: admin@idealtransport.com
2025-06-18 00:59:34 - routers.auth - INFO - Validating token for /me endpoint
2025-06-18 00:59:34 - routers.auth - INFO - Looking up user with email: admin@idealtransport.com
2025-06-18 00:59:34 - routers.auth - INFO - User authenticated successfully: admin@idealtransport.com
2025-06-18 00:59:35 - routers.auth - INFO - Validating token for /me endpoint
2025-06-18 00:59:35 - routers.auth - INFO - Looking up user with email: admin@idealtransport.com
2025-06-18 00:59:36 - routers.auth - INFO - User authenticated successfully: admin@idealtransport.com
2025-06-18 00:59:37 - routers.auth - INFO - Validating token for /me endpoint
2025-06-18 00:59:37 - routers.auth - INFO - Looking up user with email: admin@idealtransport.com
2025-06-18 00:59:38 - routers.auth - INFO - User authenticated successfully: admin@idealtransport.com
2025-06-18 01:00:50 - routers.auth - INFO - Login attempt for user: admin@idealtransport.com
2025-06-18 01:00:50 - routers.auth - INFO - Authenticating user: admin@idealtransport.com
2025-06-18 01:00:50 - routers.auth - INFO - Looking up user with email: admin@idealtransport.com
2025-06-18 01:00:51 - routers.auth - INFO - User found: admin@idealtransport.com
2025-06-18 01:00:51 - routers.auth - INFO - Authentication successful: admin@idealtransport.com
2025-06-18 01:00:51 - routers.auth - INFO - Login successful: admin@idealtransport.com
2025-06-18 01:00:52 - routers.auth - INFO - Validating token for /me endpoint
2025-06-18 01:00:52 - routers.auth - INFO - Looking up user with email: admin@idealtransport.com
2025-06-18 01:00:53 - routers.auth - INFO - User authenticated successfully: admin@idealtransport.com
2025-06-18 01:00:53 - routers.auth - INFO - Validating token for /me endpoint
2025-06-18 01:00:53 - routers.auth - INFO - Looking up user with email: admin@idealtransport.com
2025-06-18 01:00:53 - routers.auth - INFO - User authenticated successfully: admin@idealtransport.com
2025-06-18 01:00:53 - routers.auth - INFO - Validating token for /me endpoint
2025-06-18 01:00:53 - routers.auth - INFO - Looking up user with email: admin@idealtransport.com
2025-06-18 01:00:54 - routers.auth - INFO - User authenticated successfully: admin@idealtransport.com
2025-06-18 01:00:54 - routers.auth - INFO - Validating token for /me endpoint
2025-06-18 01:00:54 - routers.auth - INFO - Looking up user with email: admin@idealtransport.com
2025-06-18 01:00:55 - routers.auth - INFO - User authenticated successfully: admin@idealtransport.com
2025-06-18 01:01:01 - routers.auth - INFO - Validating token for /me endpoint
2025-06-18 01:01:01 - routers.auth - INFO - Looking up user with email: admin@idealtransport.com
2025-06-18 01:01:02 - routers.auth - INFO - User authenticated successfully: admin@idealtransport.com
2025-06-18 01:01:02 - routers.auth - INFO - Validating token for /me endpoint
2025-06-18 01:01:02 - routers.auth - INFO - Looking up user with email: admin@idealtransport.com
2025-06-18 01:01:02 - routers.auth - INFO - User authenticated successfully: admin@idealtransport.com
2025-06-18 01:12:18 - routers.auth - INFO - Validating token for /me endpoint
2025-06-18 01:12:18 - routers.auth - INFO - Looking up user with email: admin@idealtransport.com
2025-06-18 01:12:19 - routers.auth - INFO - User authenticated successfully: admin@idealtransport.com
2025-06-18 01:12:19 - routers.auth - INFO - Validating token for /me endpoint
2025-06-18 01:12:19 - routers.auth - INFO - Looking up user with email: admin@idealtransport.com
2025-06-18 01:12:20 - routers.auth - INFO - User authenticated successfully: admin@idealtransport.com
2025-06-18 01:12:20 - routers.auth - INFO - Validating token for /me endpoint
2025-06-18 01:12:20 - routers.auth - INFO - Looking up user with email: admin@idealtransport.com
2025-06-18 01:12:21 - routers.auth - INFO - User authenticated successfully: admin@idealtransport.com
2025-06-18 01:12:21 - routers.auth - INFO - Validating token for /me endpoint
2025-06-18 01:12:21 - routers.auth - INFO - Looking up user with email: admin@idealtransport.com
2025-06-18 01:12:21 - routers.auth - INFO - User authenticated successfully: admin@idealtransport.com
2025-06-18 01:12:22 - routers.auth - INFO - Validating token for /me endpoint
2025-06-18 01:12:22 - routers.auth - INFO - Looking up user with email: admin@idealtransport.com
2025-06-18 01:12:22 - routers.auth - INFO - User authenticated successfully: admin@idealtransport.com
2025-06-18 01:12:23 - routers.auth - INFO - Validating token for /me endpoint
2025-06-18 01:12:23 - routers.auth - INFO - Looking up user with email: admin@idealtransport.com
2025-06-18 01:12:23 - routers.auth - INFO - User authenticated successfully: admin@idealtransport.com
2025-06-18 11:54:12 - routers.auth - INFO - Validating token for /me endpoint
2025-06-18 11:54:12 - routers.auth - INFO - Validating token for /me endpoint
2025-06-18 11:54:12 - routers.auth - INFO - Validating token for /me endpoint
2025-06-18 11:54:12 - routers.auth - INFO - Validating token for /me endpoint
2025-06-18 11:54:12 - routers.auth - INFO - Validating token for /me endpoint
2025-06-18 11:54:13 - routers.auth - INFO - Validating token for /me endpoint
2025-06-18 11:54:23 - routers.auth - INFO - Login attempt for user: admin@idealtransport.com
2025-06-18 11:54:23 - routers.auth - INFO - Authenticating user: admin@idealtransport.com
2025-06-18 11:54:23 - routers.auth - INFO - Looking up user with email: admin@idealtransport.com
2025-06-18 11:54:23 - routers.auth - INFO - User found: admin@idealtransport.com
2025-06-18 11:54:24 - routers.auth - WARNING - Authentication failed: Invalid password - admin@idealtransport.com
2025-06-18 11:54:24 - routers.auth - WARNING - Login failed: Invalid credentials - admin@idealtransport.com
2025-06-18 11:55:39 - routers.auth - INFO - Login attempt for user: admin@idealtransport.com
2025-06-18 11:55:39 - routers.auth - INFO - Authenticating user: admin@idealtransport.com
2025-06-18 11:55:39 - routers.auth - INFO - Looking up user with email: admin@idealtransport.com
2025-06-18 11:55:40 - routers.auth - INFO - User found: admin@idealtransport.com
2025-06-18 11:55:40 - routers.auth - INFO - Authentication successful: admin@idealtransport.com
2025-06-18 11:55:40 - routers.auth - INFO - Login successful: admin@idealtransport.com
2025-06-18 11:55:42 - routers.auth - INFO - Validating token for /me endpoint
2025-06-18 11:55:42 - routers.auth - INFO - Looking up user with email: admin@idealtransport.com
2025-06-18 11:55:43 - routers.auth - INFO - User authenticated successfully: admin@idealtransport.com
2025-06-18 11:55:43 - routers.auth - INFO - Validating token for /me endpoint
2025-06-18 11:55:43 - routers.auth - INFO - Looking up user with email: admin@idealtransport.com
2025-06-18 11:55:44 - routers.auth - INFO - User authenticated successfully: admin@idealtransport.com
2025-06-18 11:55:44 - routers.auth - INFO - Validating token for /me endpoint
2025-06-18 11:55:44 - routers.auth - INFO - Looking up user with email: admin@idealtransport.com
2025-06-18 11:55:44 - routers.auth - INFO - User authenticated successfully: admin@idealtransport.com
2025-06-18 11:55:45 - routers.auth - INFO - Validating token for /me endpoint
2025-06-18 11:55:45 - routers.auth - INFO - Looking up user with email: admin@idealtransport.com
2025-06-18 11:55:45 - routers.auth - INFO - User authenticated successfully: admin@idealtransport.com
2025-06-18 11:55:50 - routers.auth - INFO - Validating token for /me endpoint
2025-06-18 11:55:50 - routers.auth - INFO - Looking up user with email: admin@idealtransport.com
2025-06-18 11:55:51 - routers.auth - INFO - User authenticated successfully: admin@idealtransport.com
2025-06-18 11:55:51 - routers.auth - INFO - Validating token for /me endpoint
2025-06-18 11:55:51 - routers.auth - INFO - Looking up user with email: admin@idealtransport.com
2025-06-18 11:55:52 - routers.auth - INFO - User authenticated successfully: admin@idealtransport.com
2025-06-18 12:23:11 - routers.auth - INFO - Validating token for /me endpoint
2025-06-18 12:23:11 - routers.auth - INFO - Looking up user with email: admin@idealtransport.com
2025-06-18 12:23:11 - routers.auth - INFO - User authenticated successfully: admin@idealtransport.com
2025-06-18 12:23:17 - routers.auth - INFO - Validating token for /me endpoint
2025-06-18 12:23:17 - routers.auth - INFO - Looking up user with email: admin@idealtransport.com
2025-06-18 12:23:17 - routers.auth - INFO - User authenticated successfully: admin@idealtransport.com
2025-06-18 12:23:24 - routers.auth - INFO - Login attempt for user: admin@idealtransport.com
2025-06-18 12:23:24 - routers.auth - INFO - Authenticating user: admin@idealtransport.com
2025-06-18 12:23:24 - routers.auth - INFO - Looking up user with email: admin@idealtransport.com
2025-06-18 12:23:25 - routers.auth - INFO - User found: admin@idealtransport.com
2025-06-18 12:23:25 - routers.auth - INFO - Authentication successful: admin@idealtransport.com
2025-06-18 12:23:25 - routers.auth - INFO - Login successful: admin@idealtransport.com
2025-06-18 12:23:25 - routers.auth - INFO - Validating token for /me endpoint
2025-06-18 12:23:25 - routers.auth - INFO - Looking up user with email: admin@idealtransport.com
2025-06-18 12:23:26 - routers.auth - INFO - User authenticated successfully: admin@idealtransport.com
2025-06-18 12:23:26 - routers.auth - INFO - Validating token for /me endpoint
2025-06-18 12:23:26 - routers.auth - INFO - Looking up user with email: admin@idealtransport.com
2025-06-18 12:23:27 - routers.auth - INFO - User authenticated successfully: admin@idealtransport.com
2025-06-18 12:23:27 - routers.auth - INFO - Validating token for /me endpoint
2025-06-18 12:23:27 - routers.auth - INFO - Looking up user with email: admin@idealtransport.com
2025-06-18 12:23:27 - routers.auth - INFO - User authenticated successfully: admin@idealtransport.com
2025-06-18 12:23:27 - routers.auth - INFO - Validating token for /me endpoint
2025-06-18 12:23:27 - routers.auth - INFO - Looking up user with email: admin@idealtransport.com
2025-06-18 12:23:28 - routers.auth - INFO - User authenticated successfully: admin@idealtransport.com
2025-06-18 12:23:32 - routers.auth - INFO - Validating token for /me endpoint
2025-06-18 12:23:32 - routers.auth - INFO - Looking up user with email: admin@idealtransport.com
2025-06-18 12:23:33 - routers.auth - INFO - User authenticated successfully: admin@idealtransport.com
2025-06-18 12:23:33 - routers.auth - INFO - Validating token for /me endpoint
2025-06-18 12:23:33 - routers.auth - INFO - Looking up user with email: admin@idealtransport.com
2025-06-18 12:23:34 - routers.auth - INFO - User authenticated successfully: admin@idealtransport.com
2025-06-18 12:55:02 - routers.auth - INFO - Validating token for /me endpoint
2025-06-18 12:55:02 - routers.auth - INFO - Validating token for /me endpoint
2025-06-18 12:55:14 - routers.auth - INFO - Login attempt for user: admin@idealtransport.com
2025-06-18 12:55:14 - routers.auth - INFO - Authenticating user: admin@idealtransport.com
2025-06-18 12:55:14 - routers.auth - INFO - Looking up user with email: admin@idealtransport.com
2025-06-18 12:55:15 - routers.auth - INFO - User found: admin@idealtransport.com
2025-06-18 12:55:15 - routers.auth - INFO - Authentication successful: admin@idealtransport.com
2025-06-18 12:55:15 - routers.auth - INFO - Login successful: admin@idealtransport.com
2025-06-18 12:55:16 - routers.auth - INFO - Validating token for /me endpoint
2025-06-18 12:55:16 - routers.auth - INFO - Looking up user with email: admin@idealtransport.com
2025-06-18 12:55:16 - routers.auth - INFO - User authenticated successfully: admin@idealtransport.com
2025-06-18 12:55:16 - routers.auth - INFO - Validating token for /me endpoint
2025-06-18 12:55:16 - routers.auth - INFO - Looking up user with email: admin@idealtransport.com
2025-06-18 12:55:17 - routers.auth - INFO - User authenticated successfully: admin@idealtransport.com
2025-06-18 12:55:17 - routers.auth - INFO - Validating token for /me endpoint
2025-06-18 12:55:17 - routers.auth - INFO - Looking up user with email: admin@idealtransport.com
2025-06-18 12:55:18 - routers.auth - INFO - User authenticated successfully: admin@idealtransport.com
2025-06-18 12:55:18 - routers.auth - INFO - Validating token for /me endpoint
2025-06-18 12:55:18 - routers.auth - INFO - Looking up user with email: admin@idealtransport.com
2025-06-18 12:55:18 - routers.auth - INFO - User authenticated successfully: admin@idealtransport.com
2025-06-18 12:55:22 - routers.auth - INFO - Validating token for /me endpoint
2025-06-18 12:55:22 - routers.auth - INFO - Looking up user with email: admin@idealtransport.com
2025-06-18 12:55:23 - routers.auth - INFO - User authenticated successfully: admin@idealtransport.com
2025-06-18 12:55:23 - routers.auth - INFO - Validating token for /me endpoint
2025-06-18 12:55:23 - routers.auth - INFO - Looking up user with email: admin@idealtransport.com
2025-06-18 12:55:23 - routers.auth - INFO - User authenticated successfully: admin@idealtransport.com
2025-06-18 13:00:15 - routers.auth - INFO - Validating token for /me endpoint
2025-06-18 13:00:15 - routers.auth - INFO - Looking up user with email: admin@idealtransport.com
2025-06-18 13:00:16 - routers.auth - INFO - User authenticated successfully: admin@idealtransport.com
2025-06-18 13:00:16 - routers.auth - INFO - Validating token for /me endpoint
2025-06-18 13:00:16 - routers.auth - INFO - Looking up user with email: admin@idealtransport.com
2025-06-18 13:00:17 - routers.auth - INFO - User authenticated successfully: admin@idealtransport.com
2025-06-18 13:05:22 - routers.auth - INFO - Validating token for /me endpoint
2025-06-18 13:05:22 - routers.auth - INFO - Looking up user with email: admin@idealtransport.com
2025-06-18 13:05:22 - routers.auth - INFO - User authenticated successfully: admin@idealtransport.com
2025-06-18 13:05:22 - routers.auth - INFO - Validating token for /me endpoint
2025-06-18 13:05:22 - routers.auth - INFO - Looking up user with email: admin@idealtransport.com
2025-06-18 13:05:23 - routers.auth - INFO - User authenticated successfully: admin@idealtransport.com
2025-06-18 14:27:15 - routers.auth - INFO - Validating token for /me endpoint
2025-06-18 14:27:15 - routers.auth - INFO - Validating token for /me endpoint
2025-06-18 14:27:24 - routers.auth - INFO - Login attempt for user: infofitsoftware@gmail.com
2025-06-18 14:27:24 - routers.auth - INFO - Authenticating user: infofitsoftware@gmail.com
2025-06-18 14:27:24 - routers.auth - INFO - Looking up user with email: infofitsoftware@gmail.com
2025-06-18 14:27:25 - routers.auth - INFO - User not found: infofitsoftware@gmail.com
2025-06-18 14:27:25 - routers.auth - WARNING - Authentication failed: User not found - infofitsoftware@gmail.com
2025-06-18 14:27:25 - routers.auth - WARNING - Login failed: Invalid credentials - infofitsoftware@gmail.com
2025-06-18 14:27:33 - routers.auth - INFO - Login attempt for user: admin@idealtransport.com
2025-06-18 14:27:33 - routers.auth - INFO - Authenticating user: admin@idealtransport.com
2025-06-18 14:27:33 - routers.auth - INFO - Looking up user with email: admin@idealtransport.com
2025-06-18 14:27:34 - routers.auth - INFO - User found: admin@idealtransport.com
2025-06-18 14:27:34 - routers.auth - INFO - Authentication successful: admin@idealtransport.com
2025-06-18 14:27:34 - routers.auth - INFO - Login successful: admin@idealtransport.com
2025-06-18 14:27:35 - routers.auth - INFO - Validating token for /me endpoint
2025-06-18 14:27:35 - routers.auth - INFO - Looking up user with email: admin@idealtransport.com
2025-06-18 14:27:35 - routers.auth - INFO - User authenticated successfully: admin@idealtransport.com
2025-06-18 14:27:35 - routers.auth - INFO - Validating token for /me endpoint
2025-06-18 14:27:35 - routers.auth - INFO - Looking up user with email: admin@idealtransport.com
2025-06-18 14:27:36 - routers.auth - INFO - User authenticated successfully: admin@idealtransport.com
2025-06-18 14:27:36 - routers.auth - INFO - Validating token for /me endpoint
2025-06-18 14:27:36 - routers.auth - INFO - Looking up user with email: admin@idealtransport.com
2025-06-18 14:27:37 - routers.auth - INFO - User authenticated successfully: admin@idealtransport.com
2025-06-18 14:27:37 - routers.auth - INFO - Validating token for /me endpoint
2025-06-18 14:27:37 - routers.auth - INFO - Looking up user with email: admin@idealtransport.com
2025-06-18 14:27:37 - routers.auth - INFO - User authenticated successfully: admin@idealtransport.com
2025-06-18 14:27:41 - routers.auth - INFO - Validating token for /me endpoint
2025-06-18 14:27:41 - routers.auth - INFO - Looking up user with email: admin@idealtransport.com
2025-06-18 14:27:42 - routers.auth - INFO - User authenticated successfully: admin@idealtransport.com
2025-06-18 14:27:42 - routers.auth - INFO - Validating token for /me endpoint
2025-06-18 14:27:42 - routers.auth - INFO - Looking up user with email: admin@idealtransport.com
2025-06-18 14:27:42 - routers.auth - INFO - User authenticated successfully: admin@idealtransport.com
2025-06-18 14:27:56 - routers.auth - INFO - Validating token for /me endpoint
2025-06-18 14:27:56 - routers.auth - INFO - Looking up user with email: admin@idealtransport.com
2025-06-18 14:27:56 - routers.auth - INFO - User authenticated successfully: admin@idealtransport.com
2025-06-18 14:27:56 - routers.auth - INFO - Validating token for /me endpoint
2025-06-18 14:27:56 - routers.auth - INFO - Looking up user with email: admin@idealtransport.com
2025-06-18 14:27:57 - routers.auth - INFO - User authenticated successfully: admin@idealtransport.com
2025-06-18 14:39:47 - routers.auth - INFO - Login attempt for user: admin@idealtransport.com
2025-06-18 14:39:47 - routers.auth - INFO - Authenticating user: admin@idealtransport.com
2025-06-18 14:39:47 - routers.auth - INFO - Looking up user with email: admin@idealtransport.com
2025-06-18 14:39:48 - routers.auth - INFO - User found: admin@idealtransport.com
2025-06-18 14:39:48 - routers.auth - INFO - Authentication successful: admin@idealtransport.com
2025-06-18 14:39:48 - routers.auth - INFO - Login successful: admin@idealtransport.com
2025-06-18 14:39:50 - routers.auth - INFO - Validating token for /me endpoint
2025-06-18 14:39:50 - routers.auth - INFO - Looking up user with email: admin@idealtransport.com
2025-06-18 14:39:50 - routers.auth - INFO - User authenticated successfully: admin@idealtransport.com
2025-06-18 14:39:50 - routers.auth - INFO - Validating token for /me endpoint
2025-06-18 14:39:50 - routers.auth - INFO - Looking up user with email: admin@idealtransport.com
2025-06-18 14:39:51 - routers.auth - INFO - User authenticated successfully: admin@idealtransport.com
2025-06-18 14:39:51 - routers.auth - INFO - Validating token for /me endpoint
2025-06-18 14:39:51 - routers.auth - INFO - Looking up user with email: admin@idealtransport.com
2025-06-18 14:39:52 - routers.auth - INFO - User authenticated successfully: admin@idealtransport.com
2025-06-18 14:39:52 - routers.auth - INFO - Validating token for /me endpoint
2025-06-18 14:39:52 - routers.auth - INFO - Looking up user with email: admin@idealtransport.com
2025-06-18 14:39:52 - routers.auth - INFO - User authenticated successfully: admin@idealtransport.com
2025-06-18 14:42:21 - routers.auth - INFO - Validating token for /me endpoint
2025-06-18 14:42:21 - routers.auth - INFO - Looking up user with email: admin@idealtransport.com
2025-06-18 14:42:21 - routers.auth - INFO - User authenticated successfully: admin@idealtransport.com
2025-06-18 14:42:22 - routers.auth - INFO - Validating token for /me endpoint
2025-06-18 14:42:22 - routers.auth - INFO - Looking up user with email: admin@idealtransport.com
2025-06-18 14:42:22 - routers.auth - INFO - User authenticated successfully: admin@idealtransport.com
2025-06-18 14:43:25 - routers.auth - INFO - Validating token for /me endpoint
2025-06-18 14:43:25 - routers.auth - INFO - Looking up user with email: admin@idealtransport.com
2025-06-18 14:43:25 - routers.auth - INFO - User authenticated successfully: admin@idealtransport.com
2025-06-18 14:43:26 - routers.auth - INFO - Validating token for /me endpoint
2025-06-18 14:43:26 - routers.auth - INFO - Looking up user with email: admin@idealtransport.com
2025-06-18 14:43:26 - routers.auth - INFO - User authenticated successfully: admin@idealtransport.com
2025-06-18 14:43:26 - routers.auth - INFO - Validating token for /me endpoint
2025-06-18 14:43:26 - routers.auth - INFO - Looking up user with email: admin@idealtransport.com
2025-06-18 14:43:27 - routers.auth - INFO - User authenticated successfully: admin@idealtransport.com
2025-06-18 14:43:27 - routers.auth - INFO - Validating token for /me endpoint
2025-06-18 14:43:27 - routers.auth - INFO - Looking up user with email: admin@idealtransport.com
2025-06-18 14:43:28 - routers.auth - INFO - User authenticated successfully: admin@idealtransport.com
2025-06-18 14:53:18 - routers.auth - INFO - Validating token for /me endpoint
2025-06-18 14:53:18 - routers.auth - INFO - Looking up user with email: admin@idealtransport.com
2025-06-18 14:53:19 - routers.auth - INFO - User authenticated successfully: admin@idealtransport.com
2025-06-18 14:53:19 - routers.auth - INFO - Validating token for /me endpoint
2025-06-18 14:53:19 - routers.auth - INFO - Looking up user with email: admin@idealtransport.com
2025-06-18 14:53:20 - routers.auth - INFO - User authenticated successfully: admin@idealtransport.com
2025-06-18 14:59:27 - routers.auth - INFO - Validating token for /me endpoint
2025-06-18 14:59:27 - routers.auth - INFO - Looking up user with email: admin@idealtransport.com
2025-06-18 14:59:28 - routers.auth - INFO - User authenticated successfully: admin@idealtransport.com
2025-06-18 14:59:28 - routers.auth - INFO - Validating token for /me endpoint
2025-06-18 14:59:28 - routers.auth - INFO - Looking up user with email: admin@idealtransport.com
2025-06-18 14:59:28 - routers.auth - INFO - User authenticated successfully: admin@idealtransport.com
2025-06-18 14:59:29 - routers.auth - INFO - Validating token for /me endpoint
2025-06-18 14:59:29 - routers.auth - INFO - Looking up user with email: admin@idealtransport.com
2025-06-18 14:59:29 - routers.auth - INFO - User authenticated successfully: admin@idealtransport.com
2025-06-18 14:59:29 - routers.auth - INFO - Validating token for /me endpoint
2025-06-18 14:59:29 - routers.auth - INFO - Looking up user with email: admin@idealtransport.com
2025-06-18 14:59:30 - routers.auth - INFO - User authenticated successfully: admin@idealtransport.com
2025-06-18 15:14:09 - routers.auth - INFO - Validating token for /me endpoint
2025-06-18 15:14:09 - routers.auth - INFO - Validating token for /me endpoint
2025-06-18 15:14:28 - routers.auth - INFO - Login attempt for user: admin@idealtransport.com
2025-06-18 15:14:28 - routers.auth - INFO - Authenticating user: admin@idealtransport.com
2025-06-18 15:14:28 - routers.auth - INFO - Looking up user with email: admin@idealtransport.com
2025-06-18 15:14:29 - routers.auth - INFO - User found: admin@idealtransport.com
2025-06-18 15:14:29 - routers.auth - INFO - Authentication successful: admin@idealtransport.com
2025-06-18 15:14:29 - routers.auth - INFO - Login successful: admin@idealtransport.com
2025-06-18 15:14:29 - routers.auth - INFO - Validating token for /me endpoint
2025-06-18 15:14:29 - routers.auth - INFO - Looking up user with email: admin@idealtransport.com
2025-06-18 15:14:30 - routers.auth - INFO - User authenticated successfully: admin@idealtransport.com
2025-06-18 15:14:30 - routers.auth - INFO - Validating token for /me endpoint
2025-06-18 15:14:30 - routers.auth - INFO - Looking up user with email: admin@idealtransport.com
2025-06-18 15:14:31 - routers.auth - INFO - User authenticated successfully: admin@idealtransport.com
2025-06-18 15:14:31 - routers.auth - INFO - Validating token for /me endpoint
2025-06-18 15:14:31 - routers.auth - INFO - Looking up user with email: admin@idealtransport.com
2025-06-18 15:14:31 - routers.auth - INFO - User authenticated successfully: admin@idealtransport.com
2025-06-18 15:14:32 - routers.auth - INFO - Validating token for /me endpoint
2025-06-18 15:14:32 - routers.auth - INFO - Looking up user with email: admin@idealtransport.com
2025-06-18 15:14:32 - routers.auth - INFO - User authenticated successfully: admin@idealtransport.com
2025-06-18 15:14:56 - routers.auth - INFO - Validating token for /me endpoint
2025-06-18 15:14:56 - routers.auth - INFO - Looking up user with email: admin@idealtransport.com
2025-06-18 15:14:56 - routers.auth - INFO - User authenticated successfully: admin@idealtransport.com
2025-06-18 15:14:56 - routers.auth - INFO - Validating token for /me endpoint
2025-06-18 15:14:56 - routers.auth - INFO - Looking up user with email: admin@idealtransport.com
2025-06-18 15:14:57 - routers.auth - INFO - User authenticated successfully: admin@idealtransport.com
2025-07-05 11:32:08 - routers.auth - INFO - Login attempt for user: admin@idealtransport.com
2025-07-05 11:32:08 - routers.auth - INFO - Authenticating user: admin@idealtransport.com
2025-07-05 11:32:08 - routers.auth - INFO - Looking up user with email: admin@idealtransport.com
2025-07-05 11:32:08 - routers.auth - INFO - User found: admin@idealtransport.com
2025-07-05 11:32:09 - routers.auth - INFO - Authentication successful: admin@idealtransport.com
2025-07-05 11:32:09 - routers.auth - INFO - Login successful: admin@idealtransport.com
2025-07-05 11:32:13 - routers.auth - INFO - Validating token for /me endpoint
2025-07-05 11:32:13 - routers.auth - INFO - Looking up user with email: admin@idealtransport.com
2025-07-05 11:32:13 - routers.auth - INFO - User authenticated successfully: admin@idealtransport.com
2025-07-05 11:32:14 - routers.auth - INFO - Validating token for /me endpoint
2025-07-05 11:32:14 - routers.auth - INFO - Looking up user with email: admin@idealtransport.com
2025-07-05 11:32:14 - routers.auth - INFO - User authenticated successfully: admin@idealtransport.com
2025-07-05 11:32:14 - routers.auth - INFO - Validating token for /me endpoint
2025-07-05 11:32:14 - routers.auth - INFO - Looking up user with email: admin@idealtransport.com
2025-07-05 11:32:15 - routers.auth - INFO - User authenticated successfully: admin@idealtransport.com
2025-07-05 11:32:15 - routers.auth - INFO - Validating token for /me endpoint
2025-07-05 11:32:15 - routers.auth - INFO - Looking up user with email: admin@idealtransport.com
2025-07-05 11:32:16 - routers.auth - INFO - User authenticated successfully: admin@idealtransport.com
2025-07-05 11:32:16 - routers.auth - INFO - Validating token for /me endpoint
2025-07-05 11:32:16 - routers.auth - INFO - Looking up user with email: admin@idealtransport.com
2025-07-05 11:32:16 - routers.auth - INFO - User authenticated successfully: admin@idealtransport.com
2025-07-05 11:32:16 - routers.auth - INFO - Validating token for /me endpoint
2025-07-05 11:32:16 - routers.auth - INFO - Looking up user with email: admin@idealtransport.com
2025-07-05 11:32:17 - routers.auth - INFO - User authenticated successfully: admin@idealtransport.com
2025-07-05 11:59:23 - routers.auth - INFO - Validating token for /me endpoint
2025-07-05 11:59:23 - routers.auth - INFO - Looking up user with email: admin@idealtransport.com
2025-07-05 11:59:23 - routers.auth - INFO - User authenticated successfully: admin@idealtransport.com
2025-07-05 11:59:24 - routers.auth - INFO - Validating token for /me endpoint
2025-07-05 11:59:24 - routers.auth - INFO - Looking up user with email: admin@idealtransport.com
2025-07-05 11:59:24 - routers.auth - INFO - User authenticated successfully: admin@idealtransport.com
2025-07-05 12:03:41 - routers.auth - INFO - Validating token for /me endpoint
2025-07-05 12:03:41 - routers.auth - INFO - Validating token for /me endpoint
2025-07-05 12:03:41 - routers.auth - INFO - Validating token for /me endpoint
2025-07-05 12:03:41 - routers.auth - INFO - Validating token for /me endpoint
2025-07-05 12:03:48 - routers.auth - INFO - Login attempt for user: admin@idealtransport.com
2025-07-05 12:03:48 - routers.auth - INFO - Authenticating user: admin@idealtransport.com
2025-07-05 12:03:48 - routers.auth - INFO - Looking up user with email: admin@idealtransport.com
2025-07-05 12:03:49 - routers.auth - INFO - User found: admin@idealtransport.com
2025-07-05 12:03:49 - routers.auth - INFO - Authentication successful: admin@idealtransport.com
2025-07-05 12:03:49 - routers.auth - INFO - Login successful: admin@idealtransport.com
2025-07-05 12:03:50 - routers.auth - INFO - Validating token for /me endpoint
2025-07-05 12:03:50 - routers.auth - INFO - Looking up user with email: admin@idealtransport.com
2025-07-05 12:03:50 - routers.auth - INFO - User authenticated successfully: admin@idealtransport.com
2025-07-05 12:03:51 - routers.auth - INFO - Validating token for /me endpoint
2025-07-05 12:03:51 - routers.auth - INFO - Looking up user with email: admin@idealtransport.com
2025-07-05 12:03:51 - routers.auth - INFO - User authenticated successfully: admin@idealtransport.com
2025-07-05 12:03:52 - routers.auth - INFO - Validating token for /me endpoint
2025-07-05 12:03:52 - routers.auth - INFO - Looking up user with email: admin@idealtransport.com
2025-07-05 12:03:52 - routers.auth - INFO - User authenticated successfully: admin@idealtransport.com
2025-07-05 12:03:52 - routers.auth - INFO - Validating token for /me endpoint
2025-07-05 12:03:52 - routers.auth - INFO - Looking up user with email: admin@idealtransport.com
2025-07-05 12:03:53 - routers.auth - INFO - User authenticated successfully: admin@idealtransport.com
2025-07-05 12:03:56 - routers.auth - INFO - Validating token for /me endpoint
2025-07-05 12:03:56 - routers.auth - INFO - Looking up user with email: admin@idealtransport.com
2025-07-05 12:03:57 - routers.auth - INFO - User authenticated successfully: admin@idealtransport.com
2025-07-05 12:03:57 - routers.auth - INFO - Validating token for /me endpoint
2025-07-05 12:03:57 - routers.auth - INFO - Looking up user with email: admin@idealtransport.com
2025-07-05 12:03:57 - routers.auth - INFO - User authenticated successfully: admin@idealtransport.com
2025-07-05 12:22:50 - routers.auth - INFO - Validating token for /me endpoint
2025-07-05 12:22:50 - routers.auth - INFO - Looking up user with email: admin@idealtransport.com
2025-07-05 12:22:50 - routers.auth - INFO - User authenticated successfully: admin@idealtransport.com
2025-07-05 12:22:50 - routers.auth - INFO - Validating token for /me endpoint
2025-07-05 12:22:50 - routers.auth - INFO - Looking up user with email: admin@idealtransport.com
2025-07-05 12:22:51 - routers.auth - INFO - User authenticated successfully: admin@idealtransport.com
2025-07-05 12:23:20 - routers.auth - INFO - Validating token for /me endpoint
2025-07-05 12:23:20 - routers.auth - INFO - Looking up user with email: admin@idealtransport.com
2025-07-05 12:23:21 - routers.auth - INFO - User authenticated successfully: admin@idealtransport.com
2025-07-05 12:23:21 - routers.auth - INFO - Validating token for /me endpoint
2025-07-05 12:23:21 - routers.auth - INFO - Looking up user with email: admin@idealtransport.com
2025-07-05 12:23:22 - routers.auth - INFO - User authenticated successfully: admin@idealtransport.com
2025-07-05 12:51:34 - routers.auth - INFO - Validating token for /me endpoint
2025-07-05 12:51:34 - routers.auth - INFO - Validating token for /me endpoint
2025-07-05 12:51:45 - routers.auth - INFO - Login attempt for user: admin@idealtransport.com
2025-07-05 12:51:45 - routers.auth - INFO - Authenticating user: admin@idealtransport.com
2025-07-05 12:51:45 - routers.auth - INFO - Looking up user with email: admin@idealtransport.com
2025-07-05 12:51:46 - routers.auth - INFO - User found: admin@idealtransport.com
2025-07-05 12:51:46 - routers.auth - INFO - Authentication successful: admin@idealtransport.com
2025-07-05 12:51:46 - routers.auth - INFO - Login successful: admin@idealtransport.com
2025-07-05 12:51:47 - routers.auth - INFO - Validating token for /me endpoint
2025-07-05 12:51:47 - routers.auth - INFO - Looking up user with email: admin@idealtransport.com
2025-07-05 12:51:47 - routers.auth - INFO - User authenticated successfully: admin@idealtransport.com
2025-07-05 12:51:47 - routers.auth - INFO - Validating token for /me endpoint
2025-07-05 12:51:47 - routers.auth - INFO - Looking up user with email: admin@idealtransport.com
2025-07-05 12:51:48 - routers.auth - INFO - User authenticated successfully: admin@idealtransport.com
2025-07-05 12:51:48 - routers.auth - INFO - Validating token for /me endpoint
2025-07-05 12:51:48 - routers.auth - INFO - Looking up user with email: admin@idealtransport.com
2025-07-05 12:51:49 - routers.auth - INFO - User authenticated successfully: admin@idealtransport.com
2025-07-05 12:51:49 - routers.auth - INFO - Validating token for /me endpoint
2025-07-05 12:51:49 - routers.auth - INFO - Looking up user with email: admin@idealtransport.com
2025-07-05 12:51:49 - routers.auth - INFO - User authenticated successfully: admin@idealtransport.com
2025-07-05 12:52:46 - routers.auth - INFO - Validating token for /me endpoint
2025-07-05 12:52:46 - routers.auth - INFO - Looking up user with email: admin@idealtransport.com
2025-07-05 12:52:46 - routers.auth - INFO - User authenticated successfully: admin@idealtransport.com
2025-07-05 12:52:47 - routers.auth - INFO - Validating token for /me endpoint
2025-07-05 12:52:47 - routers.auth - INFO - Looking up user with email: admin@idealtransport.com
2025-07-05 12:52:47 - routers.auth - INFO - User authenticated successfully: admin@idealtransport.com
2025-07-05 13:16:43 - routers.auth - INFO - Validating token for /me endpoint
2025-07-05 13:16:43 - routers.auth - INFO - Looking up user with email: admin@idealtransport.com
2025-07-05 13:16:43 - routers.auth - INFO - User authenticated successfully: admin@idealtransport.com
2025-07-05 13:16:44 - routers.auth - INFO - Validating token for /me endpoint
2025-07-05 13:16:44 - routers.auth - INFO - Looking up user with email: admin@idealtransport.com
2025-07-05 13:16:44 - routers.auth - INFO - User authenticated successfully: admin@idealtransport.com
2025-07-05 13:20:44 - routers.auth - INFO - Validating token for /me endpoint
2025-07-05 13:20:44 - routers.auth - INFO - Looking up user with email: admin@idealtransport.com
2025-07-05 13:20:44 - routers.auth - INFO - User authenticated successfully: admin@idealtransport.com
2025-07-05 13:20:44 - routers.auth - INFO - Validating token for /me endpoint
2025-07-05 13:20:44 - routers.auth - INFO - Looking up user with email: admin@idealtransport.com
2025-07-05 13:20:45 - routers.auth - INFO - User authenticated successfully: admin@idealtransport.com
2025-07-05 13:20:45 - routers.auth - INFO - Validating token for /me endpoint
2025-07-05 13:20:45 - routers.auth - INFO - Looking up user with email: admin@idealtransport.com
2025-07-05 13:20:46 - routers.auth - INFO - User authenticated successfully: admin@idealtransport.com
2025-07-05 13:20:46 - routers.auth - INFO - Validating token for /me endpoint
2025-07-05 13:20:46 - routers.auth - INFO - Looking up user with email: admin@idealtransport.com
2025-07-05 13:20:46 - routers.auth - INFO - User authenticated successfully: admin@idealtransport.com
2025-07-05 13:24:28 - routers.auth - INFO - Validating token for /me endpoint
2025-07-05 13:24:28 - routers.auth - INFO - Validating token for /me endpoint
2025-07-05 13:24:35 - routers.auth - INFO - Login attempt for user: admin@idealtransport.com
2025-07-05 13:24:35 - routers.auth - INFO - Authenticating user: admin@idealtransport.com
2025-07-05 13:24:35 - routers.auth - INFO - Looking up user with email: admin@idealtransport.com
2025-07-05 13:24:35 - routers.auth - INFO - User found: admin@idealtransport.com
2025-07-05 13:24:36 - routers.auth - INFO - Authentication successful: admin@idealtransport.com
2025-07-05 13:24:36 - routers.auth - INFO - Login successful: admin@idealtransport.com
2025-07-05 13:24:36 - routers.auth - INFO - Validating token for /me endpoint
2025-07-05 13:24:36 - routers.auth - INFO - Looking up user with email: admin@idealtransport.com
2025-07-05 13:24:37 - routers.auth - INFO - User authenticated successfully: admin@idealtransport.com
2025-07-05 13:24:37 - routers.auth - INFO - Validating token for /me endpoint
2025-07-05 13:24:37 - routers.auth - INFO - Looking up user with email: admin@idealtransport.com
2025-07-05 13:24:37 - routers.auth - INFO - User authenticated successfully: admin@idealtransport.com
2025-07-05 13:24:38 - routers.auth - INFO - Validating token for /me endpoint
2025-07-05 13:24:38 - routers.auth - INFO - Looking up user with email: admin@idealtransport.com
2025-07-05 13:24:38 - routers.auth - INFO - User authenticated successfully: admin@idealtransport.com
2025-07-05 13:24:38 - routers.auth - INFO - Validating token for /me endpoint
2025-07-05 13:24:38 - routers.auth - INFO - Looking up user with email: admin@idealtransport.com
2025-07-05 13:24:39 - routers.auth - INFO - User authenticated successfully: admin@idealtransport.com
2025-07-05 13:24:39 - routers.auth - INFO - Validating token for /me endpoint
2025-07-05 13:24:39 - routers.auth - INFO - Looking up user with email: admin@idealtransport.com
2025-07-05 13:24:39 - routers.auth - INFO - User authenticated successfully: admin@idealtransport.com
2025-07-05 13:24:40 - routers.auth - INFO - Validating token for /me endpoint
2025-07-05 13:24:40 - routers.auth - INFO - Looking up user with email: admin@idealtransport.com
2025-07-05 13:24:40 - routers.auth - INFO - User authenticated successfully: admin@idealtransport.com
2025-07-07 12:09:18 - routers.auth - INFO - Login attempt for user: admin@idealtransport.com
2025-07-07 12:09:18 - routers.auth - INFO - Authenticating user: admin@idealtransport.com
2025-07-07 12:09:18 - routers.auth - INFO - Looking up user with email: admin@idealtransport.com
2025-07-07 12:09:19 - routers.auth - INFO - User found: admin@idealtransport.com
2025-07-07 12:09:19 - routers.auth - INFO - Authentication successful: admin@idealtransport.com
2025-07-07 12:09:19 - routers.auth - INFO - Login successful: admin@idealtransport.com
2025-07-07 12:09:22 - routers.auth - INFO - Validating token for /me endpoint
2025-07-07 12:09:23 - routers.auth - INFO - Looking up user with email: admin@idealtransport.com
2025-07-07 12:09:23 - routers.auth - INFO - User authenticated successfully: admin@idealtransport.com
2025-07-07 12:09:23 - routers.auth - INFO - Validating token for /me endpoint
2025-07-07 12:09:23 - routers.auth - INFO - Looking up user with email: admin@idealtransport.com
2025-07-07 12:09:24 - routers.auth - INFO - User authenticated successfully: admin@idealtransport.com
2025-07-07 12:09:24 - routers.auth - INFO - Validating token for /me endpoint
2025-07-07 12:09:24 - routers.auth - INFO - Looking up user with email: admin@idealtransport.com
2025-07-07 12:09:25 - routers.auth - INFO - User authenticated successfully: admin@idealtransport.com
2025-07-07 12:09:25 - routers.auth - INFO - Validating token for /me endpoint
2025-07-07 12:09:25 - routers.auth - INFO - Looking up user with email: admin@idealtransport.com
2025-07-07 12:09:25 - routers.auth - INFO - User authenticated successfully: admin@idealtransport.com
2025-07-21 12:09:28 - routers.auth - INFO - Login attempt for user: admin@idealtransport.com
2025-07-21 12:09:28 - routers.auth - INFO - Authenticating user: admin@idealtransport.com
2025-07-21 12:09:28 - routers.auth - INFO - Looking up user with email: admin@idealtransport.com
2025-07-21 12:09:28 - routers.auth - INFO - User found: admin@idealtransport.com
2025-07-21 12:09:29 - routers.auth - INFO - Authentication successful: admin@idealtransport.com
2025-07-21 12:09:29 - routers.auth - INFO - Login successful: admin@idealtransport.com
2025-07-21 12:09:30 - routers.auth - INFO - Validating token for /me endpoint
2025-07-21 12:09:30 - routers.auth - INFO - Looking up user with email: admin@idealtransport.com
2025-07-21 12:09:30 - routers.auth - INFO - User authenticated successfully: admin@idealtransport.com
2025-07-21 12:09:30 - routers.auth - INFO - Validating token for /me endpoint
2025-07-21 12:09:30 - routers.auth - INFO - Looking up user with email: admin@idealtransport.com
2025-07-21 12:09:31 - routers.auth - INFO - User authenticated successfully: admin@idealtransport.com
2025-07-21 12:09:31 - routers.auth - INFO - Validating token for /me endpoint
2025-07-21 12:09:31 - routers.auth - INFO - Looking up user with email: admin@idealtransport.com
2025-07-21 12:09:32 - routers.auth - INFO - User authenticated successfully: admin@idealtransport.com
2025-07-21 12:09:32 - routers.auth - INFO - Validating token for /me endpoint
2025-07-21 12:09:32 - routers.auth - INFO - Looking up user with email: admin@idealtransport.com
2025-07-21 12:09:33 - routers.auth - INFO - User authenticated successfully: admin@idealtransport.com
2025-07-21 21:54:17 - routers.auth - INFO - Login attempt for user: admin@idealtransport.com
2025-07-21 21:54:17 - routers.auth - INFO - Authenticating user: admin@idealtransport.com
2025-07-21 21:54:17 - routers.auth - INFO - Looking up user with email: admin@idealtransport.com
2025-07-21 21:54:18 - routers.auth - INFO - User found: admin@idealtransport.com
2025-07-21 21:54:18 - routers.auth - INFO - Authentication successful: admin@idealtransport.com
2025-07-21 21:54:18 - routers.auth - INFO - Login successful: admin@idealtransport.com
2025-07-21 21:54:19 - routers.auth - INFO - Validating token for /me endpoint
2025-07-21 21:54:19 - routers.auth - INFO - Looking up user with email: admin@idealtransport.com
2025-07-21 21:54:20 - routers.auth - INFO - User authenticated successfully: admin@idealtransport.com
2025-07-21 21:54:20 - routers.auth - INFO - Validating token for /me endpoint
2025-07-21 21:54:20 - routers.auth - INFO - Looking up user with email: admin@idealtransport.com
2025-07-21 21:54:20 - routers.auth - INFO - User authenticated successfully: admin@idealtransport.com
2025-07-21 21:54:21 - routers.auth - INFO - Validating token for /me endpoint
2025-07-21 21:54:21 - routers.auth - INFO - Looking up user with email: admin@idealtransport.com
2025-07-21 21:54:21 - routers.auth - INFO - User authenticated successfully: admin@idealtransport.com
2025-07-21 21:54:21 - routers.auth - INFO - Validating token for /me endpoint
2025-07-21 21:54:21 - routers.auth - INFO - Looking up user with email: admin@idealtransport.com
2025-07-21 21:54:22 - routers.auth - INFO - User authenticated successfully: admin@idealtransport.com
2025-08-05 11:35:21 - routers.auth - INFO - Login attempt for user: admin@idealtransport.com
2025-08-05 11:35:21 - routers.auth - INFO - Authenticating user: admin@idealtransport.com
2025-08-05 11:35:21 - routers.auth - INFO - Looking up user with email: admin@idealtransport.com
2025-08-05 11:35:22 - routers.auth - INFO - User found: admin@idealtransport.com
2025-08-05 11:35:22 - routers.auth - INFO - Authentication successful: admin@idealtransport.com
2025-08-05 11:35:22 - routers.auth - INFO - Login successful: admin@idealtransport.com
2025-08-05 11:35:23 - routers.auth - INFO - Validating token for /me endpoint
2025-08-05 11:35:23 - routers.auth - INFO - Looking up user with email: admin@idealtransport.com
2025-08-05 11:35:24 - routers.auth - INFO - User authenticated successfully: admin@idealtransport.com
2025-08-05 11:35:24 - routers.auth - INFO - Validating token for /me endpoint
2025-08-05 11:35:24 - routers.auth - INFO - Looking up user with email: admin@idealtransport.com
2025-08-05 11:35:24 - routers.auth - INFO - User authenticated successfully: admin@idealtransport.com
2025-08-05 11:35:25 - routers.auth - INFO - Validating token for /me endpoint
2025-08-05 11:35:25 - routers.auth - INFO - Looking up user with email: admin@idealtransport.com
2025-08-05 11:35:25 - routers.auth - INFO - User authenticated successfully: admin@idealtransport.com
2025-08-05 11:35:25 - routers.auth - INFO - Validating token for /me endpoint
2025-08-05 11:35:25 - routers.auth - INFO - Looking up user with email: admin@idealtransport.com
2025-08-05 11:35:26 - routers.auth - INFO - User authenticated successfully: admin@idealtransport.com
2025-08-05 12:07:19 - routers.auth - INFO - Validating token for /me endpoint
2025-08-05 12:07:19 - routers.auth - INFO - Validating token for /me endpoint
2025-08-05 12:07:30 - routers.auth - INFO - Login attempt for user: admin@idealtransport.com
2025-08-05 12:07:30 - routers.auth - INFO - Authenticating user: admin@idealtransport.com
2025-08-05 12:07:30 - routers.auth - INFO - Looking up user with email: admin@idealtransport.com
2025-08-05 12:07:30 - routers.auth - INFO - User found: admin@idealtransport.com
2025-08-05 12:07:31 - routers.auth - WARNING - Authentication failed: Invalid password - admin@idealtransport.com
2025-08-05 12:07:31 - routers.auth - WARNING - Login failed: Invalid credentials - admin@idealtransport.com
2025-08-05 12:07:47 - routers.auth - INFO - Login attempt for user: admin@idealtransport.com
2025-08-05 12:07:47 - routers.auth - INFO - Authenticating user: admin@idealtransport.com
2025-08-05 12:07:47 - routers.auth - INFO - Looking up user with email: admin@idealtransport.com
2025-08-05 12:07:48 - routers.auth - INFO - User found: admin@idealtransport.com
2025-08-05 12:07:48 - routers.auth - INFO - Authentication successful: admin@idealtransport.com
2025-08-05 12:07:48 - routers.auth - INFO - Login successful: admin@idealtransport.com
2025-08-05 12:07:49 - routers.auth - INFO - Validating token for /me endpoint
2025-08-05 12:07:49 - routers.auth - INFO - Looking up user with email: admin@idealtransport.com
2025-08-05 12:07:49 - routers.auth - INFO - User authenticated successfully: admin@idealtransport.com
2025-08-05 12:07:49 - routers.auth - INFO - Validating token for /me endpoint
2025-08-05 12:07:49 - routers.auth - INFO - Looking up user with email: admin@idealtransport.com
2025-08-05 12:07:50 - routers.auth - INFO - User authenticated successfully: admin@idealtransport.com
2025-08-05 12:07:50 - routers.auth - INFO - Validating token for /me endpoint
2025-08-05 12:07:50 - routers.auth - INFO - Looking up user with email: admin@idealtransport.com
2025-08-05 12:07:50 - routers.auth - INFO - User authenticated successfully: admin@idealtransport.com
2025-08-05 12:07:51 - routers.auth - INFO - Validating token for /me endpoint
2025-08-05 12:07:51 - routers.auth - INFO - Looking up user with email: admin@idealtransport.com
2025-08-05 12:07:51 - routers.auth - INFO - User authenticated successfully: admin@idealtransport.com
2025-08-05 12:08:06 - routers.auth - INFO - Validating token for /me endpoint
2025-08-05 12:08:06 - routers.auth - INFO - Looking up user with email: admin@idealtransport.com
2025-08-05 12:08:07 - routers.auth - INFO - User authenticated successfully: admin@idealtransport.com
2025-08-05 12:08:07 - routers.auth - INFO - Validating token for /me endpoint
2025-08-05 12:08:07 - routers.auth - INFO - Looking up user with email: admin@idealtransport.com
2025-08-05 12:08:07 - routers.auth - INFO - User authenticated successfully: admin@idealtransport.com
2025-08-05 14:28:08 - routers.auth - INFO - Login attempt for user: admin@idealtransport.com
2025-08-05 14:28:08 - routers.auth - INFO - Authenticating user: admin@idealtransport.com
2025-08-05 14:28:08 - routers.auth - INFO - Looking up user with email: admin@idealtransport.com
2025-08-05 14:28:09 - routers.auth - INFO - User found: admin@idealtransport.com
2025-08-05 14:28:09 - routers.auth - INFO - Authentication successful: admin@idealtransport.com
2025-08-05 14:28:09 - routers.auth - INFO - Login successful: admin@idealtransport.com
2025-08-05 14:28:10 - routers.auth - INFO - Validating token for /me endpoint
2025-08-05 14:28:10 - routers.auth - INFO - Looking up user with email: admin@idealtransport.com
2025-08-05 14:28:10 - routers.auth - INFO - User authenticated successfully: admin@idealtransport.com
2025-08-05 14:28:10 - routers.auth - INFO - Validating token for /me endpoint
2025-08-05 14:28:10 - routers.auth - INFO - Looking up user with email: admin@idealtransport.com
2025-08-05 14:28:11 - routers.auth - INFO - User authenticated successfully: admin@idealtransport.com
2025-08-05 14:28:11 - routers.auth - INFO - Validating token for /me endpoint
2025-08-05 14:28:11 - routers.auth - INFO - Looking up user with email: admin@idealtransport.com
2025-08-05 14:28:11 - routers.auth - INFO - User authenticated successfully: admin@idealtransport.com
2025-08-05 14:28:12 - routers.auth - INFO - Validating token for /me endpoint
2025-08-05 14:28:12 - routers.auth - INFO - Looking up user with email: admin@idealtransport.com
2025-08-05 14:28:12 - routers.auth - INFO - User authenticated successfully: admin@idealtransport.com
2025-08-05 14:28:12 - routers.auth - INFO - Validating token for /me endpoint
2025-08-05 14:28:12 - routers.auth - INFO - Looking up user with email: admin@idealtransport.com
2025-08-05 14:28:13 - routers.auth - INFO - User authenticated successfully: admin@idealtransport.com
2025-08-05 14:28:13 - routers.auth - INFO - Validating token for /me endpoint
2025-08-05 14:28:13 - routers.auth - INFO - Looking up user with email: admin@idealtransport.com
2025-08-05 14:28:13 - routers.auth - INFO - User authenticated successfully: admin@idealtransport.com
2025-08-05 14:32:59 - routers.auth - INFO - Validating token for /me endpoint
2025-08-05 14:32:59 - routers.auth - INFO - Looking up user with email: admin@idealtransport.com
2025-08-05 14:33:00 - routers.auth - INFO - User authenticated successfully: admin@idealtransport.com
2025-08-05 14:33:00 - routers.auth - INFO - Validating token for /me endpoint
2025-08-05 14:33:00 - routers.auth - INFO - Looking up user with email: admin@idealtransport.com
2025-08-05 14:33:00 - routers.auth - INFO - User authenticated successfully: admin@idealtransport.com
2025-08-05 16:50:24 - routers.auth - INFO - Login attempt for user: admin@idealtransport.com
2025-08-05 16:50:24 - routers.auth - INFO - Authenticating user: admin@idealtransport.com
2025-08-05 16:50:24 - routers.auth - INFO - Looking up user with email: admin@idealtransport.com
2025-08-05 16:50:25 - routers.auth - INFO - User found: admin@idealtransport.com
2025-08-05 16:50:25 - routers.auth - INFO - Authentication successful: admin@idealtransport.com
2025-08-05 16:50:25 - routers.auth - INFO - Login successful: admin@idealtransport.com
2025-08-05 16:50:26 - routers.auth - INFO - Validating token for /me endpoint
2025-08-05 16:50:26 - routers.auth - INFO - Looking up user with email: admin@idealtransport.com
2025-08-05 16:50:26 - routers.auth - INFO - User authenticated successfully: admin@idealtransport.com
2025-08-05 16:50:27 - routers.auth - INFO - Validating token for /me endpoint
2025-08-05 16:50:27 - routers.auth - INFO - Looking up user with email: admin@idealtransport.com
2025-08-05 16:50:27 - routers.auth - INFO - User authenticated successfully: admin@idealtransport.com
2025-08-05 16:50:27 - routers.auth - INFO - Validating token for /me endpoint
2025-08-05 16:50:27 - routers.auth - INFO - Looking up user with email: admin@idealtransport.com
2025-08-05 16:50:28 - routers.auth - INFO - User authenticated successfully: admin@idealtransport.com
2025-08-05 16:50:28 - routers.auth - INFO - Validating token for /me endpoint
2025-08-05 16:50:28 - routers.auth - INFO - Looking up user with email: admin@idealtransport.com
2025-08-05 16:50:28 - routers.auth - INFO - User authenticated successfully: admin@idealtransport.com
2025-08-05 16:50:29 - routers.auth - INFO - Validating token for /me endpoint
2025-08-05 16:50:29 - routers.auth - INFO - Looking up user with email: admin@idealtransport.com
2025-08-05 16:50:29 - routers.auth - INFO - User authenticated successfully: admin@idealtransport.com
2025-08-05 16:50:29 - routers.auth - INFO - Validating token for /me endpoint
2025-08-05 16:50:29 - routers.auth - INFO - Looking up user with email: admin@idealtransport.com
2025-08-05 16:50:30 - routers.auth - INFO - User authenticated successfully: admin@idealtransport.com
2025-08-05 16:58:59 - routers.auth - INFO - Login attempt for user: admin@idealtransport.com
2025-08-05 16:58:59 - routers.auth - INFO - Authenticating user: admin@idealtransport.com
2025-08-05 16:58:59 - routers.auth - INFO - Looking up user with email: admin@idealtransport.com
2025-08-05 16:59:00 - routers.auth - INFO - User found: admin@idealtransport.com
2025-08-05 16:59:00 - routers.auth - INFO - Authentication successful: admin@idealtransport.com
2025-08-05 16:59:00 - routers.auth - INFO - Login successful: admin@idealtransport.com
2025-08-05 16:59:01 - routers.auth - INFO - Validating token for /me endpoint
2025-08-05 16:59:01 - routers.auth - INFO - Looking up user with email: admin@idealtransport.com
2025-08-05 16:59:01 - routers.auth - INFO - User authenticated successfully: admin@idealtransport.com
2025-08-05 16:59:01 - routers.auth - INFO - Validating token for /me endpoint
2025-08-05 16:59:01 - routers.auth - INFO - Looking up user with email: admin@idealtransport.com
2025-08-05 16:59:02 - routers.auth - INFO - User authenticated successfully: admin@idealtransport.com
2025-08-05 16:59:02 - routers.auth - INFO - Validating token for /me endpoint
2025-08-05 16:59:02 - routers.auth - INFO - Looking up user with email: admin@idealtransport.com
2025-08-05 16:59:02 - routers.auth - INFO - User authenticated successfully: admin@idealtransport.com
2025-08-05 16:59:03 - routers.auth - INFO - Validating token for /me endpoint
2025-08-05 16:59:03 - routers.auth - INFO - Looking up user with email: admin@idealtransport.com
2025-08-05 16:59:03 - routers.auth - INFO - User authenticated successfully: admin@idealtransport.com
2025-08-05 17:09:05 - routers.auth - INFO - Validating token for /me endpoint
2025-08-05 17:09:05 - routers.auth - INFO - Looking up user with email: admin@idealtransport.com
2025-08-05 17:09:05 - routers.auth - INFO - User authenticated successfully: admin@idealtransport.com
2025-08-05 17:09:06 - routers.auth - INFO - Validating token for /me endpoint
2025-08-05 17:09:06 - routers.auth - INFO - Looking up user with email: admin@idealtransport.com
2025-08-05 17:09:06 - routers.auth - INFO - User authenticated successfully: admin@idealtransport.com
2025-08-05 17:12:00 - routers.auth - INFO - Validating token for /me endpoint
2025-08-05 17:12:00 - routers.auth - INFO - Looking up user with email: admin@idealtransport.com
2025-08-05 17:12:01 - routers.auth - INFO - User authenticated successfully: admin@idealtransport.com
2025-08-05 17:12:01 - routers.auth - INFO - Validating token for /me endpoint
2025-08-05 17:12:01 - routers.auth - INFO - Looking up user with email: admin@idealtransport.com
2025-08-05 17:12:01 - routers.auth - INFO - User authenticated successfully: admin@idealtransport.com
2025-08-05 17:12:46 - routers.auth - INFO - Validating token for /me endpoint
2025-08-05 17:12:46 - routers.auth - INFO - Looking up user with email: admin@idealtransport.com
2025-08-05 17:12:46 - routers.auth - INFO - User authenticated successfully: admin@idealtransport.com
2025-08-05 17:12:46 - routers.auth - INFO - Validating token for /me endpoint
2025-08-05 17:12:46 - routers.auth - INFO - Looking up user with email: admin@idealtransport.com
2025-08-05 17:12:47 - routers.auth - INFO - User authenticated successfully: admin@idealtransport.com
2025-08-05 23:08:08 - routers.auth - INFO - Login attempt for user: admin@idealtransport.com
2025-08-05 23:08:08 - routers.auth - INFO - Authenticating user: admin@idealtransport.com
2025-08-05 23:08:08 - routers.auth - INFO - Looking up user with email: admin@idealtransport.com
2025-08-05 23:08:08 - routers.auth - INFO - User found: admin@idealtransport.com
2025-08-05 23:08:09 - routers.auth - INFO - Authentication successful: admin@idealtransport.com
2025-08-05 23:08:09 - routers.auth - INFO - Login successful: admin@idealtransport.com
2025-08-05 23:08:10 - routers.auth - INFO - Validating token for /me endpoint
2025-08-05 23:08:10 - routers.auth - INFO - Looking up user with email: admin@idealtransport.com
2025-08-05 23:08:11 - routers.auth - INFO - User authenticated successfully: admin@idealtransport.com
2025-08-05 23:08:11 - routers.auth - INFO - Validating token for /me endpoint
2025-08-05 23:08:11 - routers.auth - INFO - Looking up user with email: admin@idealtransport.com
2025-08-05 23:08:11 - routers.auth - INFO - User authenticated successfully: admin@idealtransport.com
2025-08-05 23:08:11 - routers.auth - INFO - Validating token for /me endpoint
2025-08-05 23:08:11 - routers.auth - INFO - Looking up user with email: admin@idealtransport.com
2025-08-05 23:08:12 - routers.auth - INFO - User authenticated successfully: admin@idealtransport.com
2025-08-05 23:08:12 - routers.auth - INFO - Validating token for /me endpoint
2025-08-05 23:08:12 - routers.auth - INFO - Looking up user with email: admin@idealtransport.com
2025-08-05 23:08:13 - routers.auth - INFO - User authenticated successfully: admin@idealtransport.com
2025-08-05 23:08:15 - routers.auth - INFO - Validating token for /me endpoint
2025-08-05 23:08:15 - routers.auth - INFO - Looking up user with email: admin@idealtransport.com
2025-08-05 23:08:15 - routers.auth - INFO - User authenticated successfully: admin@idealtransport.com
2025-08-05 23:08:15 - routers.auth - INFO - Validating token for /me endpoint
2025-08-05 23:08:15 - routers.auth - INFO - Looking up user with email: admin@idealtransport.com
2025-08-05 23:08:16 - routers.auth - INFO - User authenticated successfully: admin@idealtransport.com
2025-08-05 23:11:21 - routers.auth - INFO - Validating token for /me endpoint
2025-08-05 23:11:21 - routers.auth - INFO - Looking up user with email: admin@idealtransport.com
2025-08-05 23:11:22 - routers.auth - INFO - User authenticated successfully: admin@idealtransport.com
2025-08-05 23:11:22 - routers.auth - INFO - Validating token for /me endpoint
2025-08-05 23:11:22 - routers.auth - INFO - Looking up user with email: admin@idealtransport.com
2025-08-05 23:11:22 - routers.auth - INFO - User authenticated successfully: admin@idealtransport.com
2025-08-05 23:13:18 - routers.auth - INFO - Validating token for /me endpoint
2025-08-05 23:13:18 - routers.auth - INFO - Looking up user with email: admin@idealtransport.com
2025-08-05 23:13:18 - routers.auth - INFO - User authenticated successfully: admin@idealtransport.com
2025-08-05 23:13:19 - routers.auth - INFO - Validating token for /me endpoint
2025-08-05 23:13:19 - routers.auth - INFO - Looking up user with email: admin@idealtransport.com
2025-08-05 23:13:19 - routers.auth - INFO - User authenticated successfully: admin@idealtransport.com
2025-08-06 08:06:56 - routers.auth - INFO - Login attempt for user: admin@idealtransport.com
2025-08-06 08:06:57 - routers.auth - INFO - Authenticating user: admin@idealtransport.com
2025-08-06 08:06:57 - routers.auth - INFO - Looking up user with email: admin@idealtransport.com
2025-08-06 08:06:57 - routers.auth - INFO - User found: admin@idealtransport.com
2025-08-06 08:06:58 - routers.auth - INFO - Authentication successful: admin@idealtransport.com
2025-08-06 08:06:58 - routers.auth - INFO - Login successful: admin@idealtransport.com
2025-08-06 08:06:59 - routers.auth - INFO - Validating token for /me endpoint
2025-08-06 08:06:59 - routers.auth - INFO - Looking up user with email: admin@idealtransport.com
2025-08-06 08:06:59 - routers.auth - INFO - User authenticated successfully: admin@idealtransport.com
2025-08-06 08:06:59 - routers.auth - INFO - Validating token for /me endpoint
2025-08-06 08:06:59 - routers.auth - INFO - Looking up user with email: admin@idealtransport.com
2025-08-06 08:07:00 - routers.auth - INFO - User authenticated successfully: admin@idealtransport.com
2025-08-06 08:07:00 - routers.auth - INFO - Validating token for /me endpoint
2025-08-06 08:07:00 - routers.auth - INFO - Looking up user with email: admin@idealtransport.com
2025-08-06 08:07:01 - routers.auth - INFO - User authenticated successfully: admin@idealtransport.com
2025-08-06 08:07:01 - routers.auth - INFO - Validating token for /me endpoint
2025-08-06 08:07:01 - routers.auth - INFO - Looking up user with email: admin@idealtransport.com
2025-08-06 08:07:01 - routers.auth - INFO - User authenticated successfully: admin@idealtransport.com
2025-08-06 08:07:09 - routers.auth - INFO - Validating token for /me endpoint
2025-08-06 08:07:09 - routers.auth - INFO - Looking up user with email: admin@idealtransport.com
2025-08-06 08:07:09 - routers.auth - INFO - User authenticated successfully: admin@idealtransport.com
2025-08-06 08:07:09 - routers.auth - INFO - Validating token for /me endpoint
2025-08-06 08:07:09 - routers.auth - INFO - Looking up user with email: admin@idealtransport.com
2025-08-06 08:07:10 - routers.auth - INFO - User authenticated successfully: admin@idealtransport.com
2025-08-06 08:10:52 - routers.auth - INFO - Validating token for /me endpoint
2025-08-06 08:10:52 - routers.auth - INFO - Looking up user with email: admin@idealtransport.com
2025-08-06 08:10:53 - routers.auth - INFO - User authenticated successfully: admin@idealtransport.com
2025-08-06 08:10:53 - routers.auth - INFO - Validating token for /me endpoint
2025-08-06 08:10:53 - routers.auth - INFO - Looking up user with email: admin@idealtransport.com
2025-08-06 08:10:54 - routers.auth - INFO - User authenticated successfully: admin@idealtransport.com
2025-08-06 08:18:28 - routers.auth - INFO - Validating token for /me endpoint
2025-08-06 08:18:28 - routers.auth - INFO - Looking up user with email: admin@idealtransport.com
2025-08-06 08:18:28 - routers.auth - INFO - User authenticated successfully: admin@idealtransport.com
2025-08-06 08:18:29 - routers.auth - INFO - Validating token for /me endpoint
2025-08-06 08:18:29 - routers.auth - INFO - Looking up user with email: admin@idealtransport.com
2025-08-06 08:18:29 - routers.auth - INFO - User authenticated successfully: admin@idealtransport.com
2025-08-06 08:21:24 - routers.auth - INFO - Validating token for /me endpoint
2025-08-06 08:21:24 - routers.auth - INFO - Looking up user with email: admin@idealtransport.com
2025-08-06 08:21:24 - routers.auth - INFO - User authenticated successfully: admin@idealtransport.com
2025-08-06 08:21:24 - routers.auth - INFO - Validating token for /me endpoint
2025-08-06 08:21:24 - routers.auth - INFO - Looking up user with email: admin@idealtransport.com
2025-08-06 08:21:25 - routers.auth - INFO - User authenticated successfully: admin@idealtransport.com
2025-08-06 08:26:24 - routers.auth - INFO - Validating token for /me endpoint
2025-08-06 08:26:24 - routers.auth - INFO - Looking up user with email: admin@idealtransport.com
2025-08-06 08:26:25 - routers.auth - INFO - User authenticated successfully: admin@idealtransport.com
2025-08-06 08:26:25 - routers.auth - INFO - Validating token for /me endpoint
2025-08-06 08:26:25 - routers.auth - INFO - Looking up user with email: admin@idealtransport.com
2025-08-06 08:26:25 - routers.auth - INFO - User authenticated successfully: admin@idealtransport.com
2025-08-06 08:31:03 - routers.auth - INFO - Validating token for /me endpoint
2025-08-06 08:31:03 - routers.auth - INFO - Looking up user with email: admin@idealtransport.com
2025-08-06 08:31:04 - routers.auth - INFO - User authenticated successfully: admin@idealtransport.com
2025-08-06 08:31:04 - routers.auth - INFO - Validating token for /me endpoint
2025-08-06 08:31:04 - routers.auth - INFO - Looking up user with email: admin@idealtransport.com
2025-08-06 08:31:04 - routers.auth - INFO - User authenticated successfully: admin@idealtransport.com
2025-08-06 08:46:24 - routers.auth - INFO - Login attempt for user: admin@idealtransport.com
2025-08-06 08:46:24 - routers.auth - INFO - Authenticating user: admin@idealtransport.com
2025-08-06 08:46:24 - routers.auth - INFO - Looking up user with email: admin@idealtransport.com
2025-08-06 08:46:24 - routers.auth - INFO - User found: admin@idealtransport.com
2025-08-06 08:46:25 - routers.auth - INFO - Authentication successful: admin@idealtransport.com
2025-08-06 08:46:25 - routers.auth - INFO - Login successful: admin@idealtransport.com
2025-08-06 08:46:25 - routers.auth - INFO - Validating token for /me endpoint
2025-08-06 08:46:25 - routers.auth - INFO - Looking up user with email: admin@idealtransport.com
2025-08-06 08:46:26 - routers.auth - INFO - User authenticated successfully: admin@idealtransport.com
2025-08-06 08:46:26 - routers.auth - INFO - Validating token for /me endpoint
2025-08-06 08:46:26 - routers.auth - INFO - Looking up user with email: admin@idealtransport.com
2025-08-06 08:46:26 - routers.auth - INFO - User authenticated successfully: admin@idealtransport.com
2025-08-06 08:46:27 - routers.auth - INFO - Validating token for /me endpoint
2025-08-06 08:46:27 - routers.auth - INFO - Looking up user with email: admin@idealtransport.com
2025-08-06 08:46:27 - routers.auth - INFO - User authenticated successfully: admin@idealtransport.com
2025-08-06 08:46:27 - routers.auth - INFO - Validating token for /me endpoint
2025-08-06 08:46:27 - routers.auth - INFO - Looking up user with email: admin@idealtransport.com
2025-08-06 08:46:28 - routers.auth - INFO - User authenticated successfully: admin@idealtransport.com
2025-08-06 08:49:08 - routers.auth - INFO - Validating token for /me endpoint
2025-08-06 08:49:08 - routers.auth - INFO - Looking up user with email: admin@idealtransport.com
2025-08-06 08:49:08 - routers.auth - INFO - User authenticated successfully: admin@idealtransport.com
2025-08-06 08:49:08 - routers.auth - INFO - Validating token for /me endpoint
2025-08-06 08:49:08 - routers.auth - INFO - Looking up user with email: admin@idealtransport.com
2025-08-06 08:49:09 - routers.auth - INFO - User authenticated successfully: admin@idealtransport.com
2025-08-06 08:49:51 - routers.auth - INFO - Validating token for /me endpoint
2025-08-06 08:49:51 - routers.auth - INFO - Looking up user with email: admin@idealtransport.com
2025-08-06 08:49:52 - routers.auth - INFO - User authenticated successfully: admin@idealtransport.com
2025-08-06 08:49:52 - routers.auth - INFO - Validating token for /me endpoint
2025-08-06 08:49:52 - routers.auth - INFO - Looking up user with email: admin@idealtransport.com
2025-08-06 08:49:52 - routers.auth - INFO - User authenticated successfully: admin@idealtransport.com
2025-08-08 12:30:35 - routers.auth - INFO - Login attempt for user: admin@idealtransport.com
2025-08-08 12:30:35 - routers.auth - INFO - Authenticating user: admin@idealtransport.com
2025-08-08 12:30:35 - routers.auth - INFO - Looking up user with email: admin@idealtransport.com
2025-08-08 12:30:35 - routers.auth - INFO - User found: admin@idealtransport.com
2025-08-08 12:30:36 - routers.auth - INFO - Authentication successful: admin@idealtransport.com
2025-08-08 12:30:36 - routers.auth - INFO - Login successful: admin@idealtransport.com
2025-08-08 12:30:38 - routers.auth - INFO - Validating token for /me endpoint
2025-08-08 12:30:38 - routers.auth - INFO - Looking up user with email: admin@idealtransport.com
2025-08-08 12:30:38 - routers.auth - INFO - User authenticated successfully: admin@idealtransport.com
2025-08-08 12:30:38 - routers.auth - INFO - Validating token for /me endpoint
2025-08-08 12:30:38 - routers.auth - INFO - Looking up user with email: admin@idealtransport.com
2025-08-08 12:30:40 - routers.auth - INFO - User authenticated successfully: admin@idealtransport.com
2025-08-08 12:30:40 - routers.auth - INFO - Validating token for /me endpoint
2025-08-08 12:30:40 - routers.auth - INFO - Looking up user with email: admin@idealtransport.com
2025-08-08 12:30:41 - routers.auth - INFO - User authenticated successfully: admin@idealtransport.com
2025-08-08 12:30:41 - routers.auth - INFO - Validating token for /me endpoint
2025-08-08 12:30:41 - routers.auth - INFO - Looking up user with email: admin@idealtransport.com
2025-08-08 12:30:43 - routers.auth - INFO - User authenticated successfully: admin@idealtransport.com
2025-08-08 12:30:46 - routers.auth - INFO - Validating token for /me endpoint
2025-08-08 12:30:46 - routers.auth - INFO - Looking up user with email: admin@idealtransport.com
2025-08-08 12:30:46 - routers.auth - INFO - User authenticated successfully: admin@idealtransport.com
2025-08-08 12:30:46 - routers.auth - INFO - Validating token for /me endpoint
2025-08-08 12:30:46 - routers.auth - INFO - Looking up user with email: admin@idealtransport.com
2025-08-08 12:30:47 - routers.auth - INFO - User authenticated successfully: admin@idealtransport.com
2025-08-08 12:30:47 - routers.auth - INFO - Validating token for /me endpoint
2025-08-08 12:30:47 - routers.auth - INFO - Looking up user with email: admin@idealtransport.com
2025-08-08 12:30:47 - routers.auth - INFO - User authenticated successfully: admin@idealtransport.com
2025-08-08 12:30:47 - routers.auth - INFO - Validating token for /me endpoint
2025-08-08 12:30:47 - routers.auth - INFO - Looking up user with email: admin@idealtransport.com
2025-08-08 12:30:48 - routers.auth - INFO - User authenticated successfully: admin@idealtransport.com
2025-08-08 12:30:48 - routers.auth - INFO - Validating token for /me endpoint
2025-08-08 12:30:48 - routers.auth - INFO - Looking up user with email: admin@idealtransport.com
2025-08-08 12:30:50 - routers.auth - INFO - User authenticated successfully: admin@idealtransport.com
2025-08-08 12:30:50 - routers.auth - INFO - Validating token for /me endpoint
2025-08-08 12:30:50 - routers.auth - INFO - Looking up user with email: admin@idealtransport.com
2025-08-08 12:30:50 - routers.auth - INFO - User authenticated successfully: admin@idealtransport.com
2025-08-08 12:47:15 - routers.auth - INFO - Validating token for /me endpoint
2025-08-08 12:47:15 - routers.auth - INFO - Looking up user with email: admin@idealtransport.com
2025-08-08 12:47:16 - routers.auth - INFO - User authenticated successfully: admin@idealtransport.com
2025-08-08 12:47:16 - routers.auth - INFO - Validating token for /me endpoint
2025-08-08 12:47:16 - routers.auth - INFO - Looking up user with email: admin@idealtransport.com
2025-08-08 12:47:16 - routers.auth - INFO - User authenticated successfully: admin@idealtransport.com
2025-08-08 12:47:58 - routers.auth - INFO - Validating token for /me endpoint
2025-08-08 12:47:58 - routers.auth - INFO - Looking up user with email: admin@idealtransport.com
2025-08-08 12:47:59 - routers.auth - INFO - User authenticated successfully: admin@idealtransport.com
2025-08-08 12:47:59 - routers.auth - INFO - Validating token for /me endpoint
2025-08-08 12:47:59 - routers.auth - INFO - Looking up user with email: admin@idealtransport.com
2025-08-08 12:47:59 - routers.auth - INFO - User authenticated successfully: admin@idealtransport.com
2025-08-08 13:02:46 - routers.auth - INFO - Validating token for /me endpoint
2025-08-08 13:02:46 - routers.auth - INFO - Validating token for /me endpoint
2025-08-08 13:02:46 - routers.auth - INFO - Validating token for /me endpoint
2025-08-08 13:02:46 - routers.auth - INFO - Validating token for /me endpoint
2025-08-08 13:03:01 - routers.auth - INFO - Login attempt for user: admin@idealtransport.com
2025-08-08 13:03:01 - routers.auth - INFO - Authenticating user: admin@idealtransport.com
2025-08-08 13:03:01 - routers.auth - INFO - Looking up user with email: admin@idealtransport.com
2025-08-08 13:03:02 - routers.auth - INFO - User found: admin@idealtransport.com
2025-08-08 13:03:02 - routers.auth - INFO - Authentication successful: admin@idealtransport.com
2025-08-08 13:03:02 - routers.auth - INFO - Login successful: admin@idealtransport.com
2025-08-08 13:03:02 - routers.auth - INFO - Validating token for /me endpoint
2025-08-08 13:03:02 - routers.auth - INFO - Looking up user with email: admin@idealtransport.com
2025-08-08 13:03:03 - routers.auth - INFO - User authenticated successfully: admin@idealtransport.com
2025-08-08 13:03:03 - routers.auth - INFO - Validating token for /me endpoint
2025-08-08 13:03:03 - routers.auth - INFO - Looking up user with email: admin@idealtransport.com
2025-08-08 13:03:03 - routers.auth - INFO - User authenticated successfully: admin@idealtransport.com
2025-08-08 13:03:03 - routers.auth - INFO - Validating token for /me endpoint
2025-08-08 13:03:03 - routers.auth - INFO - Looking up user with email: admin@idealtransport.com
2025-08-08 13:03:04 - routers.auth - INFO - User authenticated successfully: admin@idealtransport.com
2025-08-08 13:03:04 - routers.auth - INFO - Validating token for /me endpoint
2025-08-08 13:03:04 - routers.auth - INFO - Looking up user with email: admin@idealtransport.com
2025-08-08 13:03:04 - routers.auth - INFO - User authenticated successfully: admin@idealtransport.com
2025-08-08 13:03:14 - routers.auth - INFO - Validating token for /me endpoint
2025-08-08 13:03:14 - routers.auth - INFO - Looking up user with email: admin@idealtransport.com
2025-08-08 13:03:15 - routers.auth - INFO - User authenticated successfully: admin@idealtransport.com
2025-08-08 13:03:15 - routers.auth - INFO - Validating token for /me endpoint
2025-08-08 13:03:15 - routers.auth - INFO - Looking up user with email: admin@idealtransport.com
2025-08-08 13:03:15 - routers.auth - INFO - User authenticated successfully: admin@idealtransport.com
2025-08-08 13:35:45 - routers.auth - INFO - Validating token for /me endpoint
2025-08-08 13:35:45 - routers.auth - INFO - Validating token for /me endpoint
2025-08-08 13:35:55 - routers.auth - INFO - Login attempt for user: admin@idealtransport.com
2025-08-08 13:35:55 - routers.auth - INFO - Authenticating user: admin@idealtransport.com
2025-08-08 13:35:55 - routers.auth - INFO - Looking up user with email: admin@idealtransport.com
2025-08-08 13:35:55 - routers.auth - INFO - User found: admin@idealtransport.com
2025-08-08 13:35:55 - routers.auth - INFO - Authentication successful: admin@idealtransport.com
2025-08-08 13:35:55 - routers.auth - INFO - Login successful: admin@idealtransport.com
2025-08-08 13:35:56 - routers.auth - INFO - Validating token for /me endpoint
2025-08-08 13:35:56 - routers.auth - INFO - Looking up user with email: admin@idealtransport.com
2025-08-08 13:35:56 - routers.auth - INFO - User authenticated successfully: admin@idealtransport.com
2025-08-08 13:35:56 - routers.auth - INFO - Validating token for /me endpoint
2025-08-08 13:35:56 - routers.auth - INFO - Looking up user with email: admin@idealtransport.com
2025-08-08 13:35:57 - routers.auth - INFO - User authenticated successfully: admin@idealtransport.com
2025-08-08 13:35:57 - routers.auth - INFO - Validating token for /me endpoint
2025-08-08 13:35:57 - routers.auth - INFO - Looking up user with email: admin@idealtransport.com
2025-08-08 13:35:57 - routers.auth - INFO - User authenticated successfully: admin@idealtransport.com
2025-08-08 13:35:57 - routers.auth - INFO - Validating token for /me endpoint
2025-08-08 13:35:57 - routers.auth - INFO - Looking up user with email: admin@idealtransport.com
2025-08-08 13:35:58 - routers.auth - INFO - User authenticated successfully: admin@idealtransport.com
2025-08-08 13:35:59 - routers.auth - INFO - Validating token for /me endpoint
2025-08-08 13:35:59 - routers.auth - INFO - Looking up user with email: admin@idealtransport.com
2025-08-08 13:36:00 - routers.auth - INFO - User authenticated successfully: admin@idealtransport.com
2025-08-08 13:36:00 - routers.auth - INFO - Validating token for /me endpoint
2025-08-08 13:36:00 - routers.auth - INFO - Looking up user with email: admin@idealtransport.com
2025-08-08 13:36:00 - routers.auth - INFO - User authenticated successfully: admin@idealtransport.com
2025-08-08 13:37:22 - routers.auth - INFO - Validating token for /me endpoint
2025-08-08 13:37:22 - routers.auth - INFO - Looking up user with email: admin@idealtransport.com
2025-08-08 13:37:23 - routers.auth - INFO - User authenticated successfully: admin@idealtransport.com
2025-08-08 13:37:23 - routers.auth - INFO - Validating token for /me endpoint
2025-08-08 13:37:23 - routers.auth - INFO - Looking up user with email: admin@idealtransport.com
2025-08-08 13:37:23 - routers.auth - INFO - User authenticated successfully: admin@idealtransport.com
2025-08-08 13:54:59 - routers.auth - INFO - Validating token for /me endpoint
2025-08-08 13:54:59 - routers.auth - INFO - Looking up user with email: admin@idealtransport.com
2025-08-08 13:55:00 - routers.auth - INFO - User authenticated successfully: admin@idealtransport.com
2025-08-08 13:55:00 - routers.auth - INFO - Validating token for /me endpoint
2025-08-08 13:55:00 - routers.auth - INFO - Looking up user with email: admin@idealtransport.com
2025-08-08 13:55:00 - routers.auth - INFO - User authenticated successfully: admin@idealtransport.com
2025-08-08 15:02:08 - routers.auth - INFO - Login attempt for user: admin@idealtransport.com
2025-08-08 15:02:08 - routers.auth - INFO - Authenticating user: admin@idealtransport.com
2025-08-08 15:02:08 - routers.auth - INFO - Looking up user with email: admin@idealtransport.com
2025-08-08 15:02:09 - routers.auth - INFO - User found: admin@idealtransport.com
2025-08-08 15:02:09 - routers.auth - INFO - Authentication successful: admin@idealtransport.com
2025-08-08 15:02:09 - routers.auth - INFO - Login successful: admin@idealtransport.com
2025-08-08 15:02:10 - routers.auth - INFO - Validating token for /me endpoint
2025-08-08 15:02:10 - routers.auth - INFO - Looking up user with email: admin@idealtransport.com
2025-08-08 15:02:10 - routers.auth - INFO - User authenticated successfully: admin@idealtransport.com
2025-08-08 15:02:10 - routers.auth - INFO - Validating token for /me endpoint
2025-08-08 15:02:10 - routers.auth - INFO - Looking up user with email: admin@idealtransport.com
2025-08-08 15:02:12 - routers.auth - INFO - User authenticated successfully: admin@idealtransport.com
2025-08-08 15:02:12 - routers.auth - INFO - Validating token for /me endpoint
2025-08-08 15:02:12 - routers.auth - INFO - Looking up user with email: admin@idealtransport.com
2025-08-08 15:02:13 - routers.auth - INFO - User authenticated successfully: admin@idealtransport.com
2025-08-08 15:02:13 - routers.auth - INFO - Validating token for /me endpoint
2025-08-08 15:02:13 - routers.auth - INFO - Looking up user with email: admin@idealtransport.com
2025-08-08 15:02:14 - routers.auth - INFO - User authenticated successfully: admin@idealtransport.com
2025-08-08 15:02:15 - routers.auth - INFO - Validating token for /me endpoint
2025-08-08 15:02:15 - routers.auth - INFO - Looking up user with email: admin@idealtransport.com
2025-08-08 15:02:16 - routers.auth - INFO - User authenticated successfully: admin@idealtransport.com
2025-08-08 15:02:16 - routers.auth - INFO - Validating token for /me endpoint
2025-08-08 15:02:16 - routers.auth - INFO - Looking up user with email: admin@idealtransport.com
2025-08-08 15:02:16 - routers.auth - INFO - User authenticated successfully: admin@idealtransport.com
2025-08-08 15:02:16 - routers.auth - INFO - Validating token for /me endpoint
2025-08-08 15:02:16 - routers.auth - INFO - Looking up user with email: admin@idealtransport.com
2025-08-08 15:02:17 - routers.auth - INFO - User authenticated successfully: admin@idealtransport.com
2025-08-08 15:02:17 - routers.auth - INFO - Validating token for /me endpoint
2025-08-08 15:02:17 - routers.auth - INFO - Looking up user with email: admin@idealtransport.com
2025-08-08 15:02:17 - routers.auth - INFO - User authenticated successfully: admin@idealtransport.com
2025-08-08 15:03:16 - routers.auth - INFO - Validating token for /me endpoint
2025-08-08 15:03:16 - routers.auth - INFO - Looking up user with email: admin@idealtransport.com
2025-08-08 15:03:16 - routers.auth - INFO - User authenticated successfully: admin@idealtransport.com
2025-08-08 15:03:17 - routers.auth - INFO - Validating token for /me endpoint
2025-08-08 15:03:17 - routers.auth - INFO - Looking up user with email: admin@idealtransport.com
2025-08-08 15:03:18 - routers.auth - INFO - User authenticated successfully: admin@idealtransport.com
2025-08-08 15:04:05 - routers.auth - INFO - Validating token for /me endpoint
2025-08-08 15:04:05 - routers.auth - INFO - Looking up user with email: admin@idealtransport.com
2025-08-08 15:04:05 - routers.auth - INFO - User authenticated successfully: admin@idealtransport.com
2025-08-08 15:04:05 - routers.auth - INFO - Validating token for /me endpoint
2025-08-08 15:04:05 - routers.auth - INFO - Looking up user with email: admin@idealtransport.com
2025-08-08 15:04:06 - routers.auth - INFO - User authenticated successfully: admin@idealtransport.com
2025-08-08 15:06:34 - routers.auth - INFO - Validating token for /me endpoint
2025-08-08 15:06:34 - routers.auth - INFO - Looking up user with email: admin@idealtransport.com
2025-08-08 15:06:34 - routers.auth - INFO - User authenticated successfully: admin@idealtransport.com
2025-08-08 15:06:34 - routers.auth - INFO - Validating token for /me endpoint
2025-08-08 15:06:34 - routers.auth - INFO - Looking up user with email: admin@idealtransport.com
2025-08-08 15:06:35 - routers.auth - INFO - User authenticated successfully: admin@idealtransport.com
2025-08-08 15:06:35 - routers.auth - INFO - Validating token for /me endpoint
2025-08-08 15:06:35 - routers.auth - INFO - Looking up user with email: admin@idealtransport.com
2025-08-08 15:06:35 - routers.auth - INFO - User authenticated successfully: admin@idealtransport.com
2025-08-08 15:06:35 - routers.auth - INFO - Validating token for /me endpoint
2025-08-08 15:06:35 - routers.auth - INFO - Looking up user with email: admin@idealtransport.com
2025-08-08 15:06:37 - routers.auth - INFO - User authenticated successfully: admin@idealtransport.com
2025-08-08 15:06:37 - routers.auth - INFO - Validating token for /me endpoint
2025-08-08 15:06:37 - routers.auth - INFO - Looking up user with email: admin@idealtransport.com
2025-08-08 15:06:38 - routers.auth - INFO - User authenticated successfully: admin@idealtransport.com
2025-08-08 15:06:38 - routers.auth - INFO - Validating token for /me endpoint
2025-08-08 15:06:38 - routers.auth - INFO - Looking up user with email: admin@idealtransport.com
2025-08-08 15:06:40 - routers.auth - INFO - User authenticated successfully: admin@idealtransport.com
2025-08-08 15:06:40 - routers.auth - INFO - Validating token for /me endpoint
2025-08-08 15:06:40 - routers.auth - INFO - Looking up user with email: admin@idealtransport.com
2025-08-08 15:06:41 - routers.auth - INFO - User authenticated successfully: admin@idealtransport.com
2025-08-08 15:06:41 - routers.auth - INFO - Validating token for /me endpoint
2025-08-08 15:06:41 - routers.auth - INFO - Looking up user with email: admin@idealtransport.com
2025-08-08 15:06:41 - routers.auth - INFO - User authenticated successfully: admin@idealtransport.com
2025-08-08 15:06:50 - routers.auth - INFO - Validating token for /me endpoint
2025-08-08 15:06:50 - routers.auth - INFO - Looking up user with email: admin@idealtransport.com
2025-08-08 15:06:50 - routers.auth - INFO - User authenticated successfully: admin@idealtransport.com
2025-08-08 15:06:50 - routers.auth - INFO - Validating token for /me endpoint
2025-08-08 15:06:50 - routers.auth - INFO - Looking up user with email: admin@idealtransport.com
2025-08-08 15:06:51 - routers.auth - INFO - User authenticated successfully: admin@idealtransport.com
2025-08-18 12:45:59 - routers.auth - INFO - Login attempt for user: admin@idealtransport.com
2025-08-18 12:45:59 - routers.auth - INFO - Authenticating user: admin@idealtransport.com
2025-08-18 12:46:00 - routers.auth - INFO - Looking up user with email: admin@idealtransport.com
2025-08-18 12:46:00 - routers.auth - INFO - User found: admin@idealtransport.com
2025-08-18 12:46:00 - routers.auth - INFO - Authentication successful: admin@idealtransport.com
2025-08-18 12:46:00 - routers.auth - INFO - Login successful: admin@idealtransport.com
2025-08-18 12:46:06 - routers.auth - INFO - Validating token for /me endpoint
2025-08-18 12:46:06 - routers.auth - INFO - Looking up user with email: admin@idealtransport.com
2025-08-18 12:46:07 - routers.auth - INFO - User authenticated successfully: admin@idealtransport.com
2025-08-18 12:46:07 - routers.auth - INFO - Validating token for /me endpoint
2025-08-18 12:46:07 - routers.auth - INFO - Looking up user with email: admin@idealtransport.com
2025-08-18 12:46:08 - routers.auth - INFO - User authenticated successfully: admin@idealtransport.com
2025-08-18 12:46:08 - routers.auth - INFO - Validating token for /me endpoint
2025-08-18 12:46:08 - routers.auth - INFO - Looking up user with email: admin@idealtransport.com
2025-08-18 12:46:10 - routers.auth - INFO - User authenticated successfully: admin@idealtransport.com
2025-08-18 12:46:10 - routers.auth - INFO - Validating token for /me endpoint
2025-08-18 12:46:10 - routers.auth - INFO - Looking up user with email: admin@idealtransport.com
2025-08-18 12:46:11 - routers.auth - INFO - User authenticated successfully: admin@idealtransport.com
2025-08-18 12:49:58 - routers.auth - INFO - Validating token for /me endpoint
2025-08-18 12:49:58 - routers.auth - INFO - Looking up user with email: admin@idealtransport.com
2025-08-18 12:49:59 - routers.auth - INFO - User authenticated successfully: admin@idealtransport.com
2025-08-18 12:49:59 - routers.auth - INFO - Validating token for /me endpoint
2025-08-18 12:49:59 - routers.auth - INFO - Looking up user with email: admin@idealtransport.com
2025-08-18 12:49:59 - routers.auth - INFO - User authenticated successfully: admin@idealtransport.com
2025-08-18 12:52:03 - routers.auth - INFO - Validating token for /me endpoint
2025-08-18 12:52:03 - routers.auth - INFO - Looking up user with email: admin@idealtransport.com
2025-08-18 12:52:04 - routers.auth - INFO - User authenticated successfully: admin@idealtransport.com
2025-08-18 12:52:04 - routers.auth - INFO - Validating token for /me endpoint
2025-08-18 12:52:04 - routers.auth - INFO - Looking up user with email: admin@idealtransport.com
2025-08-18 12:52:05 - routers.auth - INFO - User authenticated successfully: admin@idealtransport.com
2025-08-18 12:52:05 - routers.auth - INFO - Validating token for /me endpoint
2025-08-18 12:52:05 - routers.auth - INFO - Looking up user with email: admin@idealtransport.com
2025-08-18 12:52:05 - routers.auth - INFO - User authenticated successfully: admin@idealtransport.com
2025-08-18 12:52:06 - routers.auth - INFO - Validating token for /me endpoint
2025-08-18 12:52:06 - routers.auth - INFO - Looking up user with email: admin@idealtransport.com
2025-08-18 12:52:06 - routers.auth - INFO - User authenticated successfully: admin@idealtransport.com
2025-08-18 12:52:39 - routers.auth - INFO - Validating token for /me endpoint
2025-08-18 12:52:39 - routers.auth - INFO - Looking up user with email: admin@idealtransport.com
2025-08-18 12:52:40 - routers.auth - INFO - User authenticated successfully: admin@idealtransport.com
2025-08-18 12:52:40 - routers.auth - INFO - Validating token for /me endpoint
2025-08-18 12:52:40 - routers.auth - INFO - Looking up user with email: admin@idealtransport.com
2025-08-18 12:52:40 - routers.auth - INFO - User authenticated successfully: admin@idealtransport.com
2025-08-18 12:52:48 - routers.auth - INFO - Validating token for /me endpoint
2025-08-18 12:52:48 - routers.auth - INFO - Looking up user with email: admin@idealtransport.com
2025-08-18 12:52:48 - routers.auth - INFO - User authenticated successfully: admin@idealtransport.com
2025-08-18 12:52:49 - routers.auth - INFO - Validating token for /me endpoint
2025-08-18 12:52:49 - routers.auth - INFO - Looking up user with email: admin@idealtransport.com
2025-08-18 12:52:49 - routers.auth - INFO - User authenticated successfully: admin@idealtransport.com
2025-08-18 12:53:53 - routers.auth - INFO - Validating token for /me endpoint
2025-08-18 12:53:53 - routers.auth - INFO - Looking up user with email: admin@idealtransport.com
2025-08-18 12:53:54 - routers.auth - INFO - User authenticated successfully: admin@idealtransport.com
2025-08-18 12:53:54 - routers.auth - INFO - Validating token for /me endpoint
2025-08-18 12:53:54 - routers.auth - INFO - Looking up user with email: admin@idealtransport.com
2025-08-18 12:53:54 - routers.auth - INFO - User authenticated successfully: admin@idealtransport.com
2025-08-18 13:02:39 - routers.auth - INFO - Validating token for /me endpoint
2025-08-18 13:02:39 - routers.auth - INFO - Looking up user with email: admin@idealtransport.com
2025-08-18 13:02:40 - routers.auth - INFO - User authenticated successfully: admin@idealtransport.com
2025-08-18 13:02:40 - routers.auth - INFO - Validating token for /me endpoint
2025-08-18 13:02:40 - routers.auth - INFO - Looking up user with email: admin@idealtransport.com
2025-08-18 13:02:41 - routers.auth - INFO - User authenticated successfully: admin@idealtransport.com
2025-08-18 13:02:48 - routers.auth - INFO - Validating token for /me endpoint
2025-08-18 13:02:48 - routers.auth - INFO - Looking up user with email: admin@idealtransport.com
2025-08-18 13:02:49 - routers.auth - INFO - User authenticated successfully: admin@idealtransport.com
2025-08-18 13:02:49 - routers.auth - INFO - Validating token for /me endpoint
2025-08-18 13:02:49 - routers.auth - INFO - Looking up user with email: admin@idealtransport.com
2025-08-18 13:02:49 - routers.auth - INFO - User authenticated successfully: admin@idealtransport.com
2025-08-18 13:02:54 - routers.auth - INFO - Validating token for /me endpoint
2025-08-18 13:02:54 - routers.auth - INFO - Looking up user with email: admin@idealtransport.com
2025-08-18 13:02:54 - routers.auth - INFO - User authenticated successfully: admin@idealtransport.com
2025-08-18 13:02:55 - routers.auth - INFO - Validating token for /me endpoint
2025-08-18 13:02:55 - routers.auth - INFO - Looking up user with email: admin@idealtransport.com
2025-08-18 13:02:56 - routers.auth - INFO - User authenticated successfully: admin@idealtransport.com
2025-08-18 13:03:57 - routers.auth - INFO - Validating token for /me endpoint
2025-08-18 13:03:57 - routers.auth - INFO - Looking up user with email: admin@idealtransport.com
2025-08-18 13:03:58 - routers.auth - INFO - User authenticated successfully: admin@idealtransport.com
2025-08-18 13:03:58 - routers.auth - INFO - Validating token for /me endpoint
2025-08-18 13:03:58 - routers.auth - INFO - Looking up user with email: admin@idealtransport.com
2025-08-18 13:03:58 - routers.auth - INFO - User authenticated successfully: admin@idealtransport.com
2025-08-18 13:05:06 - routers.auth - INFO - Validating token for /me endpoint
2025-08-18 13:05:06 - routers.auth - INFO - Looking up user with email: admin@idealtransport.com
2025-08-18 13:05:06 - routers.auth - INFO - User authenticated successfully: admin@idealtransport.com
2025-08-18 13:05:06 - routers.auth - INFO - Validating token for /me endpoint
2025-08-18 13:05:06 - routers.auth - INFO - Looking up user with email: admin@idealtransport.com
2025-08-18 13:05:07 - routers.auth - INFO - User authenticated successfully: admin@idealtransport.com
2025-08-21 15:47:58 - routers.auth - INFO - Login attempt for user: admin@idealtransport.com
2025-08-21 15:47:58 - routers.auth - INFO - Authenticating user: admin@idealtransport.com
2025-08-21 15:47:58 - routers.auth - INFO - Looking up user with email: admin@idealtransport.com
2025-08-21 15:47:58 - routers.auth - INFO - User found: admin@idealtransport.com
2025-08-21 15:47:59 - routers.auth - INFO - Authentication successful: admin@idealtransport.com
2025-08-21 15:47:59 - routers.auth - INFO - Login successful: admin@idealtransport.com
2025-08-21 15:48:00 - routers.auth - INFO - Validating token for /me endpoint
2025-08-21 15:48:00 - routers.auth - INFO - Looking up user with email: admin@idealtransport.com
2025-08-21 15:48:00 - routers.auth - INFO - User authenticated successfully: admin@idealtransport.com
2025-08-21 15:48:01 - routers.auth - INFO - Validating token for /me endpoint
2025-08-21 15:48:01 - routers.auth - INFO - Looking up user with email: admin@idealtransport.com
2025-08-21 15:48:02 - routers.auth - INFO - User authenticated successfully: admin@idealtransport.com
2025-08-21 15:48:02 - routers.auth - INFO - Validating token for /me endpoint
2025-08-21 15:48:02 - routers.auth - INFO - Looking up user with email: admin@idealtransport.com
2025-08-21 15:48:04 - routers.auth - INFO - User authenticated successfully: admin@idealtransport.com
2025-08-21 15:48:04 - routers.auth - INFO - Validating token for /me endpoint
2025-08-21 15:48:04 - routers.auth - INFO - Looking up user with email: admin@idealtransport.com
2025-08-21 15:48:04 - routers.auth - INFO - User authenticated successfully: admin@idealtransport.com
2025-08-21 15:48:08 - routers.auth - INFO - Validating token for /me endpoint
2025-08-21 15:48:08 - routers.auth - INFO - Looking up user with email: admin@idealtransport.com
2025-08-21 15:48:09 - routers.auth - INFO - User authenticated successfully: admin@idealtransport.com
2025-08-21 15:48:09 - routers.auth - INFO - Validating token for /me endpoint
2025-08-21 15:48:09 - routers.auth - INFO - Looking up user with email: admin@idealtransport.com
2025-08-21 15:48:09 - routers.auth - INFO - User authenticated successfully: admin@idealtransport.com
2025-08-21 15:48:09 - routers.auth - INFO - Validating token for /me endpoint
2025-08-21 15:48:09 - routers.auth - INFO - Looking up user with email: admin@idealtransport.com
2025-08-21 15:48:11 - routers.auth - INFO - User authenticated successfully: admin@idealtransport.com
2025-08-21 15:48:12 - routers.auth - INFO - Validating token for /me endpoint
2025-08-21 15:48:12 - routers.auth - INFO - Looking up user with email: admin@idealtransport.com
2025-08-21 15:48:12 - routers.auth - INFO - User authenticated successfully: admin@idealtransport.com
2025-08-21 15:51:18 - routers.auth - INFO - Validating token for /me endpoint
2025-08-21 15:51:19 - routers.auth - INFO - Looking up user with email: admin@idealtransport.com
2025-08-21 15:51:19 - routers.auth - INFO - User authenticated successfully: admin@idealtransport.com
2025-08-21 15:51:19 - routers.auth - INFO - Validating token for /me endpoint
2025-08-21 15:51:19 - routers.auth - INFO - Looking up user with email: admin@idealtransport.com
2025-08-21 15:51:20 - routers.auth - INFO - User authenticated successfully: admin@idealtransport.com
2025-08-21 15:52:04 - routers.auth - INFO - Validating token for /me endpoint
2025-08-21 15:52:04 - routers.auth - INFO - Looking up user with email: admin@idealtransport.com
2025-08-21 15:52:04 - routers.auth - INFO - User authenticated successfully: admin@idealtransport.com
2025-08-21 15:52:04 - routers.auth - INFO - Validating token for /me endpoint
2025-08-21 15:52:04 - routers.auth - INFO - Looking up user with email: admin@idealtransport.com
2025-08-21 15:52:05 - routers.auth - INFO - User authenticated successfully: admin@idealtransport.com
2025-08-21 15:52:05 - routers.auth - INFO - Validating token for /me endpoint
2025-08-21 15:52:05 - routers.auth - INFO - Looking up user with email: admin@idealtransport.com
2025-08-21 15:52:05 - routers.auth - INFO - User authenticated successfully: admin@idealtransport.com
2025-08-21 15:52:05 - routers.auth - INFO - Validating token for /me endpoint
2025-08-21 15:52:05 - routers.auth - INFO - Looking up user with email: admin@idealtransport.com
2025-08-21 15:52:06 - routers.auth - INFO - User authenticated successfully: admin@idealtransport.com
2025-08-21 16:08:17 - routers.auth - INFO - Validating token for /me endpoint
2025-08-21 16:08:17 - routers.auth - INFO - Looking up user with email: admin@idealtransport.com
2025-08-21 16:08:18 - routers.auth - INFO - User authenticated successfully: admin@idealtransport.com
2025-08-21 16:08:18 - routers.auth - INFO - Validating token for /me endpoint
2025-08-21 16:08:18 - routers.auth - INFO - Looking up user with email: admin@idealtransport.com
2025-08-21 16:08:19 - routers.auth - INFO - User authenticated successfully: admin@idealtransport.com
2025-08-30 17:48:17 - routers.auth - INFO - Login attempt for user: admin@idealtransport.com
2025-08-30 17:48:17 - routers.auth - INFO - Authenticating user: admin@idealtransport.com
2025-08-30 17:48:17 - routers.auth - INFO - Looking up user with email: admin@idealtransport.com
2025-08-30 17:48:17 - routers.auth - INFO - User found: admin@idealtransport.com
2025-08-30 17:48:18 - routers.auth - INFO - Authentication successful: admin@idealtransport.com
2025-08-30 17:48:18 - routers.auth - INFO - Login successful: admin@idealtransport.com
2025-08-30 17:48:18 - routers.auth - INFO - Validating token for /me endpoint
2025-08-30 17:48:18 - routers.auth - INFO - Looking up user with email: admin@idealtransport.com
2025-08-30 17:48:19 - routers.auth - INFO - User authenticated successfully: admin@idealtransport.com
2025-08-30 17:48:19 - routers.auth - INFO - Validating token for /me endpoint
2025-08-30 17:48:19 - routers.auth - INFO - Looking up user with email: admin@idealtransport.com
2025-08-30 17:48:21 - routers.auth - INFO - User authenticated successfully: admin@idealtransport.com
2025-08-30 17:48:21 - routers.auth - INFO - Validating token for /me endpoint
2025-08-30 17:48:21 - routers.auth - INFO - Looking up user with email: admin@idealtransport.com
2025-08-30 17:48:22 - routers.auth - INFO - User authenticated successfully: admin@idealtransport.com
2025-08-30 17:48:22 - routers.auth - INFO - Validating token for /me endpoint
2025-08-30 17:48:22 - routers.auth - INFO - Looking up user with email: admin@idealtransport.com
2025-08-30 17:48:23 - routers.auth - INFO - User authenticated successfully: admin@idealtransport.com
2025-08-30 17:48:24 - routers.auth - INFO - Validating token for /me endpoint
2025-08-30 17:48:24 - routers.auth - INFO - Looking up user with email: admin@idealtransport.com
2025-08-30 17:48:25 - routers.auth - INFO - User authenticated successfully: admin@idealtransport.com
2025-08-30 17:48:25 - routers.auth - INFO - Validating token for /me endpoint
2025-08-30 17:48:25 - routers.auth - INFO - Looking up user with email: admin@idealtransport.com
2025-08-30 17:48:25 - routers.auth - INFO - User authenticated successfully: admin@idealtransport.com
2025-08-30 17:48:34 - routers.auth - INFO - Validating token for /me endpoint
2025-08-30 17:48:34 - routers.auth - INFO - Looking up user with email: admin@idealtransport.com
2025-08-30 17:48:35 - routers.auth - INFO - User authenticated successfully: admin@idealtransport.com
2025-08-30 17:48:36 - routers.auth - INFO - Validating token for /me endpoint
2025-08-30 17:48:36 - routers.auth - INFO - Looking up user with email: admin@idealtransport.com
2025-08-30 17:48:36 - routers.auth - INFO - User authenticated successfully: admin@idealtransport.com
2025-08-30 17:48:54 - routers.auth - INFO - Validating token for /me endpoint
2025-08-30 17:48:54 - routers.auth - INFO - Looking up user with email: admin@idealtransport.com
2025-08-30 17:48:55 - routers.auth - INFO - User authenticated successfully: admin@idealtransport.com
2025-08-30 17:48:55 - routers.auth - INFO - Validating token for /me endpoint
2025-08-30 17:48:55 - routers.auth - INFO - Looking up user with email: admin@idealtransport.com
2025-08-30 17:48:55 - routers.auth - INFO - User authenticated successfully: admin@idealtransport.com
2025-08-30 18:01:18 - routers.auth - INFO - Validating token for /me endpoint
2025-08-30 18:01:18 - routers.auth - INFO - Looking up user with email: admin@idealtransport.com
2025-08-30 18:01:19 - routers.auth - INFO - User authenticated successfully: admin@idealtransport.com
2025-08-30 18:01:19 - routers.auth - INFO - Validating token for /me endpoint
2025-08-30 18:01:19 - routers.auth - INFO - Looking up user with email: admin@idealtransport.com
2025-08-30 18:01:20 - routers.auth - INFO - User authenticated successfully: admin@idealtransport.com
2025-08-30 18:10:14 - routers.auth - INFO - Validating token for /me endpoint
2025-08-30 18:10:14 - routers.auth - INFO - Looking up user with email: admin@idealtransport.com
2025-08-30 18:10:15 - routers.auth - INFO - User authenticated successfully: admin@idealtransport.com
2025-08-30 18:10:15 - routers.auth - INFO - Validating token for /me endpoint
2025-08-30 18:10:15 - routers.auth - INFO - Looking up user with email: admin@idealtransport.com
2025-08-30 18:10:16 - routers.auth - INFO - User authenticated successfully: admin@idealtransport.com
2025-08-30 18:10:16 - routers.auth - INFO - Validating token for /me endpoint
2025-08-30 18:10:16 - routers.auth - INFO - Looking up user with email: admin@idealtransport.com
2025-08-30 18:10:17 - routers.auth - INFO - User authenticated successfully: admin@idealtransport.com
2025-08-30 18:10:17 - routers.auth - INFO - Validating token for /me endpoint
2025-08-30 18:10:17 - routers.auth - INFO - Looking up user with email: admin@idealtransport.com
2025-08-30 18:10:17 - routers.auth - INFO - User authenticated successfully: admin@idealtransport.com
2025-08-30 18:10:39 - routers.auth - INFO - Validating token for /me endpoint
2025-08-30 18:10:39 - routers.auth - INFO - Looking up user with email: admin@idealtransport.com
2025-08-30 18:10:39 - routers.auth - INFO - User authenticated successfully: admin@idealtransport.com
2025-08-30 18:10:39 - routers.auth - INFO - Validating token for /me endpoint
2025-08-30 18:10:39 - routers.auth - INFO - Looking up user with email: admin@idealtransport.com
2025-08-30 18:10:40 - routers.auth - INFO - User authenticated successfully: admin@idealtransport.com
2025-08-30 18:11:11 - routers.auth - INFO - Validating token for /me endpoint
2025-08-30 18:11:11 - routers.auth - INFO - Looking up user with email: admin@idealtransport.com
2025-08-30 18:11:12 - routers.auth - INFO - User authenticated successfully: admin@idealtransport.com
2025-08-30 18:11:13 - routers.auth - INFO - Validating token for /me endpoint
2025-08-30 18:11:13 - routers.auth - INFO - Looking up user with email: admin@idealtransport.com
2025-08-30 18:11:13 - routers.auth - INFO - User authenticated successfully: admin@idealtransport.com
2025-08-30 18:11:21 - routers.auth - INFO - Validating token for /me endpoint
2025-08-30 18:11:21 - routers.auth - INFO - Looking up user with email: admin@idealtransport.com
2025-08-30 18:11:21 - routers.auth - INFO - User authenticated successfully: admin@idealtransport.com
2025-08-30 18:11:21 - routers.auth - INFO - Validating token for /me endpoint
2025-08-30 18:11:21 - routers.auth - INFO - Looking up user with email: admin@idealtransport.com
2025-08-30 18:11:22 - routers.auth - INFO - User authenticated successfully: admin@idealtransport.com
2025-08-30 18:21:48 - routers.auth - INFO - Validating token for /me endpoint
2025-08-30 18:21:48 - routers.auth - INFO - Validating token for /me endpoint
2025-09-07 18:49:01 - routers.auth - INFO - Login attempt for user: admin@idealtransport.com
2025-09-07 18:49:01 - routers.auth - INFO - Authenticating user: admin@idealtransport.com
2025-09-07 18:49:01 - routers.auth - INFO - Looking up user with email: admin@idealtransport.com
2025-09-07 18:49:02 - routers.auth - INFO - User found: admin@idealtransport.com
2025-09-07 18:49:02 - routers.auth - INFO - Authentication successful: admin@idealtransport.com
2025-09-07 18:49:02 - routers.auth - INFO - Login successful: admin@idealtransport.com
2025-09-07 18:49:03 - routers.auth - INFO - Validating token for /me endpoint
2025-09-07 18:49:03 - routers.auth - INFO - Looking up user with email: admin@idealtransport.com
2025-09-07 18:49:04 - routers.auth - INFO - User authenticated successfully: admin@idealtransport.com
2025-09-07 18:49:04 - routers.auth - INFO - Validating token for /me endpoint
2025-09-07 18:49:04 - routers.auth - INFO - Looking up user with email: admin@idealtransport.com
2025-09-07 18:49:05 - routers.auth - INFO - User authenticated successfully: admin@idealtransport.com
2025-09-07 18:49:05 - routers.auth - INFO - Validating token for /me endpoint
2025-09-07 18:49:05 - routers.auth - INFO - Looking up user with email: admin@idealtransport.com
2025-09-07 18:49:06 - routers.auth - INFO - User authenticated successfully: admin@idealtransport.com
2025-09-07 18:49:06 - routers.auth - INFO - Validating token for /me endpoint
2025-09-07 18:49:06 - routers.auth - INFO - Looking up user with email: admin@idealtransport.com
2025-09-07 18:49:08 - routers.auth - INFO - User authenticated successfully: admin@idealtransport.com
2025-09-07 19:13:44 - routers.auth - INFO - Validating token for /me endpoint
2025-09-07 19:13:44 - routers.auth - INFO - Looking up user with email: admin@idealtransport.com
2025-09-07 19:13:45 - routers.auth - INFO - User authenticated successfully: admin@idealtransport.com
2025-09-07 19:13:45 - routers.auth - INFO - Validating token for /me endpoint
2025-09-07 19:13:45 - routers.auth - INFO - Looking up user with email: admin@idealtransport.com
2025-09-07 19:13:45 - routers.auth - INFO - User authenticated successfully: admin@idealtransport.com
2025-09-07 19:13:45 - routers.auth - INFO - Validating token for /me endpoint
2025-09-07 19:13:45 - routers.auth - INFO - Looking up user with email: admin@idealtransport.com
2025-09-07 19:13:46 - routers.auth - INFO - User authenticated successfully: admin@idealtransport.com
2025-09-07 19:13:46 - routers.auth - INFO - Validating token for /me endpoint
2025-09-07 19:13:46 - routers.auth - INFO - Looking up user with email: admin@idealtransport.com
2025-09-07 19:13:47 - routers.auth - INFO - User authenticated successfully: admin@idealtransport.com
2025-09-07 19:13:47 - routers.auth - INFO - Validating token for /me endpoint
2025-09-07 19:13:47 - routers.auth - INFO - Looking up user with email: admin@idealtransport.com
2025-09-07 19:13:49 - routers.auth - INFO - User authenticated successfully: admin@idealtransport.com
2025-09-07 19:13:49 - routers.auth - INFO - Validating token for /me endpoint
2025-09-07 19:13:49 - routers.auth - INFO - Looking up user with email: admin@idealtransport.com
2025-09-07 19:13:49 - routers.auth - INFO - User authenticated successfully: admin@idealtransport.com
2025-09-07 19:15:21 - routers.auth - INFO - Validating token for /me endpoint
2025-09-07 19:15:21 - routers.auth - INFO - Looking up user with email: admin@idealtransport.com
2025-09-07 19:15:21 - routers.auth - INFO - User authenticated successfully: admin@idealtransport.com
2025-09-07 19:15:21 - routers.auth - INFO - Validating token for /me endpoint
2025-09-07 19:15:21 - routers.auth - INFO - Looking up user with email: admin@idealtransport.com
2025-09-07 19:15:22 - routers.auth - INFO - User authenticated successfully: admin@idealtransport.com
2025-09-07 21:23:34 - routers.auth - INFO - Login attempt for user: admin@idealtransport.com
2025-09-07 21:23:34 - routers.auth - INFO - Authenticating user: admin@idealtransport.com
2025-09-07 21:23:34 - routers.auth - INFO - Looking up user with email: admin@idealtransport.com
2025-09-07 21:23:35 - routers.auth - INFO - User found: admin@idealtransport.com
2025-09-07 21:23:35 - routers.auth - INFO - Authentication successful: admin@idealtransport.com
2025-09-07 21:23:35 - routers.auth - INFO - Login successful: admin@idealtransport.com
2025-09-07 21:23:36 - routers.auth - INFO - Validating token for /me endpoint
2025-09-07 21:23:36 - routers.auth - INFO - Looking up user with email: admin@idealtransport.com
2025-09-07 21:23:37 - routers.auth - INFO - User authenticated successfully: admin@idealtransport.com
2025-09-07 21:23:37 - routers.auth - INFO - Validating token for /me endpoint
2025-09-07 21:23:37 - routers.auth - INFO - Looking up user with email: admin@idealtransport.com
2025-09-07 21:23:38 - routers.auth - INFO - User authenticated successfully: admin@idealtransport.com
2025-09-07 21:23:38 - routers.auth - INFO - Validating token for /me endpoint
2025-09-07 21:23:38 - routers.auth - INFO - Looking up user with email: admin@idealtransport.com
2025-09-07 21:23:40 - routers.auth - INFO - User authenticated successfully: admin@idealtransport.com
2025-09-07 21:23:40 - routers.auth - INFO - Validating token for /me endpoint
2025-09-07 21:23:40 - routers.auth - INFO - Looking up user with email: admin@idealtransport.com
2025-09-07 21:23:40 - routers.auth - INFO - User authenticated successfully: admin@idealtransport.com
2025-09-07 23:02:14 - routers.auth - INFO - Validating token for /me endpoint
2025-09-07 23:02:14 - routers.auth - INFO - Validating token for /me endpoint
2025-09-07 23:02:14 - routers.auth - INFO - Validating token for /me endpoint
2025-09-07 23:02:14 - routers.auth - INFO - Validating token for /me endpoint
2025-09-07 23:02:14 - routers.auth - INFO - Validating token for /me endpoint
2025-09-07 23:02:14 - routers.auth - INFO - Validating token for /me endpoint
2025-09-07 23:20:46 - routers.auth - INFO - Login attempt for user: admin@idealtransport.com
2025-09-07 23:20:46 - routers.auth - INFO - Authenticating user: admin@idealtransport.com
2025-09-07 23:20:46 - routers.auth - INFO - Looking up user with email: admin@idealtransport.com
2025-09-07 23:20:47 - routers.auth - INFO - User found: admin@idealtransport.com
2025-09-07 23:20:47 - routers.auth - INFO - Authentication successful: admin@idealtransport.com
2025-09-07 23:20:47 - routers.auth - INFO - Login successful: admin@idealtransport.com
2025-09-07 23:20:47 - routers.auth - INFO - Validating token for /me endpoint
2025-09-07 23:20:47 - routers.auth - INFO - Looking up user with email: admin@idealtransport.com
2025-09-07 23:20:48 - routers.auth - INFO - User authenticated successfully: admin@idealtransport.com
2025-09-07 23:20:48 - routers.auth - INFO - Validating token for /me endpoint
2025-09-07 23:20:48 - routers.auth - INFO - Looking up user with email: admin@idealtransport.com
2025-09-07 23:20:48 - routers.auth - INFO - User authenticated successfully: admin@idealtransport.com
2025-09-07 23:20:48 - routers.auth - INFO - Validating token for /me endpoint
2025-09-07 23:20:48 - routers.auth - INFO - Looking up user with email: admin@idealtransport.com
2025-09-07 23:20:49 - routers.auth - INFO - User authenticated successfully: admin@idealtransport.com
2025-09-07 23:20:49 - routers.auth - INFO - Validating token for /me endpoint
2025-09-07 23:20:49 - routers.auth - INFO - Looking up user with email: admin@idealtransport.com
2025-09-07 23:20:49 - routers.auth - INFO - User authenticated successfully: admin@idealtransport.com
2025-09-07 23:20:51 - routers.auth - INFO - Validating token for /me endpoint
2025-09-07 23:20:51 - routers.auth - INFO - Looking up user with email: admin@idealtransport.com
2025-09-07 23:20:52 - routers.auth - INFO - User authenticated successfully: admin@idealtransport.com
2025-09-07 23:20:52 - routers.auth - INFO - Validating token for /me endpoint
2025-09-07 23:20:52 - routers.auth - INFO - Looking up user with email: admin@idealtransport.com
2025-09-07 23:20:52 - routers.auth - INFO - User authenticated successfully: admin@idealtransport.com
2025-09-07 23:22:12 - routers.auth - INFO - Validating token for /me endpoint
2025-09-07 23:22:12 - routers.auth - INFO - Looking up user with email: admin@idealtransport.com
2025-09-07 23:22:13 - routers.auth - INFO - User authenticated successfully: admin@idealtransport.com
2025-09-07 23:22:13 - routers.auth - INFO - Validating token for /me endpoint
2025-09-07 23:22:13 - routers.auth - INFO - Looking up user with email: admin@idealtransport.com
2025-09-07 23:22:13 - routers.auth - INFO - User authenticated successfully: admin@idealtransport.com
2025-09-07 23:22:13 - routers.auth - INFO - Validating token for /me endpoint
2025-09-07 23:22:13 - routers.auth - INFO - Looking up user with email: admin@idealtransport.com
2025-09-07 23:22:14 - routers.auth - INFO - User authenticated successfully: admin@idealtransport.com
2025-09-07 23:22:14 - routers.auth - INFO - Validating token for /me endpoint
2025-09-07 23:22:14 - routers.auth - INFO - Looking up user with email: admin@idealtransport.com
2025-09-07 23:22:14 - routers.auth - INFO - User authenticated successfully: admin@idealtransport.com
2025-09-07 23:22:19 - routers.auth - INFO - Validating token for /me endpoint
2025-09-07 23:22:19 - routers.auth - INFO - Looking up user with email: admin@idealtransport.com
2025-09-07 23:22:19 - routers.auth - INFO - User authenticated successfully: admin@idealtransport.com
2025-09-07 23:22:19 - routers.auth - INFO - Validating token for /me endpoint
2025-09-07 23:22:19 - routers.auth - INFO - Looking up user with email: admin@idealtransport.com
2025-09-07 23:22:20 - routers.auth - INFO - User authenticated successfully: admin@idealtransport.com
2025-09-07 23:44:40 - routers.auth - INFO - Validating token for /me endpoint
2025-09-07 23:44:40 - routers.auth - INFO - Looking up user with email: admin@idealtransport.com
2025-09-07 23:44:41 - routers.auth - INFO - User authenticated successfully: admin@idealtransport.com
2025-09-07 23:44:41 - routers.auth - INFO - Validating token for /me endpoint
2025-09-07 23:44:41 - routers.auth - INFO - Looking up user with email: admin@idealtransport.com
2025-09-07 23:44:41 - routers.auth - INFO - User authenticated successfully: admin@idealtransport.com
2025-09-07 23:45:41 - routers.auth - INFO - Validating token for /me endpoint
2025-09-07 23:45:42 - routers.auth - INFO - Looking up user with email: admin@idealtransport.com
2025-09-07 23:45:43 - routers.auth - INFO - User authenticated successfully: admin@idealtransport.com
2025-09-07 23:45:43 - routers.auth - INFO - Validating token for /me endpoint
2025-09-07 23:45:43 - routers.auth - INFO - Looking up user with email: admin@idealtransport.com
2025-09-07 23:45:45 - routers.auth - INFO - User authenticated successfully: admin@idealtransport.com
2025-09-07 23:45:45 - routers.auth - INFO - Validating token for /me endpoint
2025-09-07 23:45:45 - routers.auth - INFO - Looking up user with email: admin@idealtransport.com
2025-09-07 23:45:46 - routers.auth - INFO - User authenticated successfully: admin@idealtransport.com
2025-09-07 23:45:46 - routers.auth - INFO - Validating token for /me endpoint
2025-09-07 23:45:46 - routers.auth - INFO - Looking up user with email: admin@idealtransport.com
2025-09-07 23:45:48 - routers.auth - INFO - User authenticated successfully: admin@idealtransport.com
2025-09-07 23:45:48 - routers.auth - INFO - Validating token for /me endpoint
2025-09-07 23:45:48 - routers.auth - INFO - Looking up user with email: admin@idealtransport.com
2025-09-07 23:45:49 - routers.auth - INFO - User authenticated successfully: admin@idealtransport.com
2025-09-07 23:45:49 - routers.auth - INFO - Validating token for /me endpoint
2025-09-07 23:45:49 - routers.auth - INFO - Looking up user with email: admin@idealtransport.com
2025-09-07 23:45:50 - routers.auth - INFO - User authenticated successfully: admin@idealtransport.com
2025-09-07 23:46:09 - routers.auth - INFO - Validating token for /me endpoint
2025-09-07 23:46:09 - routers.auth - INFO - Looking up user with email: admin@idealtransport.com
2025-09-07 23:46:09 - routers.auth - INFO - User authenticated successfully: admin@idealtransport.com
2025-09-07 23:46:09 - routers.auth - INFO - Validating token for /me endpoint
2025-09-07 23:46:09 - routers.auth - INFO - Looking up user with email: admin@idealtransport.com
2025-09-07 23:46:10 - routers.auth - INFO - User authenticated successfully: admin@idealtransport.com
2025-09-07 23:46:10 - routers.auth - INFO - Validating token for /me endpoint
2025-09-07 23:46:10 - routers.auth - INFO - Looking up user with email: admin@idealtransport.com
2025-09-07 23:46:10 - routers.auth - INFO - User authenticated successfully: admin@idealtransport.com
2025-09-07 23:46:10 - routers.auth - INFO - Validating token for /me endpoint
2025-09-07 23:46:10 - routers.auth - INFO - Looking up user with email: admin@idealtransport.com
2025-09-07 23:46:11 - routers.auth - INFO - User authenticated successfully: admin@idealtransport.com
2025-09-07 23:46:11 - routers.auth - INFO - Validating token for /me endpoint
2025-09-07 23:46:11 - routers.auth - INFO - Looking up user with email: admin@idealtransport.com
2025-09-07 23:46:11 - routers.auth - INFO - User authenticated successfully: admin@idealtransport.com
2025-09-07 23:46:13 - routers.auth - INFO - Validating token for /me endpoint
2025-09-07 23:46:13 - routers.auth - INFO - Looking up user with email: admin@idealtransport.com
2025-09-07 23:46:14 - routers.auth - INFO - User authenticated successfully: admin@idealtransport.com
2025-09-07 23:46:14 - routers.auth - INFO - Validating token for /me endpoint
2025-09-07 23:46:14 - routers.auth - INFO - Looking up user with email: admin@idealtransport.com
2025-09-07 23:46:15 - routers.auth - INFO - User authenticated successfully: admin@idealtransport.com
2025-09-07 23:46:15 - routers.auth - INFO - Validating token for /me endpoint
2025-09-07 23:46:15 - routers.auth - INFO - Looking up user with email: admin@idealtransport.com
2025-09-07 23:46:15 - routers.auth - INFO - User authenticated successfully: admin@idealtransport.com
2025-09-07 23:46:15 - routers.auth - INFO - Validating token for /me endpoint
2025-09-07 23:46:15 - routers.auth - INFO - Looking up user with email: admin@idealtransport.com
2025-09-07 23:46:16 - routers.auth - INFO - User authenticated successfully: admin@idealtransport.com
2025-09-07 23:46:16 - routers.auth - INFO - Validating token for /me endpoint
2025-09-07 23:46:16 - routers.auth - INFO - Looking up user with email: admin@idealtransport.com
2025-09-07 23:46:16 - routers.auth - INFO - User authenticated successfully: admin@idealtransport.com
2025-09-07 23:46:16 - routers.auth - INFO - Validating token for /me endpoint
2025-09-07 23:46:16 - routers.auth - INFO - Looking up user with email: admin@idealtransport.com
2025-09-07 23:46:18 - routers.auth - INFO - User authenticated successfully: admin@idealtransport.com
2025-09-07 23:46:53 - routers.auth - INFO - Validating token for /me endpoint
2025-09-07 23:46:53 - routers.auth - INFO - Looking up user with email: admin@idealtransport.com
2025-09-07 23:46:53 - routers.auth - INFO - User authenticated successfully: admin@idealtransport.com
2025-09-07 23:46:53 - routers.auth - INFO - Validating token for /me endpoint
2025-09-07 23:46:53 - routers.auth - INFO - Looking up user with email: admin@idealtransport.com
2025-09-07 23:46:54 - routers.auth - INFO - User authenticated successfully: admin@idealtransport.com
2025-09-07 23:46:54 - routers.auth - INFO - Validating token for /me endpoint
2025-09-07 23:46:54 - routers.auth - INFO - Looking up user with email: admin@idealtransport.com
2025-09-07 23:46:54 - routers.auth - INFO - User authenticated successfully: admin@idealtransport.com
2025-09-07 23:46:54 - routers.auth - INFO - Validating token for /me endpoint
2025-09-07 23:46:54 - routers.auth - INFO - Looking up user with email: admin@idealtransport.com
2025-09-07 23:46:55 - routers.auth - INFO - User authenticated successfully: admin@idealtransport.com
2025-09-07 23:46:55 - routers.auth - INFO - Validating token for /me endpoint
2025-09-07 23:46:55 - routers.auth - INFO - Looking up user with email: admin@idealtransport.com
2025-09-07 23:46:55 - routers.auth - INFO - User authenticated successfully: admin@idealtransport.com
2025-09-07 23:46:55 - routers.auth - INFO - Validating token for /me endpoint
2025-09-07 23:46:55 - routers.auth - INFO - Looking up user with email: admin@idealtransport.com
2025-09-07 23:46:56 - routers.auth - INFO - User authenticated successfully: admin@idealtransport.com
2025-09-07 23:47:55 - routers.auth - INFO - Validating token for /me endpoint
2025-09-07 23:47:55 - routers.auth - INFO - Looking up user with email: admin@idealtransport.com
2025-09-07 23:47:56 - routers.auth - INFO - User authenticated successfully: admin@idealtransport.com
2025-09-07 23:47:56 - routers.auth - INFO - Validating token for /me endpoint
2025-09-07 23:47:56 - routers.auth - INFO - Looking up user with email: admin@idealtransport.com
2025-09-07 23:47:57 - routers.auth - INFO - User authenticated successfully: admin@idealtransport.com
2025-09-07 23:47:57 - routers.auth - INFO - Validating token for /me endpoint
2025-09-07 23:47:57 - routers.auth - INFO - Looking up user with email: admin@idealtransport.com
2025-09-07 23:47:57 - routers.auth - INFO - User authenticated successfully: admin@idealtransport.com
2025-09-07 23:47:57 - routers.auth - INFO - Validating token for /me endpoint
2025-09-07 23:47:57 - routers.auth - INFO - Looking up user with email: admin@idealtransport.com
2025-09-07 23:47:58 - routers.auth - INFO - User authenticated successfully: admin@idealtransport.com
2025-09-07 23:47:58 - routers.auth - INFO - Validating token for /me endpoint
2025-09-07 23:47:58 - routers.auth - INFO - Looking up user with email: admin@idealtransport.com
2025-09-07 23:47:59 - routers.auth - INFO - User authenticated successfully: admin@idealtransport.com
2025-09-07 23:47:59 - routers.auth - INFO - Validating token for /me endpoint
2025-09-07 23:47:59 - routers.auth - INFO - Looking up user with email: admin@idealtransport.com
2025-09-07 23:48:00 - routers.auth - INFO - User authenticated successfully: admin@idealtransport.com
2025-09-07 23:48:15 - routers.auth - INFO - Validating token for /me endpoint
2025-09-07 23:48:15 - routers.auth - INFO - Looking up user with email: admin@idealtransport.com
2025-09-07 23:48:16 - routers.auth - INFO - User authenticated successfully: admin@idealtransport.com
2025-09-07 23:48:16 - routers.auth - INFO - Validating token for /me endpoint
2025-09-07 23:48:16 - routers.auth - INFO - Looking up user with email: admin@idealtransport.com
2025-09-07 23:48:17 - routers.auth - INFO - User authenticated successfully: admin@idealtransport.com
2025-09-07 23:48:17 - routers.auth - INFO - Validating token for /me endpoint
2025-09-07 23:48:17 - routers.auth - INFO - Looking up user with email: admin@idealtransport.com
2025-09-07 23:48:17 - routers.auth - INFO - User authenticated successfully: admin@idealtransport.com
2025-09-07 23:48:17 - routers.auth - INFO - Validating token for /me endpoint
2025-09-07 23:48:17 - routers.auth - INFO - Looking up user with email: admin@idealtransport.com
2025-09-07 23:48:18 - routers.auth - INFO - User authenticated successfully: admin@idealtransport.com
2025-09-07 23:48:18 - routers.auth - INFO - Validating token for /me endpoint
2025-09-07 23:48:18 - routers.auth - INFO - Looking up user with email: admin@idealtransport.com
2025-09-07 23:48:18 - routers.auth - INFO - User authenticated successfully: admin@idealtransport.com
2025-09-07 23:48:18 - routers.auth - INFO - Validating token for /me endpoint
2025-09-07 23:48:18 - routers.auth - INFO - Looking up user with email: admin@idealtransport.com
2025-09-07 23:48:19 - routers.auth - INFO - User authenticated successfully: admin@idealtransport.com
2025-09-07 23:48:49 - routers.auth - INFO - Validating token for /me endpoint
2025-09-07 23:48:49 - routers.auth - INFO - Looking up user with email: admin@idealtransport.com
2025-09-07 23:48:50 - routers.auth - INFO - User authenticated successfully: admin@idealtransport.com
2025-09-07 23:48:50 - routers.auth - INFO - Validating token for /me endpoint
2025-09-07 23:48:50 - routers.auth - INFO - Looking up user with email: admin@idealtransport.com
2025-09-07 23:48:50 - routers.auth - INFO - User authenticated successfully: admin@idealtransport.com
2025-09-07 23:48:50 - routers.auth - INFO - Validating token for /me endpoint
2025-09-07 23:48:50 - routers.auth - INFO - Looking up user with email: admin@idealtransport.com
2025-09-07 23:48:51 - routers.auth - INFO - User authenticated successfully: admin@idealtransport.com
2025-09-07 23:48:51 - routers.auth - INFO - Validating token for /me endpoint
2025-09-07 23:48:51 - routers.auth - INFO - Looking up user with email: admin@idealtransport.com
2025-09-07 23:48:51 - routers.auth - INFO - User authenticated successfully: admin@idealtransport.com
2025-09-07 23:48:51 - routers.auth - INFO - Validating token for /me endpoint
2025-09-07 23:48:51 - routers.auth - INFO - Looking up user with email: admin@idealtransport.com
2025-09-07 23:48:53 - routers.auth - INFO - User authenticated successfully: admin@idealtransport.com
2025-09-07 23:48:53 - routers.auth - INFO - Validating token for /me endpoint
2025-09-07 23:48:53 - routers.auth - INFO - Looking up user with email: admin@idealtransport.com
2025-09-07 23:48:54 - routers.auth - INFO - User authenticated successfully: admin@idealtransport.com
2025-09-07 23:49:21 - routers.auth - INFO - Validating token for /me endpoint
2025-09-07 23:49:21 - routers.auth - INFO - Looking up user with email: admin@idealtransport.com
2025-09-07 23:49:22 - routers.auth - INFO - User authenticated successfully: admin@idealtransport.com
2025-09-07 23:49:22 - routers.auth - INFO - Validating token for /me endpoint
2025-09-07 23:49:22 - routers.auth - INFO - Looking up user with email: admin@idealtransport.com
2025-09-07 23:49:22 - routers.auth - INFO - User authenticated successfully: admin@idealtransport.com
2025-09-07 23:49:23 - routers.auth - INFO - Validating token for /me endpoint
2025-09-07 23:49:23 - routers.auth - INFO - Looking up user with email: admin@idealtransport.com
2025-09-07 23:49:23 - routers.auth - INFO - User authenticated successfully: admin@idealtransport.com
2025-09-07 23:49:23 - routers.auth - INFO - Validating token for /me endpoint
2025-09-07 23:49:23 - routers.auth - INFO - Looking up user with email: admin@idealtransport.com
2025-09-07 23:49:24 - routers.auth - INFO - User authenticated successfully: admin@idealtransport.com
2025-09-07 23:49:24 - routers.auth - INFO - Validating token for /me endpoint
2025-09-07 23:49:24 - routers.auth - INFO - Looking up user with email: admin@idealtransport.com
2025-09-07 23:49:24 - routers.auth - INFO - User authenticated successfully: admin@idealtransport.com
2025-09-07 23:49:25 - routers.auth - INFO - Validating token for /me endpoint
2025-09-07 23:49:25 - routers.auth - INFO - Looking up user with email: admin@idealtransport.com
2025-09-07 23:49:25 - routers.auth - INFO - User authenticated successfully: admin@idealtransport.com
2025-09-07 23:50:38 - routers.auth - INFO - Validating token for /me endpoint
2025-09-07 23:50:38 - routers.auth - INFO - Looking up user with email: admin@idealtransport.com
2025-09-07 23:50:39 - routers.auth - INFO - User authenticated successfully: admin@idealtransport.com
2025-09-07 23:50:39 - routers.auth - INFO - Validating token for /me endpoint
2025-09-07 23:50:39 - routers.auth - INFO - Looking up user with email: admin@idealtransport.com
2025-09-07 23:50:40 - routers.auth - INFO - User authenticated successfully: admin@idealtransport.com
2025-09-07 23:50:40 - routers.auth - INFO - Validating token for /me endpoint
2025-09-07 23:50:40 - routers.auth - INFO - Looking up user with email: admin@idealtransport.com
2025-09-07 23:50:40 - routers.auth - INFO - User authenticated successfully: admin@idealtransport.com
2025-09-07 23:50:40 - routers.auth - INFO - Validating token for /me endpoint
2025-09-07 23:50:40 - routers.auth - INFO - Looking up user with email: admin@idealtransport.com
2025-09-07 23:50:41 - routers.auth - INFO - User authenticated successfully: admin@idealtransport.com
2025-09-07 23:50:41 - routers.auth - INFO - Validating token for /me endpoint
2025-09-07 23:50:41 - routers.auth - INFO - Looking up user with email: admin@idealtransport.com
2025-09-07 23:50:41 - routers.auth - INFO - User authenticated successfully: admin@idealtransport.com
2025-09-08 00:00:40 - routers.auth - INFO - Validating token for /me endpoint
2025-09-08 00:00:40 - routers.auth - INFO - Validating token for /me endpoint
2025-09-08 00:00:40 - routers.auth - INFO - Validating token for /me endpoint
2025-09-08 00:00:40 - routers.auth - INFO - Validating token for /me endpoint
2025-09-08 00:01:00 - routers.auth - INFO - Validating token for /me endpoint
2025-09-08 00:01:00 - routers.auth - INFO - Login attempt for user: admin@idealtransport.com
2025-09-08 00:01:00 - routers.auth - INFO - Authenticating user: admin@idealtransport.com
2025-09-08 00:01:00 - routers.auth - INFO - Looking up user with email: admin@idealtransport.com
2025-09-08 00:01:00 - routers.auth - INFO - User found: admin@idealtransport.com
2025-09-08 00:01:01 - routers.auth - INFO - Authentication successful: admin@idealtransport.com
2025-09-08 00:01:01 - routers.auth - INFO - Login successful: admin@idealtransport.com
2025-09-08 00:01:04 - routers.auth - INFO - Validating token for /me endpoint
2025-09-08 00:01:04 - routers.auth - INFO - Looking up user with email: admin@idealtransport.com
2025-09-08 00:01:05 - routers.auth - INFO - User authenticated successfully: admin@idealtransport.com
2025-09-08 00:01:05 - routers.auth - INFO - Validating token for /me endpoint
2025-09-08 00:01:05 - routers.auth - INFO - Looking up user with email: admin@idealtransport.com
2025-09-08 00:01:06 - routers.auth - INFO - User authenticated successfully: admin@idealtransport.com
2025-09-08 00:01:06 - routers.auth - INFO - Validating token for /me endpoint
2025-09-08 00:01:06 - routers.auth - INFO - Looking up user with email: admin@idealtransport.com
2025-09-08 00:01:07 - routers.auth - INFO - User authenticated successfully: admin@idealtransport.com
2025-09-08 00:01:07 - routers.auth - INFO - Validating token for /me endpoint
2025-09-08 00:01:07 - routers.auth - INFO - Looking up user with email: admin@idealtransport.com
2025-09-08 00:01:07 - routers.auth - INFO - User authenticated successfully: admin@idealtransport.com
2025-09-08 00:01:08 - routers.auth - INFO - Validating token for /me endpoint
2025-09-08 00:01:08 - routers.auth - INFO - Looking up user with email: admin@idealtransport.com
2025-09-08 00:01:08 - routers.auth - INFO - User authenticated successfully: admin@idealtransport.com
2025-09-08 00:02:53 - routers.auth - INFO - Validating token for /me endpoint
2025-09-08 00:02:53 - routers.auth - INFO - Looking up user with email: admin@idealtransport.com
2025-09-08 00:02:54 - routers.auth - INFO - User authenticated successfully: admin@idealtransport.com
2025-09-08 00:02:54 - routers.auth - INFO - Validating token for /me endpoint
2025-09-08 00:02:54 - routers.auth - INFO - Looking up user with email: admin@idealtransport.com
2025-09-08 00:02:54 - routers.auth - INFO - User authenticated successfully: admin@idealtransport.com
2025-09-08 00:03:44 - routers.auth - INFO - Validating token for /me endpoint
2025-09-08 00:03:44 - routers.auth - INFO - Looking up user with email: admin@idealtransport.com
2025-09-08 00:03:45 - routers.auth - INFO - User authenticated successfully: admin@idealtransport.com
2025-09-08 00:03:45 - routers.auth - INFO - Validating token for /me endpoint
2025-09-08 00:03:45 - routers.auth - INFO - Looking up user with email: admin@idealtransport.com
2025-09-08 00:03:46 - routers.auth - INFO - User authenticated successfully: admin@idealtransport.com
2025-09-11 15:47:26 - routers.auth - INFO - Login attempt for user: admin@idealtransport.com
2025-09-11 15:47:26 - routers.auth - INFO - Authenticating user: admin@idealtransport.com
2025-09-11 15:47:26 - routers.auth - INFO - Looking up user with email: admin@idealtransport.com
2025-09-11 15:47:26 - routers.auth - INFO - User found: admin@idealtransport.com
2025-09-11 15:47:27 - routers.auth - INFO - Authentication successful: admin@idealtransport.com
2025-09-11 15:47:27 - routers.auth - INFO - Login successful: admin@idealtransport.com
2025-09-11 15:47:28 - routers.auth - INFO - Validating token for /me endpoint
2025-09-11 15:47:28 - routers.auth - INFO - Looking up user with email: admin@idealtransport.com
2025-09-11 15:47:28 - routers.auth - INFO - User authenticated successfully: admin@idealtransport.com
2025-09-11 15:47:28 - routers.auth - INFO - Validating token for /me endpoint
2025-09-11 15:47:28 - routers.auth - INFO - Looking up user with email: admin@idealtransport.com
2025-09-11 15:47:30 - routers.auth - INFO - User authenticated successfully: admin@idealtransport.com
2025-09-11 15:47:30 - routers.auth - INFO - Validating token for /me endpoint
2025-09-11 15:47:30 - routers.auth - INFO - Looking up user with email: admin@idealtransport.com
2025-09-11 15:47:30 - routers.auth - INFO - User authenticated successfully: admin@idealtransport.com
2025-09-11 15:47:30 - routers.auth - INFO - Validating token for /me endpoint
2025-09-11 15:47:30 - routers.auth - INFO - Looking up user with email: admin@idealtransport.com
2025-09-11 15:47:32 - routers.auth - INFO - User authenticated successfully: admin@idealtransport.com
2025-09-11 15:47:32 - routers.auth - INFO - Validating token for /me endpoint
2025-09-11 15:47:32 - routers.auth - INFO - Looking up user with email: admin@idealtransport.com
2025-09-11 15:47:34 - routers.auth - INFO - User authenticated successfully: admin@idealtransport.com
2025-09-11 15:47:34 - routers.auth - INFO - Validating token for /me endpoint
2025-09-11 15:47:34 - routers.auth - INFO - Looking up user with email: admin@idealtransport.com
2025-09-11 15:47:34 - routers.auth - INFO - User authenticated successfully: admin@idealtransport.com
2025-09-11 15:47:44 - routers.auth - INFO - Validating token for /me endpoint
2025-09-11 15:47:44 - routers.auth - INFO - Looking up user with email: admin@idealtransport.com
2025-09-11 15:47:45 - routers.auth - INFO - User authenticated successfully: admin@idealtransport.com
2025-09-11 15:57:31 - routers.auth - INFO - Validating token for /me endpoint
2025-09-11 15:57:31 - routers.auth - INFO - Looking up user with email: admin@idealtransport.com
2025-09-11 15:57:33 - routers.auth - INFO - User authenticated successfully: admin@idealtransport.com
2025-09-11 15:57:33 - routers.auth - INFO - Validating token for /me endpoint
2025-09-11 15:57:33 - routers.auth - INFO - Looking up user with email: admin@idealtransport.com
2025-09-11 15:57:33 - routers.auth - INFO - User authenticated successfully: admin@idealtransport.com
2025-09-11 15:57:35 - routers.auth - INFO - Validating token for /me endpoint
2025-09-11 15:57:35 - routers.auth - INFO - Looking up user with email: admin@idealtransport.com
2025-09-11 15:57:36 - routers.auth - INFO - User authenticated successfully: admin@idealtransport.com
2025-09-11 15:57:49 - routers.auth - INFO - Validating token for /me endpoint
2025-09-11 15:57:49 - routers.auth - INFO - Looking up user with email: admin@idealtransport.com
2025-09-11 15:57:49 - routers.auth - INFO - User authenticated successfully: admin@idealtransport.com
2025-09-11 15:57:49 - routers.auth - INFO - Validating token for /me endpoint
2025-09-11 15:57:49 - routers.auth - INFO - Looking up user with email: admin@idealtransport.com
2025-09-11 15:57:50 - routers.auth - INFO - User authenticated successfully: admin@idealtransport.com
2025-09-15 13:00:52 - routers.auth - INFO - Login attempt for user: admin@idealtransport.com
2025-09-15 13:00:52 - routers.auth - INFO - Authenticating user: admin@idealtransport.com
2025-09-15 13:00:52 - routers.auth - INFO - Looking up user with email: admin@idealtransport.com
2025-09-15 13:00:52 - routers.auth - INFO - User found: admin@idealtransport.com
2025-09-15 13:00:53 - routers.auth - INFO - Authentication successful: admin@idealtransport.com
2025-09-15 13:00:53 - routers.auth - INFO - Login successful: admin@idealtransport.com
2025-09-15 13:00:54 - routers.auth - INFO - Validating token for /me endpoint
2025-09-15 13:00:54 - routers.auth - INFO - Looking up user with email: admin@idealtransport.com
2025-09-15 13:00:54 - routers.auth - INFO - User authenticated successfully: admin@idealtransport.com
2025-09-15 13:00:55 - routers.auth - INFO - Validating token for /me endpoint
2025-09-15 13:00:55 - routers.auth - INFO - Looking up user with email: admin@idealtransport.com
2025-09-15 13:00:56 - routers.auth - INFO - User authenticated successfully: admin@idealtransport.com
2025-09-15 13:00:56 - routers.auth - INFO - Validating token for /me endpoint
2025-09-15 13:00:56 - routers.auth - INFO - Looking up user with email: admin@idealtransport.com
2025-09-15 13:00:58 - routers.auth - INFO - User authenticated successfully: admin@idealtransport.com
2025-09-15 13:00:58 - routers.auth - INFO - Validating token for /me endpoint
2025-09-15 13:00:58 - routers.auth - INFO - Looking up user with email: admin@idealtransport.com
2025-09-15 13:01:00 - routers.auth - INFO - User authenticated successfully: admin@idealtransport.com
2025-09-15 13:01:03 - routers.auth - INFO - Validating token for /me endpoint
2025-09-15 13:01:03 - routers.auth - INFO - Looking up user with email: admin@idealtransport.com
2025-09-15 13:01:04 - routers.auth - INFO - User authenticated successfully: admin@idealtransport.com
2025-09-15 13:02:07 - routers.auth - INFO - Validating token for /me endpoint
2025-09-15 13:02:07 - routers.auth - INFO - Looking up user with email: admin@idealtransport.com
2025-09-15 13:02:08 - routers.auth - INFO - User authenticated successfully: admin@idealtransport.com
2025-09-15 13:02:08 - routers.auth - INFO - Validating token for /me endpoint
2025-09-15 13:02:08 - routers.auth - INFO - Looking up user with email: admin@idealtransport.com
2025-09-15 13:02:08 - routers.auth - INFO - User authenticated successfully: admin@idealtransport.com
2025-09-15 13:09:31 - routers.auth - INFO - Validating token for /me endpoint
2025-09-15 13:09:31 - routers.auth - INFO - Looking up user with email: admin@idealtransport.com
2025-09-15 13:09:32 - routers.auth - INFO - User authenticated successfully: admin@idealtransport.com
2025-09-15 13:15:09 - routers.auth - INFO - Login attempt for user: admin@idealtransport.com
2025-09-15 13:15:09 - routers.auth - INFO - Authenticating user: admin@idealtransport.com
2025-09-15 13:15:09 - routers.auth - INFO - Looking up user with email: admin@idealtransport.com
2025-09-15 13:15:10 - routers.auth - INFO - User found: admin@idealtransport.com
2025-09-15 13:15:10 - routers.auth - INFO - Authentication successful: admin@idealtransport.com
2025-09-15 13:15:10 - routers.auth - INFO - Login successful: admin@idealtransport.com
2025-09-15 13:15:10 - routers.auth - INFO - Validating token for /me endpoint
2025-09-15 13:15:10 - routers.auth - INFO - Looking up user with email: admin@idealtransport.com
2025-09-15 13:15:11 - routers.auth - INFO - User authenticated successfully: admin@idealtransport.com
2025-09-15 13:15:11 - routers.auth - INFO - Validating token for /me endpoint
2025-09-15 13:15:11 - routers.auth - INFO - Looking up user with email: admin@idealtransport.com
2025-09-15 13:15:13 - routers.auth - INFO - User authenticated successfully: admin@idealtransport.com
2025-09-15 13:15:13 - routers.auth - INFO - Validating token for /me endpoint
2025-09-15 13:15:13 - routers.auth - INFO - Looking up user with email: admin@idealtransport.com
2025-09-15 13:15:14 - routers.auth - INFO - User authenticated successfully: admin@idealtransport.com
2025-09-15 13:15:14 - routers.auth - INFO - Validating token for /me endpoint
2025-09-15 13:15:14 - routers.auth - INFO - Looking up user with email: admin@idealtransport.com
2025-09-15 13:15:16 - routers.auth - INFO - User authenticated successfully: admin@idealtransport.com
2025-09-15 13:15:38 - routers.auth - INFO - Validating token for /me endpoint
2025-09-15 13:15:38 - routers.auth - INFO - Looking up user with email: admin@idealtransport.com
2025-09-15 13:15:38 - routers.auth - INFO - User authenticated successfully: admin@idealtransport.com
2025-09-15 13:23:12 - routers.auth - INFO - Validating token for /me endpoint
2025-09-15 13:23:12 - routers.auth - INFO - Looking up user with email: admin@idealtransport.com
2025-09-15 13:23:13 - routers.auth - INFO - User authenticated successfully: admin@idealtransport.com
2025-09-15 14:38:36 - routers.auth - INFO - Login attempt for user: admin@idealtransport.com
2025-09-15 14:38:36 - routers.auth - INFO - Authenticating user: admin@idealtransport.com
2025-09-15 14:38:36 - routers.auth - INFO - Looking up user with email: admin@idealtransport.com
2025-09-15 14:38:36 - routers.auth - INFO - User found: admin@idealtransport.com
2025-09-15 14:38:36 - routers.auth - INFO - Authentication successful: admin@idealtransport.com
2025-09-15 14:38:37 - routers.auth - INFO - Login successful: admin@idealtransport.com
2025-09-15 14:38:37 - routers.auth - INFO - Validating token for /me endpoint
2025-09-15 14:38:37 - routers.auth - INFO - Looking up user with email: admin@idealtransport.com
2025-09-15 14:38:37 - routers.auth - INFO - User authenticated successfully: admin@idealtransport.com
2025-09-15 14:38:38 - routers.auth - INFO - Validating token for /me endpoint
2025-09-15 14:38:38 - routers.auth - INFO - Looking up user with email: admin@idealtransport.com
2025-09-15 14:38:38 - routers.auth - INFO - User authenticated successfully: admin@idealtransport.com
2025-09-15 14:38:38 - routers.auth - INFO - Validating token for /me endpoint
2025-09-15 14:38:38 - routers.auth - INFO - Looking up user with email: admin@idealtransport.com
2025-09-15 14:38:40 - routers.auth - INFO - User authenticated successfully: admin@idealtransport.com
2025-09-15 14:38:40 - routers.auth - INFO - Validating token for /me endpoint
2025-09-15 14:38:40 - routers.auth - INFO - Looking up user with email: admin@idealtransport.com
2025-09-15 14:38:41 - routers.auth - INFO - User authenticated successfully: admin@idealtransport.com
2025-09-15 14:38:42 - routers.auth - INFO - Validating token for /me endpoint
2025-09-15 14:38:42 - routers.auth - INFO - Looking up user with email: admin@idealtransport.com
2025-09-15 14:38:43 - routers.auth - INFO - User authenticated successfully: admin@idealtransport.com
2025-09-15 14:40:08 - routers.auth - INFO - Validating token for /me endpoint
2025-09-15 14:40:08 - routers.auth - INFO - Looking up user with email: admin@idealtransport.com
2025-09-15 14:40:09 - routers.auth - INFO - User authenticated successfully: admin@idealtransport.com
2025-09-15 14:40:09 - routers.auth - INFO - Validating token for /me endpoint
2025-09-15 14:40:09 - routers.auth - INFO - Looking up user with email: admin@idealtransport.com
2025-09-15 14:40:09 - routers.auth - INFO - User authenticated successfully: admin@idealtransport.com
2025-09-15 14:42:13 - routers.auth - INFO - Validating token for /me endpoint
2025-09-15 14:42:14 - routers.auth - INFO - Looking up user with email: admin@idealtransport.com
2025-09-15 14:42:14 - routers.auth - INFO - User authenticated successfully: admin@idealtransport.com
2025-09-15 14:42:14 - routers.auth - INFO - Validating token for /me endpoint
2025-09-15 14:42:14 - routers.auth - INFO - Looking up user with email: admin@idealtransport.com
2025-09-15 14:42:15 - routers.auth - INFO - User authenticated successfully: admin@idealtransport.com
2025-09-15 14:42:15 - routers.auth - INFO - Validating token for /me endpoint
2025-09-15 14:42:15 - routers.auth - INFO - Looking up user with email: admin@idealtransport.com
2025-09-15 14:42:15 - routers.auth - INFO - User authenticated successfully: admin@idealtransport.com
2025-09-15 14:42:15 - routers.auth - INFO - Validating token for /me endpoint
2025-09-15 14:42:15 - routers.auth - INFO - Looking up user with email: admin@idealtransport.com
2025-09-15 14:42:16 - routers.auth - INFO - User authenticated successfully: admin@idealtransport.com
2025-09-15 15:02:45 - routers.auth - INFO - Login attempt for user: admin@idealtransport.com
2025-09-15 15:02:45 - routers.auth - INFO - Authenticating user: admin@idealtransport.com
2025-09-15 15:02:45 - routers.auth - INFO - Looking up user with email: admin@idealtransport.com
2025-09-15 15:02:46 - routers.auth - INFO - User found: admin@idealtransport.com
2025-09-15 15:02:46 - routers.auth - INFO - Authentication successful: admin@idealtransport.com
2025-09-15 15:02:46 - routers.auth - INFO - Login successful: admin@idealtransport.com
2025-09-15 15:02:47 - routers.auth - INFO - Validating token for /me endpoint
2025-09-15 15:02:47 - routers.auth - INFO - Looking up user with email: admin@idealtransport.com
2025-09-15 15:02:48 - routers.auth - INFO - User authenticated successfully: admin@idealtransport.com
2025-09-15 15:02:48 - routers.auth - INFO - Validating token for /me endpoint
2025-09-15 15:02:48 - routers.auth - INFO - Looking up user with email: admin@idealtransport.com
2025-09-15 15:02:48 - routers.auth - INFO - User authenticated successfully: admin@idealtransport.com
2025-09-15 15:02:48 - routers.auth - INFO - Validating token for /me endpoint
2025-09-15 15:02:48 - routers.auth - INFO - Looking up user with email: admin@idealtransport.com
2025-09-15 15:02:49 - routers.auth - INFO - User authenticated successfully: admin@idealtransport.com
2025-09-15 15:02:49 - routers.auth - INFO - Validating token for /me endpoint
2025-09-15 15:02:49 - routers.auth - INFO - Looking up user with email: admin@idealtransport.com
2025-09-15 15:02:49 - routers.auth - INFO - User authenticated successfully: admin@idealtransport.com
2025-09-15 15:02:53 - routers.auth - INFO - Validating token for /me endpoint
2025-09-15 15:02:53 - routers.auth - INFO - Looking up user with email: admin@idealtransport.com
2025-09-15 15:02:54 - routers.auth - INFO - User authenticated successfully: admin@idealtransport.com
2025-09-15 15:05:58 - routers.auth - INFO - Validating token for /me endpoint
2025-09-15 15:05:59 - routers.auth - INFO - Looking up user with email: admin@idealtransport.com
2025-09-15 15:05:59 - routers.auth - INFO - User authenticated successfully: admin@idealtransport.com
2025-09-15 15:05:59 - routers.auth - INFO - Validating token for /me endpoint
2025-09-15 15:05:59 - routers.auth - INFO - Looking up user with email: admin@idealtransport.com
2025-09-15 15:06:00 - routers.auth - INFO - User authenticated successfully: admin@idealtransport.com
2025-09-15 15:06:00 - routers.auth - INFO - Validating token for /me endpoint
2025-09-15 15:06:00 - routers.auth - INFO - Looking up user with email: admin@idealtransport.com
2025-09-15 15:06:00 - routers.auth - INFO - User authenticated successfully: admin@idealtransport.com
2025-09-15 15:06:00 - routers.auth - INFO - Validating token for /me endpoint
2025-09-15 15:06:00 - routers.auth - INFO - Looking up user with email: admin@idealtransport.com
2025-09-15 15:06:01 - routers.auth - INFO - User authenticated successfully: admin@idealtransport.com
2025-09-15 15:07:29 - routers.auth - INFO - Validating token for /me endpoint
2025-09-15 15:07:29 - routers.auth - INFO - Looking up user with email: admin@idealtransport.com
2025-09-15 15:07:30 - routers.auth - INFO - User authenticated successfully: admin@idealtransport.com
2025-09-15 15:07:30 - routers.auth - INFO - Validating token for /me endpoint
2025-09-15 15:07:30 - routers.auth - INFO - Looking up user with email: admin@idealtransport.com
2025-09-15 15:07:30 - routers.auth - INFO - User authenticated successfully: admin@idealtransport.com
2025-09-15 15:07:30 - routers.auth - INFO - Validating token for /me endpoint
2025-09-15 15:07:30 - routers.auth - INFO - Looking up user with email: admin@idealtransport.com
2025-09-15 15:07:31 - routers.auth - INFO - User authenticated successfully: admin@idealtransport.com
2025-09-15 15:07:31 - routers.auth - INFO - Validating token for /me endpoint
2025-09-15 15:07:31 - routers.auth - INFO - Looking up user with email: admin@idealtransport.com
2025-09-15 15:07:31 - routers.auth - INFO - User authenticated successfully: admin@idealtransport.com
2025-09-15 15:16:25 - routers.auth - INFO - Login attempt for user: admin@idealtransport.com
2025-09-15 15:16:25 - routers.auth - INFO - Authenticating user: admin@idealtransport.com
2025-09-15 15:16:25 - routers.auth - INFO - Looking up user with email: admin@idealtransport.com
2025-09-15 15:16:26 - routers.auth - INFO - User found: admin@idealtransport.com
2025-09-15 15:16:26 - routers.auth - INFO - Authentication successful: admin@idealtransport.com
2025-09-15 15:16:27 - routers.auth - INFO - Login successful: admin@idealtransport.com
2025-09-15 15:16:28 - routers.auth - INFO - Validating token for /me endpoint
2025-09-15 15:16:28 - routers.auth - INFO - Looking up user with email: admin@idealtransport.com
2025-09-15 15:16:29 - routers.auth - INFO - User authenticated successfully: admin@idealtransport.com
2025-09-15 15:16:29 - routers.auth - INFO - Validating token for /me endpoint
2025-09-15 15:16:29 - routers.auth - INFO - Looking up user with email: admin@idealtransport.com
2025-09-15 15:16:30 - routers.auth - INFO - User authenticated successfully: admin@idealtransport.com
2025-09-15 15:16:30 - routers.auth - INFO - Validating token for /me endpoint
2025-09-15 15:16:30 - routers.auth - INFO - Looking up user with email: admin@idealtransport.com
2025-09-15 15:16:32 - routers.auth - INFO - User authenticated successfully: admin@idealtransport.com
2025-09-15 15:16:32 - routers.auth - INFO - Validating token for /me endpoint
2025-09-15 15:16:32 - routers.auth - INFO - Looking up user with email: admin@idealtransport.com
2025-09-15 15:16:32 - routers.auth - INFO - User authenticated successfully: admin@idealtransport.com
2025-09-15 15:16:32 - routers.auth - INFO - Validating token for /me endpoint
2025-09-15 15:16:32 - routers.auth - INFO - Looking up user with email: admin@idealtransport.com
2025-09-15 15:16:34 - routers.auth - INFO - User authenticated successfully: admin@idealtransport.com
2025-09-15 15:20:54 - routers.auth - INFO - Validating token for /me endpoint
2025-09-15 15:20:55 - routers.auth - INFO - Looking up user with email: admin@idealtransport.com
2025-09-15 15:20:55 - routers.auth - INFO - User authenticated successfully: admin@idealtransport.com
2025-09-15 15:20:55 - routers.auth - INFO - Validating token for /me endpoint
2025-09-15 15:20:55 - routers.auth - INFO - Looking up user with email: admin@idealtransport.com
2025-09-15 15:20:56 - routers.auth - INFO - User authenticated successfully: admin@idealtransport.com
2025-09-15 15:20:56 - routers.auth - INFO - Validating token for /me endpoint
2025-09-15 15:20:56 - routers.auth - INFO - Looking up user with email: admin@idealtransport.com
2025-09-15 15:20:56 - routers.auth - INFO - User authenticated successfully: admin@idealtransport.com
2025-09-15 15:20:56 - routers.auth - INFO - Validating token for /me endpoint
2025-09-15 15:20:56 - routers.auth - INFO - Looking up user with email: admin@idealtransport.com
2025-09-15 15:20:57 - routers.auth - INFO - User authenticated successfully: admin@idealtransport.com
2025-09-15 15:39:56 - routers.auth - INFO - Login attempt for user: admin@idealtransport.com
2025-09-15 15:39:56 - routers.auth - INFO - Authenticating user: admin@idealtransport.com
2025-09-15 15:39:56 - routers.auth - INFO - Looking up user with email: admin@idealtransport.com
2025-09-15 15:39:56 - routers.auth - INFO - User found: admin@idealtransport.com
2025-09-15 15:39:57 - routers.auth - INFO - Authentication successful: admin@idealtransport.com
2025-09-15 15:39:57 - routers.auth - INFO - Login successful: admin@idealtransport.com
2025-09-15 15:39:57 - routers.auth - INFO - Validating token for /me endpoint
2025-09-15 15:39:57 - routers.auth - INFO - Looking up user with email: admin@idealtransport.com
2025-09-15 15:39:58 - routers.auth - INFO - User authenticated successfully: admin@idealtransport.com
2025-09-15 15:39:58 - routers.auth - INFO - Validating token for /me endpoint
2025-09-15 15:39:58 - routers.auth - INFO - Looking up user with email: admin@idealtransport.com
2025-09-15 15:40:00 - routers.auth - INFO - User authenticated successfully: admin@idealtransport.com
2025-09-15 15:40:00 - routers.auth - INFO - Validating token for /me endpoint
2025-09-15 15:40:00 - routers.auth - INFO - Looking up user with email: admin@idealtransport.com
2025-09-15 15:40:01 - routers.auth - INFO - User authenticated successfully: admin@idealtransport.com
2025-09-15 15:40:01 - routers.auth - INFO - Validating token for /me endpoint
2025-09-15 15:40:01 - routers.auth - INFO - Looking up user with email: admin@idealtransport.com
2025-09-15 15:40:02 - routers.auth - INFO - User authenticated successfully: admin@idealtransport.com
2025-09-15 15:40:07 - routers.auth - INFO - Validating token for /me endpoint
2025-09-15 15:40:07 - routers.auth - INFO - Looking up user with email: admin@idealtransport.com
2025-09-15 15:40:07 - routers.auth - INFO - User authenticated successfully: admin@idealtransport.com
2025-09-15 15:40:24 - routers.auth - INFO - Validating token for /me endpoint
2025-09-15 15:40:24 - routers.auth - INFO - Looking up user with email: admin@idealtransport.com
2025-09-15 15:40:25 - routers.auth - INFO - User authenticated successfully: admin@idealtransport.com
2025-09-15 15:40:25 - routers.auth - INFO - Validating token for /me endpoint
2025-09-15 15:40:25 - routers.auth - INFO - Looking up user with email: admin@idealtransport.com
2025-09-15 15:40:25 - routers.auth - INFO - User authenticated successfully: admin@idealtransport.com
2025-09-15 15:40:25 - routers.auth - INFO - Validating token for /me endpoint
2025-09-15 15:40:25 - routers.auth - INFO - Looking up user with email: admin@idealtransport.com
2025-09-15 15:40:26 - routers.auth - INFO - User authenticated successfully: admin@idealtransport.com
2025-09-15 15:40:26 - routers.auth - INFO - Validating token for /me endpoint
2025-09-15 15:40:26 - routers.auth - INFO - Looking up user with email: admin@idealtransport.com
2025-09-15 15:40:28 - routers.auth - INFO - User authenticated successfully: admin@idealtransport.com
2025-09-15 15:41:17 - routers.auth - INFO - Validating token for /me endpoint
2025-09-15 15:41:17 - routers.auth - INFO - Looking up user with email: admin@idealtransport.com
2025-09-15 15:41:18 - routers.auth - INFO - User authenticated successfully: admin@idealtransport.com
2025-09-15 15:41:18 - routers.auth - INFO - Validating token for /me endpoint
2025-09-15 15:41:18 - routers.auth - INFO - Looking up user with email: admin@idealtransport.com
2025-09-15 15:41:20 - routers.auth - INFO - User authenticated successfully: admin@idealtransport.com
2025-09-15 16:10:08 - routers.auth - INFO - Validating token for /me endpoint
2025-09-15 16:10:08 - routers.auth - INFO - Validating token for /me endpoint
2025-09-15 16:10:08 - routers.auth - INFO - Validating token for /me endpoint
2025-09-15 16:10:08 - routers.auth - INFO - Validating token for /me endpoint
2025-09-15 16:10:08 - routers.auth - INFO - Validating token for /me endpoint
2025-09-15 16:31:38 - routers.auth - INFO - Login attempt for user: admin@idealtransport.com
2025-09-15 16:31:38 - routers.auth - INFO - Authenticating user: admin@idealtransport.com
2025-09-15 16:31:38 - routers.auth - INFO - Looking up user with email: admin@idealtransport.com
2025-09-15 16:31:38 - routers.auth - INFO - User found: admin@idealtransport.com
2025-09-15 16:31:39 - routers.auth - INFO - Authentication successful: admin@idealtransport.com
2025-09-15 16:31:39 - routers.auth - INFO - Login successful: admin@idealtransport.com
2025-09-15 16:31:41 - routers.auth - INFO - Validating token for /me endpoint
2025-09-15 16:31:41 - routers.auth - INFO - Looking up user with email: admin@idealtransport.com
2025-09-15 16:31:41 - routers.auth - INFO - User authenticated successfully: admin@idealtransport.com
2025-09-15 16:31:41 - routers.auth - INFO - Validating token for /me endpoint
2025-09-15 16:31:41 - routers.auth - INFO - Looking up user with email: admin@idealtransport.com
2025-09-15 16:31:42 - routers.auth - INFO - User authenticated successfully: admin@idealtransport.com
2025-09-15 16:31:42 - routers.auth - INFO - Validating token for /me endpoint
2025-09-15 16:31:42 - routers.auth - INFO - Looking up user with email: admin@idealtransport.com
2025-09-15 16:31:42 - routers.auth - INFO - User authenticated successfully: admin@idealtransport.com
2025-09-15 16:31:42 - routers.auth - INFO - Validating token for /me endpoint
2025-09-15 16:31:42 - routers.auth - INFO - Looking up user with email: admin@idealtransport.com
2025-09-15 16:31:44 - routers.auth - INFO - User authenticated successfully: admin@idealtransport.com
2025-09-15 16:32:08 - routers.auth - INFO - Validating token for /me endpoint
2025-09-15 16:32:08 - routers.auth - INFO - Looking up user with email: admin@idealtransport.com
2025-09-15 16:32:09 - routers.auth - INFO - User authenticated successfully: admin@idealtransport.com
2025-09-15 16:45:32 - routers.auth - INFO - Validating token for /me endpoint
2025-09-15 16:45:32 - routers.auth - INFO - Looking up user with email: admin@idealtransport.com
2025-09-15 16:45:33 - routers.auth - INFO - User authenticated successfully: admin@idealtransport.com
2025-09-15 16:45:46 - routers.auth - INFO - Validating token for /me endpoint
2025-09-15 16:45:46 - routers.auth - INFO - Looking up user with email: admin@idealtransport.com
2025-09-15 16:45:47 - routers.auth - INFO - User authenticated successfully: admin@idealtransport.com
2025-09-15 16:45:47 - routers.auth - INFO - Validating token for /me endpoint
2025-09-15 16:45:47 - routers.auth - INFO - Looking up user with email: admin@idealtransport.com
2025-09-15 16:45:48 - routers.auth - INFO - User authenticated successfully: admin@idealtransport.com
2025-09-15 16:45:48 - routers.auth - INFO - Validating token for /me endpoint
2025-09-15 16:45:48 - routers.auth - INFO - Looking up user with email: admin@idealtransport.com
2025-09-15 16:45:50 - routers.auth - INFO - User authenticated successfully: admin@idealtransport.com
2025-09-15 16:45:50 - routers.auth - INFO - Validating token for /me endpoint
2025-09-15 16:45:50 - routers.auth - INFO - Looking up user with email: admin@idealtransport.com
2025-09-15 16:45:52 - routers.auth - INFO - User authenticated successfully: admin@idealtransport.com
2025-09-15 17:03:58 - routers.auth - INFO - Login attempt for user: admin@idealtransport.com
2025-09-15 17:03:58 - routers.auth - INFO - Authenticating user: admin@idealtransport.com
2025-09-15 17:03:58 - routers.auth - INFO - Looking up user with email: admin@idealtransport.com
2025-09-15 17:03:59 - routers.auth - INFO - User found: admin@idealtransport.com
2025-09-15 17:03:59 - routers.auth - INFO - Authentication successful: admin@idealtransport.com
2025-09-15 17:03:59 - routers.auth - INFO - Login successful: admin@idealtransport.com
2025-09-15 17:04:06 - routers.auth - INFO - Validating token for /me endpoint
2025-09-15 17:04:06 - routers.auth - INFO - Looking up user with email: admin@idealtransport.com
2025-09-15 17:04:07 - routers.auth - INFO - User authenticated successfully: admin@idealtransport.com
2025-09-15 17:04:07 - routers.auth - INFO - Validating token for /me endpoint
2025-09-15 17:04:07 - routers.auth - INFO - Looking up user with email: admin@idealtransport.com
2025-09-15 17:04:08 - routers.auth - INFO - User authenticated successfully: admin@idealtransport.com
2025-09-15 17:04:08 - routers.auth - INFO - Validating token for /me endpoint
2025-09-15 17:04:08 - routers.auth - INFO - Looking up user with email: admin@idealtransport.com
2025-09-15 17:04:10 - routers.auth - INFO - User authenticated successfully: admin@idealtransport.com
2025-09-15 17:04:10 - routers.auth - INFO - Validating token for /me endpoint
2025-09-15 17:04:10 - routers.auth - INFO - Looking up user with email: admin@idealtransport.com
2025-09-15 17:04:12 - routers.auth - INFO - User authenticated successfully: admin@idealtransport.com
2025-09-15 17:04:12 - routers.auth - INFO - Validating token for /me endpoint
2025-09-15 17:04:12 - routers.auth - INFO - Looking up user with email: admin@idealtransport.com
2025-09-15 17:04:12 - routers.auth - INFO - User authenticated successfully: admin@idealtransport.com
2025-09-15 17:04:47 - routers.auth - INFO - Validating token for /me endpoint
2025-09-15 17:04:47 - routers.auth - INFO - Looking up user with email: admin@idealtransport.com
2025-09-15 17:04:48 - routers.auth - INFO - User authenticated successfully: admin@idealtransport.com
2025-09-15 17:04:48 - routers.auth - INFO - Validating token for /me endpoint
2025-09-15 17:04:48 - routers.auth - INFO - Looking up user with email: admin@idealtransport.com
2025-09-15 17:04:48 - routers.auth - INFO - User authenticated successfully: admin@idealtransport.com
2025-09-15 17:04:48 - routers.auth - INFO - Validating token for /me endpoint
2025-09-15 17:04:48 - routers.auth - INFO - Looking up user with email: admin@idealtransport.com
2025-09-15 17:04:49 - routers.auth - INFO - User authenticated successfully: admin@idealtransport.com
2025-09-15 17:04:49 - routers.auth - INFO - Validating token for /me endpoint
2025-09-15 17:04:49 - routers.auth - INFO - Looking up user with email: admin@idealtransport.com
2025-09-15 17:04:49 - routers.auth - INFO - User authenticated successfully: admin@idealtransport.com
2025-09-15 17:08:03 - routers.auth - INFO - Validating token for /me endpoint
2025-09-15 17:08:03 - routers.auth - INFO - Looking up user with email: admin@idealtransport.com
2025-09-15 17:08:04 - routers.auth - INFO - User authenticated successfully: admin@idealtransport.com
2025-09-15 17:08:04 - routers.auth - INFO - Validating token for /me endpoint
2025-09-15 17:08:04 - routers.auth - INFO - Looking up user with email: admin@idealtransport.com
2025-09-15 17:08:04 - routers.auth - INFO - User authenticated successfully: admin@idealtransport.com
2025-09-15 17:08:04 - routers.auth - INFO - Validating token for /me endpoint
2025-09-15 17:08:04 - routers.auth - INFO - Looking up user with email: admin@idealtransport.com
2025-09-15 17:08:05 - routers.auth - INFO - User authenticated successfully: admin@idealtransport.com
2025-09-15 17:08:05 - routers.auth - INFO - Validating token for /me endpoint
2025-09-15 17:08:05 - routers.auth - INFO - Looking up user with email: admin@idealtransport.com
2025-09-15 17:08:05 - routers.auth - INFO - User authenticated successfully: admin@idealtransport.com
2025-09-15 17:11:29 - routers.auth - INFO - Login attempt for user: admin@idealtransport.com
2025-09-15 17:11:29 - routers.auth - INFO - Authenticating user: admin@idealtransport.com
2025-09-15 17:11:29 - routers.auth - INFO - Looking up user with email: admin@idealtransport.com
2025-09-15 17:11:30 - routers.auth - INFO - User found: admin@idealtransport.com
2025-09-15 17:11:30 - routers.auth - INFO - Authentication successful: admin@idealtransport.com
2025-09-15 17:11:30 - routers.auth - INFO - Login successful: admin@idealtransport.com
2025-09-15 17:11:31 - routers.auth - INFO - Validating token for /me endpoint
2025-09-15 17:11:31 - routers.auth - INFO - Looking up user with email: admin@idealtransport.com
2025-09-15 17:11:31 - routers.auth - INFO - User authenticated successfully: admin@idealtransport.com
2025-09-15 17:11:31 - routers.auth - INFO - Validating token for /me endpoint
2025-09-15 17:11:31 - routers.auth - INFO - Looking up user with email: admin@idealtransport.com
2025-09-15 17:11:32 - routers.auth - INFO - User authenticated successfully: admin@idealtransport.com
2025-09-15 17:11:32 - routers.auth - INFO - Validating token for /me endpoint
2025-09-15 17:11:32 - routers.auth - INFO - Looking up user with email: admin@idealtransport.com
2025-09-15 17:11:32 - routers.auth - INFO - User authenticated successfully: admin@idealtransport.com
2025-09-15 17:11:32 - routers.auth - INFO - Validating token for /me endpoint
2025-09-15 17:11:32 - routers.auth - INFO - Looking up user with email: admin@idealtransport.com
2025-09-15 17:11:33 - routers.auth - INFO - User authenticated successfully: admin@idealtransport.com
2025-09-15 17:11:44 - routers.auth - INFO - Validating token for /me endpoint
2025-09-15 17:11:44 - routers.auth - INFO - Looking up user with email: admin@idealtransport.com
2025-09-15 17:11:45 - routers.auth - INFO - User authenticated successfully: admin@idealtransport.com
2025-09-15 17:16:05 - routers.auth - INFO - Validating token for /me endpoint
2025-09-15 17:16:05 - routers.auth - INFO - Looking up user with email: admin@idealtransport.com
2025-09-15 17:16:05 - routers.auth - INFO - User authenticated successfully: admin@idealtransport.com
2025-09-15 17:16:05 - routers.auth - INFO - Validating token for /me endpoint
2025-09-15 17:16:05 - routers.auth - INFO - Looking up user with email: admin@idealtransport.com
2025-09-15 17:16:06 - routers.auth - INFO - User authenticated successfully: admin@idealtransport.com
2025-09-15 17:16:06 - routers.auth - INFO - Validating token for /me endpoint
2025-09-15 17:16:06 - routers.auth - INFO - Looking up user with email: admin@idealtransport.com
2025-09-15 17:16:06 - routers.auth - INFO - User authenticated successfully: admin@idealtransport.com
2025-09-15 17:16:06 - routers.auth - INFO - Validating token for /me endpoint
2025-09-15 17:16:06 - routers.auth - INFO - Looking up user with email: admin@idealtransport.com
2025-09-15 17:16:07 - routers.auth - INFO - User authenticated successfully: admin@idealtransport.com
2025-09-15 17:36:37 - routers.auth - INFO - Login attempt for user: admin@idealtransport.com
2025-09-15 17:36:37 - routers.auth - INFO - Authenticating user: admin@idealtransport.com
2025-09-15 17:36:37 - routers.auth - INFO - Looking up user with email: admin@idealtransport.com
2025-09-15 17:36:38 - routers.auth - INFO - User found: admin@idealtransport.com
2025-09-15 17:36:38 - routers.auth - INFO - Authentication successful: admin@idealtransport.com
2025-09-15 17:36:38 - routers.auth - INFO - Login successful: admin@idealtransport.com
2025-09-15 17:36:39 - routers.auth - INFO - Validating token for /me endpoint
2025-09-15 17:36:39 - routers.auth - INFO - Looking up user with email: admin@idealtransport.com
2025-09-15 17:36:40 - routers.auth - INFO - User authenticated successfully: admin@idealtransport.com
2025-09-15 17:36:40 - routers.auth - INFO - Validating token for /me endpoint
2025-09-15 17:36:40 - routers.auth - INFO - Looking up user with email: admin@idealtransport.com
2025-09-15 17:36:40 - routers.auth - INFO - User authenticated successfully: admin@idealtransport.com
2025-09-15 17:36:40 - routers.auth - INFO - Validating token for /me endpoint
2025-09-15 17:36:40 - routers.auth - INFO - Looking up user with email: admin@idealtransport.com
2025-09-15 17:36:41 - routers.auth - INFO - User authenticated successfully: admin@idealtransport.com
2025-09-15 17:36:41 - routers.auth - INFO - Validating token for /me endpoint
2025-09-15 17:36:41 - routers.auth - INFO - Looking up user with email: admin@idealtransport.com
2025-09-15 17:36:41 - routers.auth - INFO - User authenticated successfully: admin@idealtransport.com
2025-09-15 17:36:46 - routers.auth - INFO - Validating token for /me endpoint
2025-09-15 17:36:46 - routers.auth - INFO - Looking up user with email: admin@idealtransport.com
2025-09-15 17:36:46 - routers.auth - INFO - User authenticated successfully: admin@idealtransport.com
2025-09-15 17:38:05 - routers.auth - INFO - Validating token for /me endpoint
2025-09-15 17:38:05 - routers.auth - INFO - Looking up user with email: admin@idealtransport.com
2025-09-15 17:38:06 - routers.auth - INFO - User authenticated successfully: admin@idealtransport.com
2025-09-15 17:38:06 - routers.auth - INFO - Validating token for /me endpoint
2025-09-15 17:38:06 - routers.auth - INFO - Looking up user with email: admin@idealtransport.com
2025-09-15 17:38:06 - routers.auth - INFO - User authenticated successfully: admin@idealtransport.com
2025-09-27 18:33:45 - routers.auth - INFO - Login attempt for user: admin@idealtransport.com
2025-09-27 18:33:45 - routers.auth - INFO - Authenticating user: admin@idealtransport.com
2025-09-27 18:33:45 - routers.auth - INFO - Looking up user with email: admin@idealtransport.com
2025-09-27 18:33:45 - routers.auth - INFO - User found: admin@idealtransport.com
2025-09-27 18:33:46 - routers.auth - INFO - Authentication successful: admin@idealtransport.com
2025-09-27 18:33:46 - routers.auth - INFO - Login successful: admin@idealtransport.com
2025-09-27 18:33:48 - routers.auth - INFO - Validating token for /me endpoint
2025-09-27 18:33:48 - routers.auth - INFO - Looking up user with email: admin@idealtransport.com
2025-09-27 18:33:48 - routers.auth - INFO - User authenticated successfully: admin@idealtransport.com
2025-09-27 18:33:48 - routers.auth - INFO - Validating token for /me endpoint
2025-09-27 18:33:48 - routers.auth - INFO - Looking up user with email: admin@idealtransport.com
2025-09-27 18:33:50 - routers.auth - INFO - User authenticated successfully: admin@idealtransport.com
2025-09-27 18:33:50 - routers.auth - INFO - Validating token for /me endpoint
2025-09-27 18:33:50 - routers.auth - INFO - Looking up user with email: admin@idealtransport.com
2025-09-27 18:33:51 - routers.auth - INFO - User authenticated successfully: admin@idealtransport.com
2025-09-27 18:33:51 - routers.auth - INFO - Validating token for /me endpoint
2025-09-27 18:33:51 - routers.auth - INFO - Looking up user with email: admin@idealtransport.com
2025-09-27 18:33:52 - routers.auth - INFO - User authenticated successfully: admin@idealtransport.com
2025-09-27 18:33:56 - routers.auth - INFO - Validating token for /me endpoint
2025-09-27 18:33:56 - routers.auth - INFO - Looking up user with email: admin@idealtransport.com
2025-09-27 18:33:57 - routers.auth - INFO - User authenticated successfully: admin@idealtransport.com
2025-09-27 18:33:57 - routers.auth - INFO - Validating token for /me endpoint
2025-09-27 18:33:57 - routers.auth - INFO - Looking up user with email: admin@idealtransport.com
2025-09-27 18:33:57 - routers.auth - INFO - User authenticated successfully: admin@idealtransport.com
2025-09-27 18:34:00 - routers.auth - INFO - Validating token for /me endpoint
2025-09-27 18:34:00 - routers.auth - INFO - Looking up user with email: admin@idealtransport.com
2025-09-27 18:34:01 - routers.auth - INFO - User authenticated successfully: admin@idealtransport.com
2025-09-27 18:34:01 - routers.auth - INFO - Validating token for /me endpoint
2025-09-27 18:34:01 - routers.auth - INFO - Looking up user with email: admin@idealtransport.com
2025-09-27 18:34:01 - routers.auth - INFO - User authenticated successfully: admin@idealtransport.com
2025-09-27 18:42:33 - routers.auth - INFO - Login attempt for user: admin@idealtransport.com
2025-09-27 18:42:33 - routers.auth - INFO - Authenticating user: admin@idealtransport.com
2025-09-27 18:42:33 - routers.auth - INFO - Looking up user with email: admin@idealtransport.com
2025-09-27 18:42:33 - routers.auth - INFO - User found: admin@idealtransport.com
2025-09-27 18:42:34 - routers.auth - INFO - Authentication successful: admin@idealtransport.com
2025-09-27 18:42:34 - routers.auth - INFO - Login successful: admin@idealtransport.com
2025-09-27 18:42:35 - routers.auth - INFO - Validating token for /me endpoint
2025-09-27 18:42:35 - routers.auth - INFO - Looking up user with email: admin@idealtransport.com
2025-09-27 18:42:36 - routers.auth - INFO - User authenticated successfully: admin@idealtransport.com
2025-09-27 18:42:36 - routers.auth - INFO - Validating token for /me endpoint
2025-09-27 18:42:36 - routers.auth - INFO - Looking up user with email: admin@idealtransport.com
2025-09-27 18:42:37 - routers.auth - INFO - User authenticated successfully: admin@idealtransport.com
2025-09-27 18:42:37 - routers.auth - INFO - Validating token for /me endpoint
2025-09-27 18:42:37 - routers.auth - INFO - Looking up user with email: admin@idealtransport.com
2025-09-27 18:42:37 - routers.auth - INFO - User authenticated successfully: admin@idealtransport.com
2025-09-27 18:42:37 - routers.auth - INFO - Validating token for /me endpoint
2025-09-27 18:42:37 - routers.auth - INFO - Looking up user with email: admin@idealtransport.com
2025-09-27 18:42:38 - routers.auth - INFO - User authenticated successfully: admin@idealtransport.com
2025-09-27 18:43:54 - routers.auth - INFO - Validating token for /me endpoint
2025-09-27 18:43:54 - routers.auth - INFO - Looking up user with email: admin@idealtransport.com
2025-09-27 18:43:54 - routers.auth - INFO - User authenticated successfully: admin@idealtransport.com
2025-09-27 18:43:54 - routers.auth - INFO - Validating token for /me endpoint
2025-09-27 18:43:54 - routers.auth - INFO - Looking up user with email: admin@idealtransport.com
2025-09-27 18:43:55 - routers.auth - INFO - User authenticated successfully: admin@idealtransport.com
2025-09-27 18:44:05 - routers.auth - INFO - Validating token for /me endpoint
2025-09-27 18:44:05 - routers.auth - INFO - Looking up user with email: admin@idealtransport.com
2025-09-27 18:44:05 - routers.auth - INFO - User authenticated successfully: admin@idealtransport.com
2025-09-27 18:44:05 - routers.auth - INFO - Validating token for /me endpoint
2025-09-27 18:44:05 - routers.auth - INFO - Looking up user with email: admin@idealtransport.com
2025-09-27 18:44:06 - routers.auth - INFO - User authenticated successfully: admin@idealtransport.com
2025-09-27 18:44:42 - routers.auth - INFO - Validating token for /me endpoint
2025-09-27 18:44:42 - routers.auth - INFO - Looking up user with email: admin@idealtransport.com
2025-09-27 18:44:42 - routers.auth - INFO - User authenticated successfully: admin@idealtransport.com
2025-09-27 18:54:13 - routers.auth - INFO - Login attempt for user: admin@idealtransport.com
2025-09-27 18:54:13 - routers.auth - INFO - Authenticating user: admin@idealtransport.com
2025-09-27 18:54:13 - routers.auth - INFO - Looking up user with email: admin@idealtransport.com
2025-09-27 18:54:14 - routers.auth - INFO - User found: admin@idealtransport.com
2025-09-27 18:54:14 - routers.auth - INFO - Authentication successful: admin@idealtransport.com
2025-09-27 18:54:14 - routers.auth - INFO - Login successful: admin@idealtransport.com
2025-09-27 18:54:23 - routers.auth - INFO - Validating token for /me endpoint
2025-09-27 18:54:23 - routers.auth - INFO - Looking up user with email: admin@idealtransport.com
2025-09-27 18:54:23 - routers.auth - INFO - User authenticated successfully: admin@idealtransport.com
2025-09-27 18:54:23 - routers.auth - INFO - Validating token for /me endpoint
2025-09-27 18:54:23 - routers.auth - INFO - Looking up user with email: admin@idealtransport.com
2025-09-27 18:54:25 - routers.auth - INFO - User authenticated successfully: admin@idealtransport.com
2025-09-27 18:54:25 - routers.auth - INFO - Validating token for /me endpoint
2025-09-27 18:54:25 - routers.auth - INFO - Looking up user with email: admin@idealtransport.com
2025-09-27 18:54:27 - routers.auth - INFO - User authenticated successfully: admin@idealtransport.com
2025-09-27 18:54:27 - routers.auth - INFO - Validating token for /me endpoint
2025-09-27 18:54:27 - routers.auth - INFO - Looking up user with email: admin@idealtransport.com
2025-09-27 18:54:28 - routers.auth - INFO - User authenticated successfully: admin@idealtransport.com
2025-09-27 18:54:28 - routers.auth - INFO - Validating token for /me endpoint
2025-09-27 18:54:28 - routers.auth - INFO - Looking up user with email: admin@idealtransport.com
2025-09-27 18:54:30 - routers.auth - INFO - User authenticated successfully: admin@idealtransport.com
2025-09-27 18:54:30 - routers.auth - INFO - Validating token for /me endpoint
2025-09-27 18:54:30 - routers.auth - INFO - Looking up user with email: admin@idealtransport.com
2025-09-27 18:54:31 - routers.auth - INFO - User authenticated successfully: admin@idealtransport.com
2025-09-27 18:54:44 - routers.auth - INFO - Validating token for /me endpoint
2025-09-27 18:54:44 - routers.auth - INFO - Looking up user with email: admin@idealtransport.com
2025-09-27 18:54:44 - routers.auth - INFO - User authenticated successfully: admin@idealtransport.com
2025-09-27 19:07:38 - routers.auth - INFO - Login attempt for user: admin@idealtransport.com
2025-09-27 19:07:38 - routers.auth - INFO - Authenticating user: admin@idealtransport.com
2025-09-27 19:07:38 - routers.auth - INFO - Looking up user with email: admin@idealtransport.com
2025-09-27 19:07:39 - routers.auth - INFO - User found: admin@idealtransport.com
2025-09-27 19:07:39 - routers.auth - INFO - Authentication successful: admin@idealtransport.com
2025-09-27 19:07:39 - routers.auth - INFO - Login successful: admin@idealtransport.com
2025-09-27 19:07:42 - routers.auth - INFO - Validating token for /me endpoint
2025-09-27 19:07:42 - routers.auth - INFO - Looking up user with email: admin@idealtransport.com
2025-09-27 19:07:42 - routers.auth - INFO - User authenticated successfully: admin@idealtransport.com
2025-09-27 19:07:42 - routers.auth - INFO - Validating token for /me endpoint
2025-09-27 19:07:42 - routers.auth - INFO - Looking up user with email: admin@idealtransport.com
2025-09-27 19:07:44 - routers.auth - INFO - User authenticated successfully: admin@idealtransport.com
2025-09-27 19:07:44 - routers.auth - INFO - Validating token for /me endpoint
2025-09-27 19:07:44 - routers.auth - INFO - Looking up user with email: admin@idealtransport.com
2025-09-27 19:07:45 - routers.auth - INFO - User authenticated successfully: admin@idealtransport.com
2025-09-27 19:07:45 - routers.auth - INFO - Validating token for /me endpoint
2025-09-27 19:07:45 - routers.auth - INFO - Looking up user with email: admin@idealtransport.com
2025-09-27 19:07:46 - routers.auth - INFO - User authenticated successfully: admin@idealtransport.com
2025-09-27 19:14:56 - routers.auth - INFO - Validating token for /me endpoint
2025-09-27 19:14:57 - routers.auth - INFO - Looking up user with email: admin@idealtransport.com
2025-09-27 19:14:58 - routers.auth - INFO - User authenticated successfully: admin@idealtransport.com
2025-09-27 19:14:58 - routers.auth - INFO - Validating token for /me endpoint
2025-09-27 19:14:58 - routers.auth - INFO - Looking up user with email: admin@idealtransport.com
2025-09-27 19:15:00 - routers.auth - INFO - User authenticated successfully: admin@idealtransport.com
2025-09-27 19:15:00 - routers.auth - INFO - Validating token for /me endpoint
2025-09-27 19:15:00 - routers.auth - INFO - Looking up user with email: admin@idealtransport.com
2025-09-27 19:15:01 - routers.auth - INFO - User authenticated successfully: admin@idealtransport.com
2025-09-27 19:15:01 - routers.auth - INFO - Validating token for /me endpoint
2025-09-27 19:15:01 - routers.auth - INFO - Looking up user with email: admin@idealtransport.com
2025-09-27 19:15:03 - routers.auth - INFO - User authenticated successfully: admin@idealtransport.com
2025-09-27 19:15:55 - routers.auth - INFO - Validating token for /me endpoint
2025-09-27 19:15:55 - routers.auth - INFO - Looking up user with email: admin@idealtransport.com
2025-09-27 19:15:56 - routers.auth - INFO - User authenticated successfully: admin@idealtransport.com
2025-09-27 19:15:56 - routers.auth - INFO - Validating token for /me endpoint
2025-09-27 19:15:56 - routers.auth - INFO - Looking up user with email: admin@idealtransport.com
2025-09-27 19:15:58 - routers.auth - INFO - User authenticated successfully: admin@idealtransport.com
2025-09-27 19:16:03 - routers.auth - INFO - Validating token for /me endpoint
2025-09-27 19:16:03 - routers.auth - INFO - Looking up user with email: admin@idealtransport.com
2025-09-27 19:16:04 - routers.auth - INFO - User authenticated successfully: admin@idealtransport.com
2025-09-27 19:16:04 - routers.auth - INFO - Validating token for /me endpoint
2025-09-27 19:16:04 - routers.auth - INFO - Looking up user with email: admin@idealtransport.com
2025-09-27 19:16:04 - routers.auth - INFO - User authenticated successfully: admin@idealtransport.com
2025-09-27 19:16:39 - routers.auth - INFO - Validating token for /me endpoint
2025-09-27 19:16:39 - routers.auth - INFO - Looking up user with email: admin@idealtransport.com
2025-09-27 19:16:40 - routers.auth - INFO - User authenticated successfully: admin@idealtransport.com
2025-09-28 12:12:59 - routers.auth - INFO - Validating token for /me endpoint
2025-09-28 12:12:59 - routers.auth - INFO - Validating token for /me endpoint
2025-09-28 12:12:59 - routers.auth - INFO - Validating token for /me endpoint
2025-09-28 12:12:59 - routers.auth - INFO - Validating token for /me endpoint
2025-09-28 12:12:59 - routers.auth - INFO - Validating token for /me endpoint
2025-09-28 12:12:59 - routers.auth - INFO - Validating token for /me endpoint
2025-09-28 12:13:24 - routers.auth - INFO - Login attempt for user: admin@idealtransport.com
2025-09-28 12:13:24 - routers.auth - INFO - Authenticating user: admin@idealtransport.com
2025-09-28 12:13:24 - routers.auth - INFO - Looking up user with email: admin@idealtransport.com
2025-09-28 12:13:25 - routers.auth - INFO - User found: admin@idealtransport.com
2025-09-28 12:13:25 - routers.auth - INFO - Authentication successful: admin@idealtransport.com
2025-09-28 12:13:25 - routers.auth - INFO - Login successful: admin@idealtransport.com
2025-09-28 12:13:26 - routers.auth - INFO - Validating token for /me endpoint
2025-09-28 12:13:27 - routers.auth - INFO - Looking up user with email: admin@idealtransport.com
2025-09-28 12:13:27 - routers.auth - INFO - User authenticated successfully: admin@idealtransport.com
2025-09-28 12:13:27 - routers.auth - INFO - Validating token for /me endpoint
2025-09-28 12:13:27 - routers.auth - INFO - Looking up user with email: admin@idealtransport.com
2025-09-28 12:13:29 - routers.auth - INFO - User authenticated successfully: admin@idealtransport.com
2025-09-28 12:13:29 - routers.auth - INFO - Validating token for /me endpoint
2025-09-28 12:13:29 - routers.auth - INFO - Looking up user with email: admin@idealtransport.com
2025-09-28 12:13:29 - routers.auth - INFO - User authenticated successfully: admin@idealtransport.com
2025-09-28 12:13:29 - routers.auth - INFO - Validating token for /me endpoint
2025-09-28 12:13:29 - routers.auth - INFO - Looking up user with email: admin@idealtransport.com
2025-09-28 12:13:30 - routers.auth - INFO - User authenticated successfully: admin@idealtransport.com
2025-09-28 12:15:01 - routers.auth - INFO - Validating token for /me endpoint
2025-09-28 12:15:01 - routers.auth - INFO - Looking up user with email: admin@idealtransport.com
2025-09-28 12:15:02 - routers.auth - INFO - User authenticated successfully: admin@idealtransport.com
2025-09-28 12:15:02 - routers.auth - INFO - Validating token for /me endpoint
2025-09-28 12:15:02 - routers.auth - INFO - Looking up user with email: admin@idealtransport.com
2025-09-28 12:15:02 - routers.auth - INFO - User authenticated successfully: admin@idealtransport.com
2025-09-28 12:15:03 - routers.auth - INFO - Validating token for /me endpoint
2025-09-28 12:15:03 - routers.auth - INFO - Looking up user with email: admin@idealtransport.com
2025-09-28 12:15:03 - routers.auth - INFO - User authenticated successfully: admin@idealtransport.com
2025-09-28 12:18:42 - routers.auth - INFO - Validating token for /me endpoint
2025-09-28 12:18:42 - routers.auth - INFO - Looking up user with email: admin@idealtransport.com
2025-09-28 12:18:42 - routers.auth - INFO - User authenticated successfully: admin@idealtransport.com
2025-09-28 12:18:42 - routers.auth - INFO - Validating token for /me endpoint
2025-09-28 12:18:42 - routers.auth - INFO - Looking up user with email: admin@idealtransport.com
2025-09-28 12:18:43 - routers.auth - INFO - User authenticated successfully: admin@idealtransport.com
2025-10-10 17:07:12 - routers.auth - INFO - Login attempt for user: admin@idealtransport.com
2025-10-10 17:07:12 - routers.auth - INFO - Authenticating user: admin@idealtransport.com
2025-10-10 17:07:12 - routers.auth - INFO - Looking up user with email: admin@idealtransport.com
2025-10-10 17:07:12 - routers.auth - INFO - User found: admin@idealtransport.com
2025-10-10 17:07:13 - routers.auth - INFO - Authentication successful: admin@idealtransport.com
2025-10-10 17:07:13 - routers.auth - INFO - Login successful: admin@idealtransport.com
2025-10-10 17:07:17 - routers.auth - INFO - Validating token for /me endpoint
2025-10-10 17:07:17 - routers.auth - INFO - Looking up user with email: admin@idealtransport.com
2025-10-10 17:07:17 - routers.auth - INFO - User authenticated successfully: admin@idealtransport.com
2025-10-10 17:07:17 - routers.auth - INFO - Validating token for /me endpoint
2025-10-10 17:07:17 - routers.auth - INFO - Looking up user with email: admin@idealtransport.com
2025-10-10 17:07:19 - routers.auth - INFO - User authenticated successfully: admin@idealtransport.com
2025-10-10 17:07:19 - routers.auth - INFO - Validating token for /me endpoint
2025-10-10 17:07:19 - routers.auth - INFO - Looking up user with email: admin@idealtransport.com
2025-10-10 17:07:21 - routers.auth - INFO - User authenticated successfully: admin@idealtransport.com
2025-10-10 17:07:21 - routers.auth - INFO - Validating token for /me endpoint
2025-10-10 17:07:21 - routers.auth - INFO - Looking up user with email: admin@idealtransport.com
2025-10-10 17:07:23 - routers.auth - INFO - User authenticated successfully: admin@idealtransport.com
2025-10-10 17:07:24 - routers.auth - INFO - Validating token for /me endpoint
2025-10-10 17:07:24 - routers.auth - INFO - Looking up user with email: admin@idealtransport.com
2025-10-10 17:07:25 - routers.auth - INFO - User authenticated successfully: admin@idealtransport.com
2025-10-10 17:07:42 - routers.auth - INFO - Validating token for /me endpoint
2025-10-10 17:07:42 - routers.auth - INFO - Looking up user with email: admin@idealtransport.com
2025-10-10 17:07:43 - routers.auth - INFO - User authenticated successfully: admin@idealtransport.com
2025-10-10 17:07:43 - routers.auth - INFO - Validating token for /me endpoint
2025-10-10 17:07:43 - routers.auth - INFO - Looking up user with email: admin@idealtransport.com
2025-10-10 17:07:43 - routers.auth - INFO - User authenticated successfully: admin@idealtransport.com
2025-11-10 18:13:54 - routers.auth - INFO - Login attempt for user: admin@idealtransport.com
2025-11-10 18:13:54 - routers.auth - INFO - Authenticating user: admin@idealtransport.com
2025-11-10 18:13:54 - routers.auth - INFO - Looking up user with email: admin@idealtransport.com
2025-11-10 18:13:54 - routers.auth - INFO - User found: admin@idealtransport.com
2025-11-10 18:13:55 - routers.auth - INFO - Authentication successful: admin@idealtransport.com
2025-11-10 18:13:55 - routers.auth - INFO - Login successful: admin@idealtransport.com
2025-11-10 18:13:57 - routers.auth - INFO - Validating token for /me endpoint
2025-11-10 18:13:57 - routers.auth - INFO - Looking up user with email: admin@idealtransport.com
2025-11-10 18:13:57 - routers.auth - INFO - User authenticated successfully: admin@idealtransport.com
2025-11-10 18:13:57 - routers.auth - INFO - Validating token for /me endpoint
2025-11-10 18:13:57 - routers.auth - INFO - Looking up user with email: admin@idealtransport.com
2025-11-10 18:13:59 - routers.auth - INFO - User authenticated successfully: admin@idealtransport.com
2025-11-10 18:13:59 - routers.auth - INFO - Validating token for /me endpoint
2025-11-10 18:13:59 - routers.auth - INFO - Looking up user with email: admin@idealtransport.com
2025-11-10 18:14:01 - routers.auth - INFO - User authenticated successfully: admin@idealtransport.com
2025-11-10 18:14:01 - routers.auth - INFO - Validating token for /me endpoint
2025-11-10 18:14:01 - routers.auth - INFO - Looking up user with email: admin@idealtransport.com
2025-11-10 18:14:01 - routers.auth - INFO - User authenticated successfully: admin@idealtransport.com
2025-11-13 16:27:46 - routers.auth - INFO - Login attempt for user: admin@idealtransport.com
2025-11-13 16:27:46 - routers.auth - INFO - Authenticating user: admin@idealtransport.com
2025-11-13 16:27:46 - routers.auth - INFO - Looking up user with email: admin@idealtransport.com
2025-11-13 16:27:47 - routers.auth - INFO - User found: admin@idealtransport.com
2025-11-13 16:27:47 - routers.auth - INFO - Authentication successful: admin@idealtransport.com
2025-11-13 16:27:47 - routers.auth - INFO - Login successful: admin@idealtransport.com
2025-11-13 16:27:48 - routers.auth - INFO - Validating token for /me endpoint
2025-11-13 16:27:48 - routers.auth - INFO - Looking up user with email: admin@idealtransport.com
2025-11-13 16:27:49 - routers.auth - INFO - User authenticated successfully: admin@idealtransport.com
2025-11-13 16:27:49 - routers.auth - INFO - Validating token for /me endpoint
2025-11-13 16:27:49 - routers.auth - INFO - Looking up user with email: admin@idealtransport.com
2025-11-13 16:27:50 - routers.auth - INFO - User authenticated successfully: admin@idealtransport.com
2025-11-13 16:27:50 - routers.auth - INFO - Validating token for /me endpoint
2025-11-13 16:27:50 - routers.auth - INFO - Looking up user with email: admin@idealtransport.com
2025-11-13 16:27:52 - routers.auth - INFO - User authenticated successfully: admin@idealtransport.com
2025-11-13 16:27:52 - routers.auth - INFO - Validating token for /me endpoint
2025-11-13 16:27:52 - routers.auth - INFO - Looking up user with email: admin@idealtransport.com
2025-11-13 16:27:52 - routers.auth - INFO - User authenticated successfully: admin@idealtransport.com
2025-11-13 16:27:52 - routers.auth - INFO - Validating token for /me endpoint
2025-11-13 16:27:52 - routers.auth - INFO - Looking up user with email: admin@idealtransport.com
2025-11-13 16:27:53 - routers.auth - INFO - User authenticated successfully: admin@idealtransport.com
2025-11-13 16:28:03 - routers.auth - INFO - Admin admin@idealtransport.com fetching all users
2025-11-13 16:31:46 - routers.auth - INFO - Admin admin@idealtransport.com creating new user: allobrotjer@idealtransport.com
2025-11-13 16:31:46 - routers.auth - INFO - Looking up user with email: allobrotjer@idealtransport.com
2025-11-13 16:31:46 - routers.auth - INFO - User not found: allobrotjer@idealtransport.com
2025-11-13 16:31:48 - routers.auth - INFO - User created successfully by admin admin@idealtransport.com: allobrotjer@idealtransport.com
2025-11-13 16:31:48 - routers.auth - INFO - Admin admin@idealtransport.com fetching all users
2025-11-13 16:32:45 - routers.auth - INFO - Login attempt for user: allobrotjer@idealtransport.com
2025-11-13 16:32:45 - routers.auth - INFO - Authenticating user: allobrotjer@idealtransport.com
2025-11-13 16:32:45 - routers.auth - INFO - Looking up user with email: allobrotjer@idealtransport.com
2025-11-13 16:32:45 - routers.auth - INFO - User found: allobrotjer@idealtransport.com
2025-11-13 16:32:45 - routers.auth - INFO - Authentication successful: allobrotjer@idealtransport.com
2025-11-13 16:32:45 - routers.auth - INFO - Login successful: allobrotjer@idealtransport.com
2025-11-13 16:32:46 - routers.auth - INFO - Validating token for /me endpoint
2025-11-13 16:32:46 - routers.auth - INFO - Looking up user with email: allobrotjer@idealtransport.com
2025-11-13 16:32:46 - routers.auth - INFO - User authenticated successfully: allobrotjer@idealtransport.com
2025-11-13 16:32:46 - routers.auth - INFO - Validating token for /me endpoint
2025-11-13 16:32:46 - routers.auth - INFO - Looking up user with email: allobrotjer@idealtransport.com
2025-11-13 16:32:47 - routers.auth - INFO - User authenticated successfully: allobrotjer@idealtransport.com
2025-11-13 16:32:47 - routers.auth - INFO - Validating token for /me endpoint
2025-11-13 16:32:47 - routers.auth - INFO - Looking up user with email: allobrotjer@idealtransport.com
2025-11-13 16:32:47 - routers.auth - INFO - User authenticated successfully: allobrotjer@idealtransport.com
2025-11-13 16:32:47 - routers.auth - INFO - Validating token for /me endpoint
2025-11-13 16:32:47 - routers.auth - INFO - Looking up user with email: allobrotjer@idealtransport.com
2025-11-13 16:32:48 - routers.auth - INFO - User authenticated successfully: allobrotjer@idealtransport.com
2025-11-13 16:33:03 - routers.auth - INFO - Validating token for /me endpoint
2025-11-13 16:33:03 - routers.auth - INFO - Looking up user with email: allobrotjer@idealtransport.com
2025-11-13 16:33:03 - routers.auth - INFO - User authenticated successfully: allobrotjer@idealtransport.com
2025-11-13 16:33:06 - routers.auth - INFO - Validating token for /me endpoint
2025-11-13 16:33:06 - routers.auth - INFO - Looking up user with email: allobrotjer@idealtransport.com
2025-11-13 16:33:07 - routers.auth - INFO - User authenticated successfully: allobrotjer@idealtransport.com
2025-11-13 16:33:07 - routers.auth - INFO - Validating token for /me endpoint
2025-11-13 16:33:07 - routers.auth - INFO - Looking up user with email: allobrotjer@idealtransport.com
2025-11-13 16:33:08 - routers.auth - INFO - User authenticated successfully: allobrotjer@idealtransport.com
2025-11-13 16:33:26 - routers.auth - INFO - Validating token for /me endpoint
2025-11-13 16:33:26 - routers.auth - INFO - Looking up user with email: allobrotjer@idealtransport.com
2025-11-13 16:33:27 - routers.auth - INFO - User authenticated successfully: allobrotjer@idealtransport.com
2025-11-13 16:33:27 - routers.auth - INFO - Validating token for /me endpoint
2025-11-13 16:33:27 - routers.auth - INFO - Looking up user with email: allobrotjer@idealtransport.com
2025-11-13 16:33:27 - routers.auth - INFO - User authenticated successfully: allobrotjer@idealtransport.com
2025-11-13 16:33:30 - routers.auth - INFO - Validating token for /me endpoint
2025-11-13 16:33:30 - routers.auth - INFO - Looking up user with email: allobrotjer@idealtransport.com
2025-11-13 16:33:31 - routers.auth - INFO - User authenticated successfully: allobrotjer@idealtransport.com
2025-11-13 16:33:31 - routers.auth - INFO - Validating token for /me endpoint
2025-11-13 16:33:31 - routers.auth - INFO - Looking up user with email: allobrotjer@idealtransport.com
2025-11-13 16:33:31 - routers.auth - INFO - User authenticated successfully: allobrotjer@idealtransport.com
2025-11-13 16:34:34 - routers.auth - INFO - Login attempt for user: admin@idealtransport.com
2025-11-13 16:34:34 - routers.auth - INFO - Authenticating user: admin@idealtransport.com
2025-11-13 16:34:34 - routers.auth - INFO - Looking up user with email: admin@idealtransport.com
2025-11-13 16:34:34 - routers.auth - INFO - User found: admin@idealtransport.com
2025-11-13 16:34:34 - routers.auth - INFO - Authentication successful: admin@idealtransport.com
2025-11-13 16:34:34 - routers.auth - INFO - Login successful: admin@idealtransport.com
2025-11-13 16:34:35 - routers.auth - INFO - Validating token for /me endpoint
2025-11-13 16:34:35 - routers.auth - INFO - Looking up user with email: admin@idealtransport.com
2025-11-13 16:34:36 - routers.auth - INFO - User authenticated successfully: admin@idealtransport.com
2025-11-13 16:34:36 - routers.auth - INFO - Validating token for /me endpoint
2025-11-13 16:34:36 - routers.auth - INFO - Looking up user with email: admin@idealtransport.com
2025-11-13 16:34:36 - routers.auth - INFO - User authenticated successfully: admin@idealtransport.com
2025-11-13 16:34:36 - routers.auth - INFO - Validating token for /me endpoint
2025-11-13 16:34:36 - routers.auth - INFO - Looking up user with email: admin@idealtransport.com
2025-11-13 16:34:37 - routers.auth - INFO - User authenticated successfully: admin@idealtransport.com
2025-11-13 16:34:37 - routers.auth - INFO - Validating token for /me endpoint
2025-11-13 16:34:37 - routers.auth - INFO - Looking up user with email: admin@idealtransport.com
2025-11-13 16:34:37 - routers.auth - INFO - User authenticated successfully: admin@idealtransport.com
2025-11-13 16:34:37 - routers.auth - INFO - Validating token for /me endpoint
2025-11-13 16:34:37 - routers.auth - INFO - Looking up user with email: admin@idealtransport.com
2025-11-13 16:34:38 - routers.auth - INFO - User authenticated successfully: admin@idealtransport.com
2025-11-13 16:34:50 - routers.auth - INFO - Validating token for /me endpoint
2025-11-13 16:34:50 - routers.auth - INFO - Looking up user with email: admin@idealtransport.com
2025-11-13 16:34:51 - routers.auth - INFO - User authenticated successfully: admin@idealtransport.com
2025-11-13 16:34:51 - routers.auth - INFO - Validating token for /me endpoint
2025-11-13 16:34:51 - routers.auth - INFO - Looking up user with email: admin@idealtransport.com
2025-11-13 16:34:51 - routers.auth - INFO - User authenticated successfully: admin@idealtransport.com
2026-01-23 17:36:43 - routers.auth - INFO - Login attempt for user: admin@idealtransport.com
2026-01-23 17:36:43 - routers.auth - INFO - Authenticating user: admin@idealtransport.com
2026-01-23 17:36:43 - routers.auth - INFO - Looking up user with email: admin@idealtransport.com
2026-01-23 17:36:45 - routers.auth - INFO - User found: admin@idealtransport.com
2026-01-23 17:36:45 - routers.auth - INFO - Authentication successful: admin@idealtransport.com
2026-01-23 17:36:46 - routers.auth - INFO - Login successful: admin@idealtransport.com
2026-01-23 17:36:47 - routers.auth - INFO - Validating token for /me endpoint
2026-01-23 17:36:47 - routers.auth - INFO - Looking up user with email: admin@idealtransport.com
2026-01-23 17:36:48 - routers.auth - INFO - User authenticated successfully: admin@idealtransport.com
2026-01-23 17:36:48 - routers.auth - INFO - Validating token for /me endpoint
2026-01-23 17:36:48 - routers.auth - INFO - Looking up user with email: admin@idealtransport.com
2026-01-23 17:36:50 - routers.auth - INFO - User authenticated successfully: admin@idealtransport.com
2026-01-23 17:36:50 - routers.auth - INFO - Validating token for /me endpoint
2026-01-23 17:36:50 - routers.auth - INFO - Looking up user with email: admin@idealtransport.com
2026-01-23 17:36:50 - routers.auth - INFO - User authenticated successfully: admin@idealtransport.com
2026-01-23 17:36:50 - routers.auth - INFO - Validating token for /me endpoint
2026-01-23 17:36:50 - routers.auth - INFO - Looking up user with email: admin@idealtransport.com
2026-01-23 17:36:52 - routers.auth - INFO - User authenticated successfully: admin@idealtransport.com
2026-01-23 17:36:52 - routers.auth - INFO - Validating token for /me endpoint
2026-01-23 17:36:52 - routers.auth - INFO - Looking up user with email: admin@idealtransport.com
2026-01-23 17:36:52 - routers.auth - INFO - User authenticated successfully: admin@idealtransport.com
2026-01-23 17:36:53 - routers.auth - INFO - Admin admin@idealtransport.com fetching all users
2026-01-23 17:38:54 - routers.auth - INFO - Validating token for /me endpoint
2026-01-23 17:38:54 - routers.auth - INFO - Looking up user with email: admin@idealtransport.com
2026-01-23 17:38:54 - routers.auth - INFO - User authenticated successfully: admin@idealtransport.com
2026-01-23 17:38:54 - routers.auth - INFO - Validating token for /me endpoint
2026-01-23 17:38:54 - routers.auth - INFO - Looking up user with email: admin@idealtransport.com
2026-01-23 17:38:55 - routers.auth - INFO - User authenticated successfully: admin@idealtransport.com
2026-01-23 18:04:29 - routers.auth - INFO - Validating token for /me endpoint
2026-01-23 18:04:29 - routers.auth - INFO - Looking up user with email: admin@idealtransport.com
2026-01-23 18:04:30 - routers.auth - INFO - User authenticated successfully: admin@idealtransport.com
2026-01-23 19:03:19 - routers.auth - INFO - Login attempt for user: admin@idealtransport.com
2026-01-23 19:03:19 - routers.auth - INFO - Authenticating user: admin@idealtransport.com
2026-01-23 19:03:19 - routers.auth - INFO - Looking up user with email: admin@idealtransport.com
2026-01-23 19:03:20 - routers.auth - INFO - User found: admin@idealtransport.com
2026-01-23 19:03:21 - routers.auth - WARNING - Authentication failed: Invalid password - admin@idealtransport.com
2026-01-23 19:03:21 - routers.auth - WARNING - Login failed: Invalid credentials - admin@idealtransport.com
2026-01-23 19:03:55 - routers.auth - INFO - Login attempt for user: admin@idealtransport.com
2026-01-23 19:03:55 - routers.auth - INFO - Authenticating user: admin@idealtransport.com
2026-01-23 19:03:55 - routers.auth - INFO - Looking up user with email: admin@idealtransport.com
2026-01-23 19:03:56 - routers.auth - INFO - User found: admin@idealtransport.com
2026-01-23 19:03:56 - routers.auth - INFO - Authentication successful: admin@idealtransport.com
2026-01-23 19:03:57 - routers.auth - INFO - Login successful: admin@idealtransport.com
2026-01-23 19:03:57 - routers.auth - INFO - Validating token for /me endpoint
2026-01-23 19:03:57 - routers.auth - INFO - Looking up user with email: admin@idealtransport.com
2026-01-23 19:03:58 - routers.auth - INFO - User authenticated successfully: admin@idealtransport.com
2026-01-23 19:03:58 - routers.auth - INFO - Validating token for /me endpoint
2026-01-23 19:03:58 - routers.auth - INFO - Looking up user with email: admin@idealtransport.com
2026-01-23 19:03:59 - routers.auth - INFO - User authenticated successfully: admin@idealtransport.com
2026-01-23 19:03:59 - routers.auth - INFO - Validating token for /me endpoint
2026-01-23 19:03:59 - routers.auth - INFO - Looking up user with email: admin@idealtransport.com
2026-01-23 19:04:01 - routers.auth - INFO - User authenticated successfully: admin@idealtransport.com
2026-01-23 19:04:01 - routers.auth - INFO - Validating token for /me endpoint
2026-01-23 19:04:01 - routers.auth - INFO - Looking up user with email: admin@idealtransport.com
2026-01-23 19:04:01 - routers.auth - INFO - User authenticated successfully: admin@idealtransport.com
2026-01-23 19:04:01 - routers.auth - INFO - Validating token for /me endpoint
2026-01-23 19:04:01 - routers.auth - INFO - Looking up user with email: admin@idealtransport.com
2026-01-23 19:04:02 - routers.auth - INFO - User authenticated successfully: admin@idealtransport.com
2026-01-23 19:04:02 - routers.auth - INFO - Validating token for /me endpoint
2026-01-23 19:04:02 - routers.auth - INFO - Looking up user with email: admin@idealtransport.com
2026-01-23 19:04:04 - routers.auth - INFO - User authenticated successfully: admin@idealtransport.com
2026-01-23 19:05:31 - routers.auth - INFO - Login attempt for user: admin@idealtransport.com
2026-01-23 19:05:31 - routers.auth - INFO - Authenticating user: admin@idealtransport.com
2026-01-23 19:05:31 - routers.auth - INFO - Looking up user with email: admin@idealtransport.com
2026-01-23 19:05:31 - routers.auth - INFO - User found: admin@idealtransport.com
2026-01-23 19:05:32 - routers.auth - INFO - Authentication successful: admin@idealtransport.com
2026-01-23 19:05:32 - routers.auth - INFO - Login successful: admin@idealtransport.com
2026-01-23 19:05:32 - routers.auth - INFO - Validating token for /me endpoint
2026-01-23 19:05:32 - routers.auth - INFO - Looking up user with email: admin@idealtransport.com
2026-01-23 19:05:34 - routers.auth - INFO - User authenticated successfully: admin@idealtransport.com
2026-01-23 19:05:34 - routers.auth - INFO - Validating token for /me endpoint
2026-01-23 19:05:34 - routers.auth - INFO - Looking up user with email: admin@idealtransport.com
2026-01-23 19:05:34 - routers.auth - INFO - User authenticated successfully: admin@idealtransport.com
2026-01-23 19:05:34 - routers.auth - INFO - Validating token for /me endpoint
2026-01-23 19:05:34 - routers.auth - INFO - Looking up user with email: admin@idealtransport.com
2026-01-23 19:05:35 - routers.auth - INFO - User authenticated successfully: admin@idealtransport.com
2026-01-23 19:05:35 - routers.auth - INFO - Validating token for /me endpoint
2026-01-23 19:05:35 - routers.auth - INFO - Looking up user with email: admin@idealtransport.com
2026-01-23 19:05:36 - routers.auth - INFO - User authenticated successfully: admin@idealtransport.com
2026-01-23 19:10:23 - routers.auth - INFO - Validating token for /me endpoint
2026-01-23 19:10:23 - routers.auth - INFO - Looking up user with email: admin@idealtransport.com
2026-01-23 19:10:24 - routers.auth - INFO - User authenticated successfully: admin@idealtransport.com
2026-01-23 19:13:27 - routers.auth - INFO - Validating token for /me endpoint
2026-01-23 19:13:27 - routers.auth - INFO - Looking up user with email: admin@idealtransport.com
2026-01-23 19:13:28 - routers.auth - INFO - User authenticated successfully: admin@idealtransport.com
2026-01-23 19:13:28 - routers.auth - INFO - Validating token for /me endpoint
2026-01-23 19:13:28 - routers.auth - INFO - Looking up user with email: admin@idealtransport.com
2026-01-23 19:13:28 - routers.auth - INFO - User authenticated successfully: admin@idealtransport.com
2026-01-23 19:13:31 - routers.auth - INFO - Validating token for /me endpoint
2026-01-23 19:13:31 - routers.auth - INFO - Looking up user with email: admin@idealtransport.com
2026-01-23 19:13:32 - routers.auth - INFO - User authenticated successfully: admin@idealtransport.com
2026-01-23 19:13:32 - routers.auth - INFO - Validating token for /me endpoint
2026-01-23 19:13:32 - routers.auth - INFO - Looking up user with email: admin@idealtransport.com
2026-01-23 19:13:33 - routers.auth - INFO - User authenticated successfully: admin@idealtransport.com
2026-01-23 19:16:49 - routers.auth - INFO - Login attempt for user: admin@idealtransport.com
2026-01-23 19:16:49 - routers.auth - INFO - Authenticating user: admin@idealtransport.com
2026-01-23 19:16:49 - routers.auth - INFO - Looking up user with email: admin@idealtransport.com
2026-01-23 19:16:49 - routers.auth - INFO - User found: admin@idealtransport.com
2026-01-23 19:16:50 - routers.auth - INFO - Authentication successful: admin@idealtransport.com
2026-01-23 19:16:50 - routers.auth - INFO - Login successful: admin@idealtransport.com
2026-01-23 19:16:50 - routers.auth - INFO - Validating token for /me endpoint
2026-01-23 19:16:50 - routers.auth - INFO - Looking up user with email: admin@idealtransport.com
2026-01-23 19:16:51 - routers.auth - INFO - User authenticated successfully: admin@idealtransport.com
2026-01-23 19:16:51 - routers.auth - INFO - Validating token for /me endpoint
2026-01-23 19:16:51 - routers.auth - INFO - Looking up user with email: admin@idealtransport.com
2026-01-23 19:16:51 - routers.auth - INFO - User authenticated successfully: admin@idealtransport.com
2026-01-23 19:16:51 - routers.auth - INFO - Validating token for /me endpoint
2026-01-23 19:16:51 - routers.auth - INFO - Looking up user with email: admin@idealtransport.com
2026-01-23 19:16:52 - routers.auth - INFO - User authenticated successfully: admin@idealtransport.com
2026-01-23 19:16:52 - routers.auth - INFO - Validating token for /me endpoint
2026-01-23 19:16:52 - routers.auth - INFO - Looking up user with email: admin@idealtransport.com
2026-01-23 19:16:52 - routers.auth - INFO - User authenticated successfully: admin@idealtransport.com
2026-01-23 19:16:52 - routers.auth - INFO - Validating token for /me endpoint
2026-01-23 19:16:52 - routers.auth - INFO - Looking up user with email: admin@idealtransport.com
2026-01-23 19:16:53 - routers.auth - INFO - User authenticated successfully: admin@idealtransport.com
2026-01-23 19:16:53 - routers.auth - INFO - Validating token for /me endpoint
2026-01-23 19:16:53 - routers.auth - INFO - Looking up user with email: admin@idealtransport.com
2026-01-23 19:16:54 - routers.auth - INFO - User authenticated successfully: admin@idealtransport.com
2026-01-23 19:16:54 - routers.auth - INFO - Validating token for /me endpoint
2026-01-23 19:16:54 - routers.auth - INFO - Looking up user with email: admin@idealtransport.com
2026-01-23 19:16:55 - routers.auth - INFO - User authenticated successfully: admin@idealtransport.com
2026-01-23 19:16:55 - routers.auth - INFO - Validating token for /me endpoint
2026-01-23 19:16:55 - routers.auth - INFO - Looking up user with email: admin@idealtransport.com
2026-01-23 19:16:55 - routers.auth - INFO - User authenticated successfully: admin@idealtransport.com
2026-01-23 19:16:55 - routers.auth - INFO - Validating token for /me endpoint
2026-01-23 19:16:55 - routers.auth - INFO - Looking up user with email: admin@idealtransport.com
2026-01-23 19:16:56 - routers.auth - INFO - User authenticated successfully: admin@idealtransport.com
2026-01-23 19:17:43 - routers.auth - INFO - Admin admin@idealtransport.com fetching all users
2026-01-23 19:18:29 - routers.auth - INFO - Validating token for /me endpoint
2026-01-23 19:18:29 - routers.auth - INFO - Looking up user with email: admin@idealtransport.com
2026-01-23 19:18:30 - routers.auth - INFO - User authenticated successfully: admin@idealtransport.com
2026-01-23 19:18:30 - routers.auth - INFO - Validating token for /me endpoint
2026-01-23 19:18:30 - routers.auth - INFO - Looking up user with email: admin@idealtransport.com
2026-01-23 19:18:30 - routers.auth - INFO - User authenticated successfully: admin@idealtransport.com
2026-01-23 19:18:30 - routers.auth - INFO - Validating token for /me endpoint
2026-01-23 19:18:30 - routers.auth - INFO - Looking up user with email: admin@idealtransport.com
2026-01-23 19:18:31 - routers.auth - INFO - User authenticated successfully: admin@idealtransport.com
2026-01-23 19:18:31 - routers.auth - INFO - Validating token for /me endpoint
2026-01-23 19:18:31 - routers.auth - INFO - Looking up user with email: admin@idealtransport.com
2026-01-23 19:18:31 - routers.auth - INFO - User authenticated successfully: admin@idealtransport.com
2026-01-23 19:18:31 - routers.auth - INFO - Validating token for /me endpoint
2026-01-23 19:18:31 - routers.auth - INFO - Looking up user with email: admin@idealtransport.com
2026-01-23 19:18:33 - routers.auth - INFO - User authenticated successfully: admin@idealtransport.com
2026-01-23 19:18:33 - routers.auth - INFO - Validating token for /me endpoint
2026-01-23 19:18:33 - routers.auth - INFO - Looking up user with email: admin@idealtransport.com
2026-01-23 19:18:34 - routers.auth - INFO - User authenticated successfully: admin@idealtransport.com
2026-01-23 19:18:47 - routers.auth - INFO - Validating token for /me endpoint
2026-01-23 19:18:47 - routers.auth - INFO - Looking up user with email: admin@idealtransport.com
2026-01-23 19:18:47 - routers.auth - INFO - User authenticated successfully: admin@idealtransport.com
2026-01-23 19:18:47 - routers.auth - INFO - Validating token for /me endpoint
2026-01-23 19:18:47 - routers.auth - INFO - Looking up user with email: admin@idealtransport.com
2026-01-23 19:18:48 - routers.auth - INFO - User authenticated successfully: admin@idealtransport.com
2026-01-23 19:18:48 - routers.auth - INFO - Validating token for /me endpoint
2026-01-23 19:18:48 - routers.auth - INFO - Looking up user with email: admin@idealtransport.com
2026-01-23 19:18:49 - routers.auth - INFO - User authenticated successfully: admin@idealtransport.com
2026-01-23 19:18:49 - routers.auth - INFO - Validating token for /me endpoint
2026-01-23 19:18:49 - routers.auth - INFO - Looking up user with email: admin@idealtransport.com
2026-01-23 19:18:49 - routers.auth - INFO - User authenticated successfully: admin@idealtransport.com
2026-01-23 19:18:49 - routers.auth - INFO - Validating token for /me endpoint
2026-01-23 19:18:49 - routers.auth - INFO - Looking up user with email: admin@idealtransport.com
2026-01-23 19:18:50 - routers.auth - INFO - User authenticated successfully: admin@idealtransport.com
2026-01-23 19:18:50 - routers.auth - INFO - Validating token for /me endpoint
2026-01-23 19:18:50 - routers.auth - INFO - Looking up user with email: admin@idealtransport.com
2026-01-23 19:18:52 - routers.auth - INFO - User authenticated successfully: admin@idealtransport.com
2026-01-23 19:20:30 - routers.auth - INFO - Validating token for /me endpoint
2026-01-23 19:20:30 - routers.auth - INFO - Looking up user with email: admin@idealtransport.com
2026-01-23 19:20:30 - routers.auth - INFO - User authenticated successfully: admin@idealtransport.com
2026-01-23 19:20:31 - routers.auth - INFO - Validating token for /me endpoint
2026-01-23 19:20:31 - routers.auth - INFO - Looking up user with email: admin@idealtransport.com
2026-01-23 19:20:31 - routers.auth - INFO - User authenticated successfully: admin@idealtransport.com
2026-01-23 19:21:54 - routers.auth - INFO - Validating token for /me endpoint
2026-01-23 19:21:54 - routers.auth - INFO - Looking up user with email: admin@idealtransport.com
2026-01-23 19:21:55 - routers.auth - INFO - User authenticated successfully: admin@idealtransport.com
2026-01-23 19:21:55 - routers.auth - INFO - Validating token for /me endpoint
2026-01-23 19:21:55 - routers.auth - INFO - Looking up user with email: admin@idealtransport.com
2026-01-23 19:21:55 - routers.auth - INFO - User authenticated successfully: admin@idealtransport.com
2026-01-23 19:21:55 - routers.auth - INFO - Validating token for /me endpoint
2026-01-23 19:21:55 - routers.auth - INFO - Looking up user with email: admin@idealtransport.com
2026-01-23 19:21:56 - routers.auth - INFO - User authenticated successfully: admin@idealtransport.com
2026-01-23 19:22:48 - routers.auth - INFO - Admin admin@idealtransport.com fetching all users
2026-01-24 11:40:28 - routers.auth - INFO - Validating token for /me endpoint
2026-01-24 11:40:28 - routers.auth - INFO - Validating token for /me endpoint
2026-01-24 11:40:28 - routers.auth - INFO - Validating token for /me endpoint
2026-01-24 11:40:28 - routers.auth - INFO - Validating token for /me endpoint
2026-01-24 11:40:28 - routers.auth - INFO - Validating token for /me endpoint
2026-01-24 11:40:28 - routers.auth - INFO - Validating token for /me endpoint
2026-01-24 11:40:28 - routers.auth - INFO - Validating token for /me endpoint
2026-01-24 11:40:28 - routers.auth - INFO - Validating token for /me endpoint
2026-01-24 11:40:28 - routers.auth - INFO - Validating token for /me endpoint
2026-01-24 15:20:49 - routers.auth - INFO - Login attempt for user: admin@idealtransport.com
2026-01-24 15:20:49 - routers.auth - INFO - Authenticating user: admin@idealtransport.com
2026-01-24 15:20:49 - routers.auth - INFO - Looking up user with email: admin@idealtransport.com
2026-01-24 15:20:50 - routers.auth - INFO - User found: admin@idealtransport.com
2026-01-24 15:20:50 - routers.auth - INFO - Authentication successful: admin@idealtransport.com
2026-01-24 15:20:50 - routers.auth - INFO - Login successful: admin@idealtransport.com
2026-01-24 15:20:51 - routers.auth - INFO - Validating token for /me endpoint
2026-01-24 15:20:51 - routers.auth - INFO - Looking up user with email: admin@idealtransport.com
2026-01-24 15:20:51 - routers.auth - INFO - User authenticated successfully: admin@idealtransport.com
2026-01-24 15:20:51 - routers.auth - INFO - Validating token for /me endpoint
2026-01-24 15:20:51 - routers.auth - INFO - Looking up user with email: admin@idealtransport.com
2026-01-24 15:20:53 - routers.auth - INFO - User authenticated successfully: admin@idealtransport.com
2026-01-24 15:20:53 - routers.auth - INFO - Validating token for /me endpoint
2026-01-24 15:20:53 - routers.auth - INFO - Looking up user with email: admin@idealtransport.com
2026-01-24 15:20:54 - routers.auth - INFO - User authenticated successfully: admin@idealtransport.com
2026-01-24 15:20:54 - routers.auth - INFO - Validating token for /me endpoint
2026-01-24 15:20:54 - routers.auth - INFO - Looking up user with email: admin@idealtransport.com
2026-01-24 15:20:55 - routers.auth - INFO - User authenticated successfully: admin@idealtransport.com
2026-01-24 15:20:55 - routers.auth - INFO - Validating token for /me endpoint
2026-01-24 15:20:55 - routers.auth - INFO - Looking up user with email: admin@idealtransport.com
2026-01-24 15:20:55 - routers.auth - INFO - User authenticated successfully: admin@idealtransport.com
2026-01-24 15:20:55 - routers.auth - INFO - Validating token for /me endpoint
2026-01-24 15:20:55 - routers.auth - INFO - Looking up user with email: admin@idealtransport.com
2026-01-24 15:20:56 - routers.auth - INFO - User authenticated successfully: admin@idealtransport.com
2026-01-24 15:20:56 - routers.auth - INFO - Validating token for /me endpoint
2026-01-24 15:20:56 - routers.auth - INFO - Looking up user with email: admin@idealtransport.com
2026-01-24 15:20:58 - routers.auth - INFO - User authenticated successfully: admin@idealtransport.com
2026-01-24 15:20:58 - routers.auth - INFO - Validating token for /me endpoint
2026-01-24 15:20:58 - routers.auth - INFO - Looking up user with email: admin@idealtransport.com
2026-01-24 15:20:58 - routers.auth - INFO - User authenticated successfully: admin@idealtransport.com
2026-01-24 15:20:58 - routers.auth - INFO - Validating token for /me endpoint
2026-01-24 15:20:58 - routers.auth - INFO - Looking up user with email: admin@idealtransport.com
2026-01-24 15:20:59 - routers.auth - INFO - User authenticated successfully: admin@idealtransport.com
2026-01-24 15:21:08 - routers.auth - INFO - Admin admin@idealtransport.com fetching all users
2026-01-24 15:21:26 - routers.auth - INFO - Login attempt for user: allobrotjer@idealtransport.com
2026-01-24 15:21:26 - routers.auth - INFO - Authenticating user: allobrotjer@idealtransport.com
2026-01-24 15:21:26 - routers.auth - INFO - Looking up user with email: allobrotjer@idealtransport.com
2026-01-24 15:21:26 - routers.auth - INFO - User found: allobrotjer@idealtransport.com
2026-01-24 15:21:26 - routers.auth - WARNING - Authentication failed: Invalid password - allobrotjer@idealtransport.com
2026-01-24 15:21:26 - routers.auth - WARNING - Login failed: Invalid credentials - allobrotjer@idealtransport.com
2026-01-24 15:21:43 - routers.auth - INFO - Login attempt for user: admin@idealtransport.com
2026-01-24 15:21:43 - routers.auth - INFO - Authenticating user: admin@idealtransport.com
2026-01-24 15:21:43 - routers.auth - INFO - Looking up user with email: admin@idealtransport.com
2026-01-24 15:21:43 - routers.auth - INFO - User found: admin@idealtransport.com
2026-01-24 15:21:44 - routers.auth - INFO - Authentication successful: admin@idealtransport.com
2026-01-24 15:21:44 - routers.auth - INFO - Login successful: admin@idealtransport.com
2026-01-24 15:21:44 - routers.auth - INFO - Validating token for /me endpoint
2026-01-24 15:21:44 - routers.auth - INFO - Looking up user with email: admin@idealtransport.com
2026-01-24 15:21:45 - routers.auth - INFO - User authenticated successfully: admin@idealtransport.com
2026-01-24 15:21:45 - routers.auth - INFO - Validating token for /me endpoint
2026-01-24 15:21:45 - routers.auth - INFO - Looking up user with email: admin@idealtransport.com
2026-01-24 15:21:45 - routers.auth - INFO - User authenticated successfully: admin@idealtransport.com
2026-01-24 15:21:45 - routers.auth - INFO - Validating token for /me endpoint
2026-01-24 15:21:45 - routers.auth - INFO - Looking up user with email: admin@idealtransport.com
2026-01-24 15:21:46 - routers.auth - INFO - User authenticated successfully: admin@idealtransport.com
2026-01-24 15:21:46 - routers.auth - INFO - Validating token for /me endpoint
2026-01-24 15:21:46 - routers.auth - INFO - Looking up user with email: admin@idealtransport.com
2026-01-24 15:21:46 - routers.auth - INFO - User authenticated successfully: admin@idealtransport.com
2026-01-24 15:21:46 - routers.auth - INFO - Validating token for /me endpoint
2026-01-24 15:21:46 - routers.auth - INFO - Looking up user with email: admin@idealtransport.com
2026-01-24 15:21:47 - routers.auth - INFO - User authenticated successfully: admin@idealtransport.com
2026-01-24 15:21:47 - routers.auth - INFO - Validating token for /me endpoint
2026-01-24 15:21:47 - routers.auth - INFO - Looking up user with email: admin@idealtransport.com
2026-01-24 15:21:47 - routers.auth - INFO - User authenticated successfully: admin@idealtransport.com
2026-01-24 15:21:57 - routers.auth - INFO - Admin admin@idealtransport.com fetching all users
2026-01-24 15:22:29 - routers.auth - INFO - Admin admin@idealtransport.com fetching all users
2026-01-24 15:23:09 - routers.auth - INFO - Admin admin@idealtransport.com creating new user: anish@idealtransport.com
2026-01-24 15:23:09 - routers.auth - INFO - Looking up user with email: anish@idealtransport.com
2026-01-24 15:23:10 - routers.auth - INFO - User not found: anish@idealtransport.com
2026-01-24 15:23:11 - routers.auth - INFO - User created successfully by admin admin@idealtransport.com: anish@idealtransport.com
2026-01-24 15:23:12 - routers.auth - INFO - Admin admin@idealtransport.com fetching all users
2026-01-24 15:23:28 - routers.auth - INFO - Login attempt for user: anish@idealtransport.com
2026-01-24 15:23:28 - routers.auth - INFO - Authenticating user: anish@idealtransport.com
2026-01-24 15:23:28 - routers.auth - INFO - Looking up user with email: anish@idealtransport.com
2026-01-24 15:23:28 - routers.auth - INFO - User found: anish@idealtransport.com
2026-01-24 15:23:29 - routers.auth - INFO - Authentication successful: anish@idealtransport.com
2026-01-24 15:23:29 - routers.auth - INFO - Login successful: anish@idealtransport.com
2026-01-24 15:23:29 - routers.auth - INFO - Validating token for /me endpoint
2026-01-24 15:23:29 - routers.auth - INFO - Looking up user with email: anish@idealtransport.com
2026-01-24 15:23:30 - routers.auth - INFO - User authenticated successfully: anish@idealtransport.com
2026-01-24 15:23:30 - routers.auth - INFO - Validating token for /me endpoint
2026-01-24 15:23:30 - routers.auth - INFO - Looking up user with email: anish@idealtransport.com
2026-01-24 15:23:30 - routers.auth - INFO - User authenticated successfully: anish@idealtransport.com
2026-01-24 15:23:30 - routers.auth - INFO - Validating token for /me endpoint
2026-01-24 15:23:30 - routers.auth - INFO - Looking up user with email: anish@idealtransport.com
2026-01-24 15:23:31 - routers.auth - INFO - User authenticated successfully: anish@idealtransport.com
2026-01-24 15:23:31 - routers.auth - INFO - Validating token for /me endpoint
2026-01-24 15:23:31 - routers.auth - INFO - Looking up user with email: anish@idealtransport.com
2026-01-24 15:23:31 - routers.auth - INFO - User authenticated successfully: anish@idealtransport.com
2026-01-24 15:23:31 - routers.auth - INFO - Validating token for /me endpoint
2026-01-24 15:23:31 - routers.auth - INFO - Looking up user with email: anish@idealtransport.com
2026-01-24 15:23:32 - routers.auth - INFO - User authenticated successfully: anish@idealtransport.com
2026-01-24 15:23:32 - routers.auth - INFO - Validating token for /me endpoint
2026-01-24 15:23:32 - routers.auth - INFO - Looking up user with email: anish@idealtransport.com
2026-01-24 15:23:32 - routers.auth - INFO - User authenticated successfully: anish@idealtransport.com
2026-01-24 15:24:03 - routers.auth - INFO - Validating token for /me endpoint
2026-01-24 15:24:03 - routers.auth - INFO - Looking up user with email: anish@idealtransport.com
2026-01-24 15:24:03 - routers.auth - INFO - User authenticated successfully: anish@idealtransport.com
2026-01-24 15:24:03 - routers.auth - INFO - Validating token for /me endpoint
2026-01-24 15:24:03 - routers.auth - INFO - Looking up user with email: anish@idealtransport.com
2026-01-24 15:24:04 - routers.auth - INFO - User authenticated successfully: anish@idealtransport.com
2026-01-24 15:24:19 - routers.auth - INFO - Validating token for /me endpoint
2026-01-24 15:24:19 - routers.auth - INFO - Looking up user with email: anish@idealtransport.com
2026-01-24 15:24:19 - routers.auth - INFO - User authenticated successfully: anish@idealtransport.com
2026-01-24 15:24:19 - routers.auth - INFO - Validating token for /me endpoint
2026-01-24 15:24:19 - routers.auth - INFO - Looking up user with email: anish@idealtransport.com
2026-01-24 15:24:20 - routers.auth - INFO - User authenticated successfully: anish@idealtransport.com
2026-01-24 15:29:43 - routers.auth - INFO - Validating token for /me endpoint
2026-01-24 15:29:43 - routers.auth - INFO - Looking up user with email: anish@idealtransport.com
2026-01-24 15:29:44 - routers.auth - INFO - User authenticated successfully: anish@idealtransport.com
2026-01-24 15:29:44 - routers.auth - INFO - Validating token for /me endpoint
2026-01-24 15:29:44 - routers.auth - INFO - Looking up user with email: anish@idealtransport.com
2026-01-24 15:29:45 - routers.auth - INFO - User authenticated successfully: anish@idealtransport.com
2026-01-24 15:29:45 - routers.auth - INFO - Validating token for /me endpoint
2026-01-24 15:29:45 - routers.auth - INFO - Looking up user with email: anish@idealtransport.com
2026-01-24 15:29:45 - routers.auth - INFO - User authenticated successfully: anish@idealtransport.com
2026-01-24 15:31:04 - routers.auth - INFO - Login attempt for user: anish@idealtransport.com
2026-01-24 15:31:04 - routers.auth - INFO - Authenticating user: anish@idealtransport.com
2026-01-24 15:31:04 - routers.auth - INFO - Looking up user with email: anish@idealtransport.com
2026-01-24 15:31:05 - routers.auth - INFO - User found: anish@idealtransport.com
2026-01-24 15:31:05 - routers.auth - INFO - Authentication successful: anish@idealtransport.com
2026-01-24 15:31:05 - routers.auth - INFO - Login successful: anish@idealtransport.com
2026-01-24 15:31:06 - routers.auth - INFO - Validating token for /me endpoint
2026-01-24 15:31:06 - routers.auth - INFO - Looking up user with email: anish@idealtransport.com
2026-01-24 15:31:06 - routers.auth - INFO - User authenticated successfully: anish@idealtransport.com
2026-01-24 15:31:06 - routers.auth - INFO - Validating token for /me endpoint
2026-01-24 15:31:06 - routers.auth - INFO - Looking up user with email: anish@idealtransport.com
2026-01-24 15:31:07 - routers.auth - INFO - User authenticated successfully: anish@idealtransport.com
2026-01-24 15:31:07 - routers.auth - INFO - Validating token for /me endpoint
2026-01-24 15:31:07 - routers.auth - INFO - Looking up user with email: anish@idealtransport.com
2026-01-24 15:31:07 - routers.auth - INFO - User authenticated successfully: anish@idealtransport.com
2026-01-24 15:31:07 - routers.auth - INFO - Validating token for /me endpoint
2026-01-24 15:31:07 - routers.auth - INFO - Looking up user with email: anish@idealtransport.com
2026-01-24 15:31:08 - routers.auth - INFO - User authenticated successfully: anish@idealtransport.com
2026-01-24 15:31:08 - routers.auth - INFO - Validating token for /me endpoint
2026-01-24 15:31:08 - routers.auth - INFO - Looking up user with email: anish@idealtransport.com
2026-01-24 15:31:08 - routers.auth - INFO - User authenticated successfully: anish@idealtransport.com
2026-01-24 15:31:08 - routers.auth - INFO - Validating token for /me endpoint
2026-01-24 15:31:08 - routers.auth - INFO - Looking up user with email: anish@idealtransport.com
2026-01-24 15:31:09 - routers.auth - INFO - User authenticated successfully: anish@idealtransport.com
2026-01-24 15:31:32 - routers.auth - INFO - Login attempt for user: admin@idealtransport.com
2026-01-24 15:31:32 - routers.auth - INFO - Authenticating user: admin@idealtransport.com
2026-01-24 15:31:32 - routers.auth - INFO - Looking up user with email: admin@idealtransport.com
2026-01-24 15:31:32 - routers.auth - INFO - User found: admin@idealtransport.com
2026-01-24 15:31:33 - routers.auth - INFO - Authentication successful: admin@idealtransport.com
2026-01-24 15:31:33 - routers.auth - INFO - Login successful: admin@idealtransport.com
2026-01-24 15:31:33 - routers.auth - INFO - Validating token for /me endpoint
2026-01-24 15:31:33 - routers.auth - INFO - Looking up user with email: admin@idealtransport.com
2026-01-24 15:31:33 - routers.auth - INFO - User authenticated successfully: admin@idealtransport.com
2026-01-24 15:31:33 - routers.auth - INFO - Validating token for /me endpoint
2026-01-24 15:31:33 - routers.auth - INFO - Looking up user with email: admin@idealtransport.com
2026-01-24 15:31:34 - routers.auth - INFO - User authenticated successfully: admin@idealtransport.com
2026-01-24 15:31:34 - routers.auth - INFO - Validating token for /me endpoint
2026-01-24 15:31:34 - routers.auth - INFO - Looking up user with email: admin@idealtransport.com
2026-01-24 15:31:35 - routers.auth - INFO - User authenticated successfully: admin@idealtransport.com
2026-01-24 15:31:35 - routers.auth - INFO - Validating token for /me endpoint
2026-01-24 15:31:35 - routers.auth - INFO - Looking up user with email: admin@idealtransport.com
2026-01-24 15:31:35 - routers.auth - INFO - User authenticated successfully: admin@idealtransport.com
2026-01-24 15:31:35 - routers.auth - INFO - Validating token for /me endpoint
2026-01-24 15:31:35 - routers.auth - INFO - Looking up user with email: admin@idealtransport.com
2026-01-24 15:31:36 - routers.auth - INFO - User authenticated successfully: admin@idealtransport.com
2026-01-24 15:31:36 - routers.auth - INFO - Validating token for /me endpoint
2026-01-24 15:31:36 - routers.auth - INFO - Looking up user with email: admin@idealtransport.com
2026-01-24 15:31:36 - routers.auth - INFO - User authenticated successfully: admin@idealtransport.com
2026-01-24 15:32:19 - routers.auth - INFO - Login attempt for user: admin@idealtransport.com
2026-01-24 15:32:19 - routers.auth - INFO - Authenticating user: admin@idealtransport.com
2026-01-24 15:32:19 - routers.auth - INFO - Looking up user with email: admin@idealtransport.com
2026-01-24 15:32:19 - routers.auth - INFO - User found: admin@idealtransport.com
2026-01-24 15:32:20 - routers.auth - INFO - Authentication successful: admin@idealtransport.com
2026-01-24 15:32:20 - routers.auth - INFO - Login successful: admin@idealtransport.com
2026-01-24 15:32:20 - routers.auth - INFO - Validating token for /me endpoint
2026-01-24 15:32:20 - routers.auth - INFO - Looking up user with email: admin@idealtransport.com
2026-01-24 15:32:20 - routers.auth - INFO - User authenticated successfully: admin@idealtransport.com
2026-01-24 15:32:20 - routers.auth - INFO - Validating token for /me endpoint
2026-01-24 15:32:20 - routers.auth - INFO - Looking up user with email: admin@idealtransport.com
2026-01-24 15:32:21 - routers.auth - INFO - User authenticated successfully: admin@idealtransport.com
2026-01-24 15:32:21 - routers.auth - INFO - Validating token for /me endpoint
2026-01-24 15:32:21 - routers.auth - INFO - Looking up user with email: admin@idealtransport.com
2026-01-24 15:32:21 - routers.auth - INFO - User authenticated successfully: admin@idealtransport.com
2026-01-24 15:32:21 - routers.auth - INFO - Validating token for /me endpoint
2026-01-24 15:32:21 - routers.auth - INFO - Looking up user with email: admin@idealtransport.com
2026-01-24 15:32:22 - routers.auth - INFO - User authenticated successfully: admin@idealtransport.com
2026-01-24 15:32:22 - routers.auth - INFO - Validating token for /me endpoint
2026-01-24 15:32:22 - routers.auth - INFO - Looking up user with email: admin@idealtransport.com
2026-01-24 15:32:22 - routers.auth - INFO - User authenticated successfully: admin@idealtransport.com
2026-01-24 15:32:22 - routers.auth - INFO - Validating token for /me endpoint
2026-01-24 15:32:23 - routers.auth - INFO - Looking up user with email: admin@idealtransport.com
2026-01-24 15:32:24 - routers.auth - INFO - User authenticated successfully: admin@idealtransport.com
2026-01-24 15:44:01 - routers.auth - INFO - Login attempt for user: admin@idealtransport.com
2026-01-24 15:44:01 - routers.auth - INFO - Authenticating user: admin@idealtransport.com
2026-01-24 15:44:01 - routers.auth - INFO - Looking up user with email: admin@idealtransport.com
2026-01-24 15:44:02 - routers.auth - INFO - User found: admin@idealtransport.com
2026-01-24 15:44:02 - routers.auth - INFO - Authentication successful: admin@idealtransport.com
2026-01-24 15:44:02 - routers.auth - INFO - Login successful: admin@idealtransport.com
2026-01-24 15:44:03 - routers.auth - INFO - Validating token for /me endpoint
2026-01-24 15:44:03 - routers.auth - INFO - Looking up user with email: admin@idealtransport.com
2026-01-24 15:44:03 - routers.auth - INFO - User authenticated successfully: admin@idealtransport.com
2026-01-24 15:44:03 - routers.auth - INFO - Validating token for /me endpoint
2026-01-24 15:44:03 - routers.auth - INFO - Looking up user with email: admin@idealtransport.com
2026-01-24 15:44:04 - routers.auth - INFO - User authenticated successfully: admin@idealtransport.com
2026-01-24 15:44:04 - routers.auth - INFO - Validating token for /me endpoint
2026-01-24 15:44:04 - routers.auth - INFO - Looking up user with email: admin@idealtransport.com
2026-01-24 15:44:04 - routers.auth - INFO - User authenticated successfully: admin@idealtransport.com
2026-01-24 15:44:04 - routers.auth - INFO - Validating token for /me endpoint
2026-01-24 15:44:04 - routers.auth - INFO - Looking up user with email: admin@idealtransport.com
2026-01-24 15:44:05 - routers.auth - INFO - User authenticated successfully: admin@idealtransport.com
2026-01-24 15:44:05 - routers.auth - INFO - Validating token for /me endpoint
2026-01-24 15:44:05 - routers.auth - INFO - Looking up user with email: admin@idealtransport.com
2026-01-24 15:44:05 - routers.auth - INFO - User authenticated successfully: admin@idealtransport.com
2026-01-24 15:44:05 - routers.auth - INFO - Validating token for /me endpoint
2026-01-24 15:44:05 - routers.auth - INFO - Looking up user with email: admin@idealtransport.com
2026-01-24 15:44:06 - routers.auth - INFO - User authenticated successfully: admin@idealtransport.com
2026-01-24 15:44:06 - routers.auth - INFO - Validating token for /me endpoint
2026-01-24 15:44:06 - routers.auth - INFO - Looking up user with email: admin@idealtransport.com
2026-01-24 15:44:07 - routers.auth - INFO - User authenticated successfully: admin@idealtransport.com
2026-01-24 15:44:07 - routers.auth - INFO - Validating token for /me endpoint
2026-01-24 15:44:07 - routers.auth - INFO - Looking up user with email: admin@idealtransport.com
2026-01-24 15:44:07 - routers.auth - INFO - User authenticated successfully: admin@idealtransport.com
2026-01-24 15:44:07 - routers.auth - INFO - Validating token for /me endpoint
2026-01-24 15:44:07 - routers.auth - INFO - Looking up user with email: admin@idealtransport.com
2026-01-24 15:44:08 - routers.auth - INFO - User authenticated successfully: admin@idealtransport.com
2026-01-24 15:44:52 - routers.auth - INFO - Login attempt for user: anish@idealtransport.com
2026-01-24 15:44:52 - routers.auth - INFO - Authenticating user: anish@idealtransport.com
2026-01-24 15:44:52 - routers.auth - INFO - Looking up user with email: anish@idealtransport.com
2026-01-24 15:44:52 - routers.auth - INFO - User found: anish@idealtransport.com
2026-01-24 15:44:53 - routers.auth - WARNING - Authentication failed: Invalid password - anish@idealtransport.com
2026-01-24 15:44:53 - routers.auth - WARNING - Login failed: Invalid credentials - anish@idealtransport.com
2026-01-24 15:45:04 - routers.auth - INFO - Login attempt for user: anish@idealtransport.com
2026-01-24 15:45:04 - routers.auth - INFO - Authenticating user: anish@idealtransport.com
2026-01-24 15:45:04 - routers.auth - INFO - Looking up user with email: anish@idealtransport.com
2026-01-24 15:45:04 - routers.auth - INFO - User found: anish@idealtransport.com
2026-01-24 15:45:05 - routers.auth - INFO - Authentication successful: anish@idealtransport.com
2026-01-24 15:45:05 - routers.auth - INFO - Login successful: anish@idealtransport.com
2026-01-24 15:45:05 - routers.auth - INFO - Validating token for /me endpoint
2026-01-24 15:45:05 - routers.auth - INFO - Looking up user with email: anish@idealtransport.com
2026-01-24 15:45:06 - routers.auth - INFO - User authenticated successfully: anish@idealtransport.com
2026-01-24 15:45:06 - routers.auth - INFO - Validating token for /me endpoint
2026-01-24 15:45:06 - routers.auth - INFO - Looking up user with email: anish@idealtransport.com
2026-01-24 15:45:06 - routers.auth - INFO - User authenticated successfully: anish@idealtransport.com
2026-01-24 15:45:06 - routers.auth - INFO - Validating token for /me endpoint
2026-01-24 15:45:06 - routers.auth - INFO - Looking up user with email: anish@idealtransport.com
2026-01-24 15:45:07 - routers.auth - INFO - User authenticated successfully: anish@idealtransport.com
2026-01-24 15:45:07 - routers.auth - INFO - Validating token for /me endpoint
2026-01-24 15:45:07 - routers.auth - INFO - Looking up user with email: anish@idealtransport.com
2026-01-24 15:45:07 - routers.auth - INFO - User authenticated successfully: anish@idealtransport.com
2026-01-24 15:45:07 - routers.auth - INFO - Validating token for /me endpoint
2026-01-24 15:45:07 - routers.auth - INFO - Looking up user with email: anish@idealtransport.com
2026-01-24 15:45:08 - routers.auth - INFO - User authenticated successfully: anish@idealtransport.com
2026-01-24 15:45:08 - routers.auth - INFO - Validating token for /me endpoint
2026-01-24 15:45:08 - routers.auth - INFO - Looking up user with email: anish@idealtransport.com
2026-01-24 15:45:08 - routers.auth - INFO - User authenticated successfully: anish@idealtransport.com
2026-01-24 15:45:08 - routers.auth - INFO - Validating token for /me endpoint
2026-01-24 15:45:08 - routers.auth - INFO - Looking up user with email: anish@idealtransport.com
2026-01-24 15:45:09 - routers.auth - INFO - User authenticated successfully: anish@idealtransport.com
2026-01-24 15:45:09 - routers.auth - INFO - Validating token for /me endpoint
2026-01-24 15:45:09 - routers.auth - INFO - Looking up user with email: anish@idealtransport.com
2026-01-24 15:45:09 - routers.auth - INFO - User authenticated successfully: anish@idealtransport.com
2026-01-24 15:45:09 - routers.auth - INFO - Validating token for /me endpoint
2026-01-24 15:45:09 - routers.auth - INFO - Looking up user with email: anish@idealtransport.com
2026-01-24 15:45:10 - routers.auth - INFO - User authenticated successfully: anish@idealtransport.com
2026-01-24 15:47:18 - routers.auth - INFO - Login attempt for user: admin@idealtransport.com
2026-01-24 15:47:18 - routers.auth - INFO - Authenticating user: admin@idealtransport.com
2026-01-24 15:47:18 - routers.auth - INFO - Looking up user with email: admin@idealtransport.com
2026-01-24 15:47:18 - routers.auth - INFO - User found: admin@idealtransport.com
2026-01-24 15:47:19 - routers.auth - INFO - Authentication successful: admin@idealtransport.com
2026-01-24 15:47:19 - routers.auth - INFO - Login successful: admin@idealtransport.com
2026-01-24 15:47:19 - routers.auth - INFO - Validating token for /me endpoint
2026-01-24 15:47:19 - routers.auth - INFO - Looking up user with email: admin@idealtransport.com
2026-01-24 15:47:20 - routers.auth - INFO - User authenticated successfully: admin@idealtransport.com
2026-01-24 15:47:20 - routers.auth - INFO - Validating token for /me endpoint
2026-01-24 15:47:20 - routers.auth - INFO - Looking up user with email: admin@idealtransport.com
2026-01-24 15:47:20 - routers.auth - INFO - User authenticated successfully: admin@idealtransport.com
2026-01-24 15:47:20 - routers.auth - INFO - Validating token for /me endpoint
2026-01-24 15:47:20 - routers.auth - INFO - Looking up user with email: admin@idealtransport.com
2026-01-24 15:47:21 - routers.auth - INFO - User authenticated successfully: admin@idealtransport.com
2026-01-24 15:47:21 - routers.auth - INFO - Validating token for /me endpoint
2026-01-24 15:47:21 - routers.auth - INFO - Looking up user with email: admin@idealtransport.com
2026-01-24 15:47:21 - routers.auth - INFO - User authenticated successfully: admin@idealtransport.com
2026-01-24 15:47:21 - routers.auth - INFO - Validating token for /me endpoint
2026-01-24 15:47:21 - routers.auth - INFO - Looking up user with email: admin@idealtransport.com
2026-01-24 15:47:22 - routers.auth - INFO - User authenticated successfully: admin@idealtransport.com
2026-01-24 15:47:22 - routers.auth - INFO - Validating token for /me endpoint
2026-01-24 15:47:22 - routers.auth - INFO - Looking up user with email: admin@idealtransport.com
2026-01-24 15:47:22 - routers.auth - INFO - User authenticated successfully: admin@idealtransport.com
2026-01-24 15:47:22 - routers.auth - INFO - Validating token for /me endpoint
2026-01-24 15:47:22 - routers.auth - INFO - Looking up user with email: admin@idealtransport.com
2026-01-24 15:47:23 - routers.auth - INFO - User authenticated successfully: admin@idealtransport.com
2026-01-24 15:47:23 - routers.auth - INFO - Validating token for /me endpoint
2026-01-24 15:47:23 - routers.auth - INFO - Looking up user with email: admin@idealtransport.com
2026-01-24 15:47:23 - routers.auth - INFO - User authenticated successfully: admin@idealtransport.com
2026-01-24 15:47:23 - routers.auth - INFO - Validating token for /me endpoint
2026-01-24 15:47:23 - routers.auth - INFO - Looking up user with email: admin@idealtransport.com
2026-01-24 15:47:24 - routers.auth - INFO - User authenticated successfully: admin@idealtransport.com
2026-01-24 15:52:44 - routers.auth - INFO - Validating token for /me endpoint
2026-01-24 15:52:44 - routers.auth - INFO - Looking up user with email: admin@idealtransport.com
2026-01-24 15:52:45 - routers.auth - INFO - User authenticated successfully: admin@idealtransport.com
2026-01-24 15:52:46 - routers.auth - INFO - Admin admin@idealtransport.com fetching all users
2026-01-24 15:55:47 - routers.auth - INFO - Validating token for /me endpoint
2026-01-24 15:55:48 - routers.auth - INFO - Looking up user with email: admin@idealtransport.com
2026-01-24 15:55:48 - routers.auth - INFO - User authenticated successfully: admin@idealtransport.com
2026-01-24 15:56:21 - routers.auth - INFO - Login attempt for user: admin@idealtransport.com
2026-01-24 15:56:21 - routers.auth - INFO - Authenticating user: admin@idealtransport.com
2026-01-24 15:56:21 - routers.auth - INFO - Looking up user with email: admin@idealtransport.com
2026-01-24 15:56:22 - routers.auth - INFO - User found: admin@idealtransport.com
2026-01-24 15:56:22 - routers.auth - INFO - Authentication successful: admin@idealtransport.com
2026-01-24 15:56:22 - routers.auth - INFO - Login successful: admin@idealtransport.com
2026-01-24 15:56:22 - routers.auth - INFO - Validating token for /me endpoint
2026-01-24 15:56:22 - routers.auth - INFO - Looking up user with email: admin@idealtransport.com
2026-01-24 15:56:23 - routers.auth - INFO - User authenticated successfully: admin@idealtransport.com
2026-01-24 15:56:23 - routers.auth - INFO - Validating token for /me endpoint
2026-01-24 15:56:23 - routers.auth - INFO - Looking up user with email: admin@idealtransport.com
2026-01-24 15:56:25 - routers.auth - INFO - User authenticated successfully: admin@idealtransport.com
2026-01-24 15:56:25 - routers.auth - INFO - Validating token for /me endpoint
2026-01-24 15:56:25 - routers.auth - INFO - Looking up user with email: admin@idealtransport.com
2026-01-24 15:56:25 - routers.auth - INFO - User authenticated successfully: admin@idealtransport.com
2026-01-24 15:56:25 - routers.auth - INFO - Validating token for /me endpoint
2026-01-24 15:56:25 - routers.auth - INFO - Looking up user with email: admin@idealtransport.com
2026-01-24 15:56:27 - routers.auth - INFO - User authenticated successfully: admin@idealtransport.com
2026-01-24 15:56:27 - routers.auth - INFO - Validating token for /me endpoint
2026-01-24 15:56:27 - routers.auth - INFO - Looking up user with email: admin@idealtransport.com
2026-01-24 15:56:27 - routers.auth - INFO - User authenticated successfully: admin@idealtransport.com
2026-01-24 15:56:27 - routers.auth - INFO - Validating token for /me endpoint
2026-01-24 15:56:27 - routers.auth - INFO - Looking up user with email: admin@idealtransport.com
2026-01-24 15:56:28 - routers.auth - INFO - User authenticated successfully: admin@idealtransport.com
2026-01-24 15:56:28 - routers.auth - INFO - Validating token for /me endpoint
2026-01-24 15:56:28 - routers.auth - INFO - Looking up user with email: admin@idealtransport.com
2026-01-24 15:56:29 - routers.auth - INFO - User authenticated successfully: admin@idealtransport.com
2026-01-24 15:56:29 - routers.auth - INFO - Validating token for /me endpoint
2026-01-24 15:56:29 - routers.auth - INFO - Looking up user with email: admin@idealtransport.com
2026-01-24 15:56:30 - routers.auth - INFO - User authenticated successfully: admin@idealtransport.com
2026-01-24 15:56:30 - routers.auth - INFO - Validating token for /me endpoint
2026-01-24 15:56:30 - routers.auth - INFO - Looking up user with email: admin@idealtransport.com
2026-01-24 15:56:30 - routers.auth - INFO - User authenticated successfully: admin@idealtransport.com
2026-01-24 15:58:39 - routers.auth - INFO - Login attempt for user: anish@idealtransport.com
2026-01-24 15:58:39 - routers.auth - INFO - Authenticating user: anish@idealtransport.com
2026-01-24 15:58:39 - routers.auth - INFO - Looking up user with email: anish@idealtransport.com
2026-01-24 15:58:39 - routers.auth - INFO - User found: anish@idealtransport.com
2026-01-24 15:58:40 - routers.auth - INFO - Authentication successful: anish@idealtransport.com
2026-01-24 15:58:40 - routers.auth - INFO - Login successful: anish@idealtransport.com
2026-01-24 15:58:40 - routers.auth - INFO - Validating token for /me endpoint
2026-01-24 15:58:40 - routers.auth - INFO - Looking up user with email: anish@idealtransport.com
2026-01-24 15:58:40 - routers.auth - INFO - User authenticated successfully: anish@idealtransport.com
2026-01-24 15:58:40 - routers.auth - INFO - Validating token for /me endpoint
2026-01-24 15:58:40 - routers.auth - INFO - Looking up user with email: anish@idealtransport.com
2026-01-24 15:58:41 - routers.auth - INFO - User authenticated successfully: anish@idealtransport.com
2026-01-24 15:58:41 - routers.auth - INFO - Validating token for /me endpoint
2026-01-24 15:58:41 - routers.auth - INFO - Looking up user with email: anish@idealtransport.com
2026-01-24 15:58:42 - routers.auth - INFO - User authenticated successfully: anish@idealtransport.com
2026-01-24 15:58:42 - routers.auth - INFO - Validating token for /me endpoint
2026-01-24 15:58:42 - routers.auth - INFO - Looking up user with email: anish@idealtransport.com
2026-01-24 15:58:42 - routers.auth - INFO - User authenticated successfully: anish@idealtransport.com
2026-01-24 15:58:42 - routers.auth - INFO - Validating token for /me endpoint
2026-01-24 15:58:42 - routers.auth - INFO - Looking up user with email: anish@idealtransport.com
2026-01-24 15:58:43 - routers.auth - INFO - User authenticated successfully: anish@idealtransport.com
2026-01-24 15:58:43 - routers.auth - INFO - Validating token for /me endpoint
2026-01-24 15:58:43 - routers.auth - INFO - Looking up user with email: anish@idealtransport.com
2026-01-24 15:58:43 - routers.auth - INFO - User authenticated successfully: anish@idealtransport.com
2026-01-24 15:58:43 - routers.auth - INFO - Validating token for /me endpoint
2026-01-24 15:58:43 - routers.auth - INFO - Looking up user with email: anish@idealtransport.com
2026-01-24 15:58:45 - routers.auth - INFO - User authenticated successfully: anish@idealtransport.com
2026-01-24 15:58:45 - routers.auth - INFO - Validating token for /me endpoint
2026-01-24 15:58:45 - routers.auth - INFO - Looking up user with email: anish@idealtransport.com
2026-01-24 15:58:45 - routers.auth - INFO - User authenticated successfully: anish@idealtransport.com
2026-01-24 15:58:45 - routers.auth - INFO - Validating token for /me endpoint
2026-01-24 15:58:45 - routers.auth - INFO - Looking up user with email: anish@idealtransport.com
2026-01-24 15:58:46 - routers.auth - INFO - User authenticated successfully: anish@idealtransport.com
2026-01-24 16:12:11 - routers.auth - INFO - Login attempt for user: admin@idealtransport.com
2026-01-24 16:12:11 - routers.auth - INFO - Authenticating user: admin@idealtransport.com
2026-01-24 16:12:11 - routers.auth - INFO - Looking up user with email: admin@idealtransport.com
2026-01-24 16:12:12 - routers.auth - INFO - User found: admin@idealtransport.com
2026-01-24 16:12:12 - routers.auth - INFO - Authentication successful: admin@idealtransport.com
2026-01-24 16:12:12 - routers.auth - INFO - Login successful: admin@idealtransport.com
2026-01-24 16:12:13 - routers.auth - INFO - Validating token for /me endpoint
2026-01-24 16:12:13 - routers.auth - INFO - Looking up user with email: admin@idealtransport.com
2026-01-24 16:12:13 - routers.auth - INFO - User authenticated successfully: admin@idealtransport.com
2026-01-24 16:12:13 - routers.auth - INFO - Validating token for /me endpoint
2026-01-24 16:12:13 - routers.auth - INFO - Looking up user with email: admin@idealtransport.com
2026-01-24 16:12:14 - routers.auth - INFO - User authenticated successfully: admin@idealtransport.com
2026-01-24 16:12:14 - routers.auth - INFO - Validating token for /me endpoint
2026-01-24 16:12:14 - routers.auth - INFO - Looking up user with email: admin@idealtransport.com
2026-01-24 16:12:14 - routers.auth - INFO - User authenticated successfully: admin@idealtransport.com
2026-01-24 16:12:14 - routers.auth - INFO - Validating token for /me endpoint
2026-01-24 16:12:14 - routers.auth - INFO - Looking up user with email: admin@idealtransport.com
2026-01-24 16:12:15 - routers.auth - INFO - User authenticated successfully: admin@idealtransport.com
2026-01-24 16:12:15 - routers.auth - INFO - Validating token for /me endpoint
2026-01-24 16:12:15 - routers.auth - INFO - Looking up user with email: admin@idealtransport.com
2026-01-24 16:12:15 - routers.auth - INFO - User authenticated successfully: admin@idealtransport.com
2026-01-24 16:12:15 - routers.auth - INFO - Validating token for /me endpoint
2026-01-24 16:12:15 - routers.auth - INFO - Looking up user with email: admin@idealtransport.com
2026-01-24 16:12:16 - routers.auth - INFO - User authenticated successfully: admin@idealtransport.com
2026-01-24 16:12:16 - routers.auth - INFO - Validating token for /me endpoint
2026-01-24 16:12:16 - routers.auth - INFO - Looking up user with email: admin@idealtransport.com
2026-01-24 16:12:16 - routers.auth - INFO - User authenticated successfully: admin@idealtransport.com
2026-01-24 16:12:16 - routers.auth - INFO - Validating token for /me endpoint
2026-01-24 16:12:16 - routers.auth - INFO - Looking up user with email: admin@idealtransport.com
2026-01-24 16:12:17 - routers.auth - INFO - User authenticated successfully: admin@idealtransport.com
2026-01-24 16:12:17 - routers.auth - INFO - Validating token for /me endpoint
2026-01-24 16:12:17 - routers.auth - INFO - Looking up user with email: admin@idealtransport.com
2026-01-24 16:12:17 - routers.auth - INFO - User authenticated successfully: admin@idealtransport.com
2026-01-24 16:26:05 - routers.auth - INFO - Validating token for /me endpoint
2026-01-24 16:26:05 - routers.auth - INFO - Looking up user with email: admin@idealtransport.com
2026-01-24 16:26:06 - routers.auth - INFO - User authenticated successfully: admin@idealtransport.com
2026-01-24 16:26:06 - routers.auth - INFO - Validating token for /me endpoint
2026-01-24 16:26:06 - routers.auth - INFO - Looking up user with email: admin@idealtransport.com
2026-01-24 16:26:06 - routers.auth - INFO - User authenticated successfully: admin@idealtransport.com
2026-01-24 16:26:07 - routers.auth - INFO - Admin admin@idealtransport.com fetching all users
2026-01-24 16:28:28 - routers.auth - INFO - Login attempt for user: admin@idealtransport.com
2026-01-24 16:28:28 - routers.auth - INFO - Authenticating user: admin@idealtransport.com
2026-01-24 16:28:28 - routers.auth - INFO - Looking up user with email: admin@idealtransport.com
2026-01-24 16:28:28 - routers.auth - INFO - User found: admin@idealtransport.com
2026-01-24 16:28:29 - routers.auth - INFO - Authentication successful: admin@idealtransport.com
2026-01-24 16:28:29 - routers.auth - INFO - Login successful: admin@idealtransport.com
2026-01-24 16:28:29 - routers.auth - INFO - Validating token for /me endpoint
2026-01-24 16:28:29 - routers.auth - INFO - Looking up user with email: admin@idealtransport.com
2026-01-24 16:28:30 - routers.auth - INFO - User authenticated successfully: admin@idealtransport.com
2026-01-24 16:28:30 - routers.auth - INFO - Validating token for /me endpoint
2026-01-24 16:28:30 - routers.auth - INFO - Looking up user with email: admin@idealtransport.com
2026-01-24 16:28:32 - routers.auth - INFO - User authenticated successfully: admin@idealtransport.com
2026-01-24 16:28:32 - routers.auth - INFO - Validating token for /me endpoint
2026-01-24 16:28:32 - routers.auth - INFO - Looking up user with email: admin@idealtransport.com
2026-01-24 16:28:33 - routers.auth - INFO - User authenticated successfully: admin@idealtransport.com
2026-01-24 16:28:33 - routers.auth - INFO - Validating token for /me endpoint
2026-01-24 16:28:33 - routers.auth - INFO - Looking up user with email: admin@idealtransport.com
2026-01-24 16:28:37 - routers.auth - INFO - User authenticated successfully: admin@idealtransport.com
2026-01-24 16:28:37 - routers.auth - INFO - Validating token for /me endpoint
2026-01-24 16:28:37 - routers.auth - INFO - Looking up user with email: admin@idealtransport.com
2026-01-24 16:28:37 - routers.auth - INFO - User authenticated successfully: admin@idealtransport.com
2026-01-24 16:28:37 - routers.auth - INFO - Validating token for /me endpoint
2026-01-24 16:28:37 - routers.auth - INFO - Looking up user with email: admin@idealtransport.com
2026-01-24 16:28:38 - routers.auth - INFO - User authenticated successfully: admin@idealtransport.com
2026-01-24 16:28:38 - routers.auth - INFO - Validating token for /me endpoint
2026-01-24 16:28:38 - routers.auth - INFO - Looking up user with email: admin@idealtransport.com
2026-01-24 16:28:38 - routers.auth - INFO - User authenticated successfully: admin@idealtransport.com
2026-01-24 16:28:38 - routers.auth - INFO - Validating token for /me endpoint
2026-01-24 16:28:38 - routers.auth - INFO - Looking up user with email: admin@idealtransport.com
2026-01-24 16:28:39 - routers.auth - INFO - User authenticated successfully: admin@idealtransport.com
2026-01-24 16:28:39 - routers.auth - INFO - Validating token for /me endpoint
2026-01-24 16:28:39 - routers.auth - INFO - Looking up user with email: admin@idealtransport.com
2026-01-24 16:28:39 - routers.auth - INFO - User authenticated successfully: admin@idealtransport.com
2026-01-24 16:28:55 - routers.auth - INFO - Validating token for /me endpoint
2026-01-24 16:28:55 - routers.auth - INFO - Looking up user with email: admin@idealtransport.com
2026-01-24 16:28:55 - routers.auth - INFO - User authenticated successfully: admin@idealtransport.com
2026-01-24 16:28:55 - routers.auth - INFO - Validating token for /me endpoint
2026-01-24 16:28:55 - routers.auth - INFO - Looking up user with email: admin@idealtransport.com
2026-01-24 16:28:56 - routers.auth - INFO - User authenticated successfully: admin@idealtransport.com
2026-01-24 16:28:56 - routers.auth - INFO - Validating token for /me endpoint
2026-01-24 16:28:56 - routers.auth - INFO - Looking up user with email: admin@idealtransport.com
2026-01-24 16:28:56 - routers.auth - INFO - User authenticated successfully: admin@idealtransport.com
2026-01-24 16:28:56 - routers.auth - INFO - User admin@idealtransport.com fetching drivers list
2026-01-24 16:33:44 - routers.auth - INFO - Validating token for /me endpoint
2026-01-24 16:33:44 - routers.auth - INFO - Looking up user with email: admin@idealtransport.com
2026-01-24 16:33:45 - routers.auth - INFO - User authenticated successfully: admin@idealtransport.com
2026-01-24 16:33:58 - routers.auth - INFO - Validating token for /me endpoint
2026-01-24 16:33:58 - routers.auth - INFO - Looking up user with email: admin@idealtransport.com
2026-01-24 16:33:58 - routers.auth - INFO - User authenticated successfully: admin@idealtransport.com
2026-01-24 16:36:41 - routers.auth - INFO - Validating token for /me endpoint
2026-01-24 16:36:41 - routers.auth - INFO - Looking up user with email: admin@idealtransport.com
2026-01-24 16:36:42 - routers.auth - INFO - User authenticated successfully: admin@idealtransport.com
2026-01-24 16:36:42 - routers.auth - INFO - Validating token for /me endpoint
2026-01-24 16:36:42 - routers.auth - INFO - Looking up user with email: admin@idealtransport.com
2026-01-24 16:36:42 - routers.auth - INFO - User authenticated successfully: admin@idealtransport.com
2026-01-24 16:37:28 - routers.auth - INFO - Validating token for /me endpoint
2026-01-24 16:37:28 - routers.auth - INFO - Looking up user with email: admin@idealtransport.com
2026-01-24 16:37:28 - routers.auth - INFO - User authenticated successfully: admin@idealtransport.com
2026-01-24 16:38:05 - routers.auth - INFO - Validating token for /me endpoint
2026-01-24 16:38:05 - routers.auth - INFO - Looking up user with email: admin@idealtransport.com
2026-01-24 16:38:09 - routers.auth - INFO - User authenticated successfully: admin@idealtransport.com
2026-01-24 16:38:09 - routers.auth - INFO - Validating token for /me endpoint
2026-01-24 16:38:09 - routers.auth - INFO - Looking up user with email: admin@idealtransport.com
2026-01-24 16:38:11 - routers.auth - INFO - User authenticated successfully: admin@idealtransport.com
2026-01-24 16:38:12 - routers.auth - INFO - Validating token for /me endpoint
2026-01-24 16:38:12 - routers.auth - INFO - Looking up user with email: admin@idealtransport.com
2026-01-24 16:38:14 - routers.auth - INFO - User authenticated successfully: admin@idealtransport.com
2026-01-24 16:38:38 - routers.auth - INFO - Validating token for /me endpoint
2026-01-24 16:38:38 - routers.auth - INFO - Looking up user with email: admin@idealtransport.com
2026-01-24 16:38:39 - routers.auth - INFO - User authenticated successfully: admin@idealtransport.com
2026-01-24 16:38:43 - routers.auth - INFO - Validating token for /me endpoint
2026-01-24 16:38:43 - routers.auth - INFO - Looking up user with email: admin@idealtransport.com
2026-01-24 16:38:44 - routers.auth - INFO - User authenticated successfully: admin@idealtransport.com
2026-01-24 16:38:44 - routers.auth - INFO - Validating token for /me endpoint
2026-01-24 16:38:44 - routers.auth - INFO - Looking up user with email: admin@idealtransport.com
2026-01-24 16:38:45 - routers.auth - INFO - User authenticated successfully: admin@idealtransport.com
2026-01-24 16:38:45 - routers.auth - INFO - Validating token for /me endpoint
2026-01-24 16:38:45 - routers.auth - INFO - Looking up user with email: admin@idealtransport.com
2026-01-24 16:38:45 - routers.auth - INFO - User authenticated successfully: admin@idealtransport.com
2026-01-24 16:38:45 - routers.auth - INFO - User admin@idealtransport.com fetching drivers list
2026-01-24 16:39:59 - routers.auth - INFO - Validating token for /me endpoint
2026-01-24 16:39:59 - routers.auth - INFO - Looking up user with email: admin@idealtransport.com
2026-01-24 16:40:02 - routers.auth - INFO - User authenticated successfully: admin@idealtransport.com
2026-01-24 16:40:16 - routers.auth - INFO - Validating token for /me endpoint
2026-01-24 16:40:16 - routers.auth - INFO - Looking up user with email: admin@idealtransport.com
2026-01-24 16:40:17 - routers.auth - INFO - User authenticated successfully: admin@idealtransport.com
2026-01-24 16:40:17 - routers.auth - INFO - Validating token for /me endpoint
2026-01-24 16:40:17 - routers.auth - INFO - Looking up user with email: admin@idealtransport.com
2026-01-24 16:40:17 - routers.auth - INFO - User authenticated successfully: admin@idealtransport.com
2026-01-24 16:40:17 - routers.auth - INFO - Validating token for /me endpoint
2026-01-24 16:40:17 - routers.auth - INFO - Looking up user with email: admin@idealtransport.com
2026-01-24 16:40:18 - routers.auth - INFO - User authenticated successfully: admin@idealtransport.com
2026-01-24 16:56:47 - routers.auth - INFO - Login attempt for user: admin@idealtransport.com
2026-01-24 16:56:47 - routers.auth - INFO - Authenticating user: admin@idealtransport.com
2026-01-24 16:56:47 - routers.auth - INFO - Looking up user with email: admin@idealtransport.com
2026-01-24 16:56:48 - routers.auth - INFO - User found: admin@idealtransport.com
2026-01-24 16:56:48 - routers.auth - INFO - Authentication successful: admin@idealtransport.com
2026-01-24 16:56:48 - routers.auth - INFO - Login successful: admin@idealtransport.com
2026-01-24 16:56:50 - routers.auth - INFO - Validating token for /me endpoint
2026-01-24 16:56:50 - routers.auth - INFO - Looking up user with email: admin@idealtransport.com
2026-01-24 16:56:50 - routers.auth - INFO - User authenticated successfully: admin@idealtransport.com
2026-01-24 16:56:50 - routers.auth - INFO - Validating token for /me endpoint
2026-01-24 16:56:50 - routers.auth - INFO - Looking up user with email: admin@idealtransport.com
2026-01-24 16:56:51 - routers.auth - INFO - User authenticated successfully: admin@idealtransport.com
2026-01-24 16:56:51 - routers.auth - INFO - Validating token for /me endpoint
2026-01-24 16:56:51 - routers.auth - INFO - Looking up user with email: admin@idealtransport.com
2026-01-24 16:56:51 - routers.auth - INFO - User authenticated successfully: admin@idealtransport.com
2026-01-24 16:56:51 - routers.auth - INFO - Validating token for /me endpoint
2026-01-24 16:56:51 - routers.auth - INFO - Looking up user with email: admin@idealtransport.com
2026-01-24 16:56:52 - routers.auth - INFO - User authenticated successfully: admin@idealtransport.com
2026-01-24 16:56:52 - routers.auth - INFO - Validating token for /me endpoint
2026-01-24 16:56:52 - routers.auth - INFO - Looking up user with email: admin@idealtransport.com
2026-01-24 16:56:52 - routers.auth - INFO - User authenticated successfully: admin@idealtransport.com
2026-01-24 16:56:52 - routers.auth - INFO - Validating token for /me endpoint
2026-01-24 16:56:52 - routers.auth - INFO - Looking up user with email: admin@idealtransport.com
2026-01-24 16:56:53 - routers.auth - INFO - User authenticated successfully: admin@idealtransport.com
2026-01-24 16:56:53 - routers.auth - INFO - Validating token for /me endpoint
2026-01-24 16:56:53 - routers.auth - INFO - Looking up user with email: admin@idealtransport.com
2026-01-24 16:56:53 - routers.auth - INFO - User authenticated successfully: admin@idealtransport.com
2026-01-24 16:56:53 - routers.auth - INFO - Validating token for /me endpoint
2026-01-24 16:56:53 - routers.auth - INFO - Looking up user with email: admin@idealtransport.com
2026-01-24 16:56:54 - routers.auth - INFO - User authenticated successfully: admin@idealtransport.com
2026-01-24 16:56:54 - routers.auth - INFO - Validating token for /me endpoint
2026-01-24 16:56:54 - routers.auth - INFO - Looking up user with email: admin@idealtransport.com
2026-01-24 16:56:54 - routers.auth - INFO - User authenticated successfully: admin@idealtransport.com
2026-01-24 16:57:11 - routers.auth - INFO - Validating token for /me endpoint
2026-01-24 16:57:11 - routers.auth - INFO - Looking up user with email: admin@idealtransport.com
2026-01-24 16:57:12 - routers.auth - INFO - User authenticated successfully: admin@idealtransport.com
2026-01-24 16:57:12 - routers.auth - INFO - Validating token for /me endpoint
2026-01-24 16:57:12 - routers.auth - INFO - Looking up user with email: admin@idealtransport.com
2026-01-24 16:57:12 - routers.auth - INFO - User authenticated successfully: admin@idealtransport.com
2026-01-24 16:59:46 - routers.auth - INFO - Validating token for /me endpoint
2026-01-24 16:59:46 - routers.auth - INFO - Looking up user with email: admin@idealtransport.com
2026-01-24 16:59:47 - routers.auth - INFO - User authenticated successfully: admin@idealtransport.com
2026-01-24 16:59:47 - routers.auth - INFO - Validating token for /me endpoint
2026-01-24 16:59:47 - routers.auth - INFO - Looking up user with email: admin@idealtransport.com
2026-01-24 16:59:47 - routers.auth - INFO - User authenticated successfully: admin@idealtransport.com
2026-01-24 16:59:47 - routers.auth - INFO - Validating token for /me endpoint
2026-01-24 16:59:47 - routers.auth - INFO - Looking up user with email: admin@idealtransport.com
2026-01-24 16:59:48 - routers.auth - INFO - User authenticated successfully: admin@idealtransport.com
2026-01-24 16:59:48 - routers.auth - INFO - Validating token for /me endpoint
2026-01-24 16:59:48 - routers.auth - INFO - Looking up user with email: admin@idealtransport.com
2026-01-24 16:59:48 - routers.auth - INFO - User authenticated successfully: admin@idealtransport.com
2026-01-24 16:59:48 - routers.auth - INFO - Validating token for /me endpoint
2026-01-24 16:59:48 - routers.auth - INFO - Looking up user with email: admin@idealtransport.com
2026-01-24 16:59:50 - routers.auth - INFO - User authenticated successfully: admin@idealtransport.com
2026-01-24 16:59:50 - routers.auth - INFO - Validating token for /me endpoint
2026-01-24 16:59:50 - routers.auth - INFO - Looking up user with email: admin@idealtransport.com
2026-01-24 16:59:51 - routers.auth - INFO - User authenticated successfully: admin@idealtransport.com
2026-01-24 16:59:51 - routers.auth - INFO - Validating token for /me endpoint
2026-01-24 16:59:51 - routers.auth - INFO - Looking up user with email: admin@idealtransport.com
2026-01-24 16:59:52 - routers.auth - INFO - User authenticated successfully: admin@idealtransport.com
2026-01-24 16:59:52 - routers.auth - INFO - Validating token for /me endpoint
2026-01-24 16:59:52 - routers.auth - INFO - Looking up user with email: admin@idealtransport.com
2026-01-24 16:59:53 - routers.auth - INFO - User authenticated successfully: admin@idealtransport.com
2026-01-24 16:59:53 - routers.auth - INFO - Validating token for /me endpoint
2026-01-24 16:59:53 - routers.auth - INFO - Looking up user with email: admin@idealtransport.com
2026-01-24 16:59:53 - routers.auth - INFO - User authenticated successfully: admin@idealtransport.com
2026-01-24 16:59:53 - routers.auth - INFO - Validating token for /me endpoint
2026-01-24 16:59:53 - routers.auth - INFO - Looking up user with email: admin@idealtransport.com
2026-01-24 16:59:54 - routers.auth - INFO - User authenticated successfully: admin@idealtransport.com
2026-01-24 16:59:54 - routers.auth - INFO - Validating token for /me endpoint
2026-01-24 16:59:54 - routers.auth - INFO - Looking up user with email: admin@idealtransport.com
2026-01-24 16:59:55 - routers.auth - INFO - User authenticated successfully: admin@idealtransport.com
2026-01-24 16:59:55 - routers.auth - INFO - Validating token for /me endpoint
2026-01-24 16:59:55 - routers.auth - INFO - Looking up user with email: admin@idealtransport.com
2026-01-24 16:59:55 - routers.auth - INFO - User authenticated successfully: admin@idealtransport.com
2026-01-24 17:32:54 - routers.auth - INFO - Validating token for /me endpoint
2026-01-24 17:32:54 - routers.auth - INFO - Validating token for /me endpoint
2026-01-24 17:41:54 - routers.auth - INFO - Login attempt for user: admin@idealtransport.com
2026-01-24 17:41:54 - routers.auth - INFO - Authenticating user: admin@idealtransport.com
2026-01-24 17:41:54 - routers.auth - INFO - Looking up user with email: admin@idealtransport.com
2026-01-24 17:41:55 - routers.auth - INFO - User found: admin@idealtransport.com
2026-01-24 17:41:55 - routers.auth - INFO - Authentication successful: admin@idealtransport.com
2026-01-24 17:41:56 - routers.auth - INFO - Login successful: admin@idealtransport.com
2026-01-24 17:41:56 - routers.auth - INFO - Validating token for /me endpoint
2026-01-24 17:41:56 - routers.auth - INFO - Looking up user with email: admin@idealtransport.com
2026-01-24 17:41:57 - routers.auth - INFO - User authenticated successfully: admin@idealtransport.com
2026-01-24 17:41:57 - routers.auth - INFO - Validating token for /me endpoint
2026-01-24 17:41:57 - routers.auth - INFO - Looking up user with email: admin@idealtransport.com
2026-01-24 17:41:58 - routers.auth - INFO - User authenticated successfully: admin@idealtransport.com
2026-01-24 17:41:58 - routers.auth - INFO - Validating token for /me endpoint
2026-01-24 17:41:58 - routers.auth - INFO - Looking up user with email: admin@idealtransport.com
2026-01-24 17:41:58 - routers.auth - INFO - User authenticated successfully: admin@idealtransport.com
2026-01-24 17:41:59 - routers.auth - INFO - Validating token for /me endpoint
2026-01-24 17:41:59 - routers.auth - INFO - Looking up user with email: admin@idealtransport.com
2026-01-24 17:41:59 - routers.auth - INFO - User authenticated successfully: admin@idealtransport.com
2026-01-24 17:42:20 - routers.auth - INFO - Validating token for /me endpoint
2026-01-24 17:42:20 - routers.auth - INFO - Looking up user with email: admin@idealtransport.com
2026-01-24 17:42:20 - routers.auth - INFO - User authenticated successfully: admin@idealtransport.com
2026-01-24 17:42:20 - routers.auth - INFO - Validating token for /me endpoint
2026-01-24 17:42:20 - routers.auth - INFO - Looking up user with email: admin@idealtransport.com
2026-01-24 17:42:22 - routers.auth - INFO - User authenticated successfully: admin@idealtransport.com
2026-01-24 17:42:22 - routers.auth - INFO - Validating token for /me endpoint
2026-01-24 17:42:22 - routers.auth - INFO - Looking up user with email: admin@idealtransport.com
2026-01-24 17:42:23 - routers.auth - INFO - User authenticated successfully: admin@idealtransport.com
2026-01-24 17:42:23 - routers.auth - INFO - Validating token for /me endpoint
2026-01-24 17:42:23 - routers.auth - INFO - Looking up user with email: admin@idealtransport.com
2026-01-24 17:42:25 - routers.auth - INFO - User authenticated successfully: admin@idealtransport.com
2026-01-24 17:42:25 - routers.auth - INFO - Validating token for /me endpoint
2026-01-24 17:42:25 - routers.auth - INFO - Looking up user with email: admin@idealtransport.com
2026-01-24 17:42:26 - routers.auth - INFO - User authenticated successfully: admin@idealtransport.com
2026-01-24 17:42:26 - routers.auth - INFO - Validating token for /me endpoint
2026-01-24 17:42:26 - routers.auth - INFO - Looking up user with email: admin@idealtransport.com
2026-01-24 17:42:27 - routers.auth - INFO - User authenticated successfully: admin@idealtransport.com
2026-01-24 17:42:27 - routers.auth - INFO - Validating token for /me endpoint
2026-01-24 17:42:27 - routers.auth - INFO - Looking up user with email: admin@idealtransport.com
2026-01-24 17:42:27 - routers.auth - INFO - User authenticated successfully: admin@idealtransport.com
2026-01-24 17:42:35 - routers.auth - INFO - Validating token for /me endpoint
2026-01-24 17:42:35 - routers.auth - INFO - Looking up user with email: admin@idealtransport.com
2026-01-24 17:42:36 - routers.auth - INFO - User authenticated successfully: admin@idealtransport.com
2026-01-24 17:42:36 - routers.auth - INFO - Validating token for /me endpoint
2026-01-24 17:42:36 - routers.auth - INFO - Looking up user with email: admin@idealtransport.com
2026-01-24 17:42:36 - routers.auth - INFO - User authenticated successfully: admin@idealtransport.com
2026-01-24 17:44:39 - routers.auth - INFO - Validating token for /me endpoint
2026-01-24 17:44:39 - routers.auth - INFO - Looking up user with email: admin@idealtransport.com
2026-01-24 17:44:39 - routers.auth - INFO - User authenticated successfully: admin@idealtransport.com
2026-01-24 17:44:39 - routers.auth - INFO - Validating token for /me endpoint
2026-01-24 17:44:39 - routers.auth - INFO - Looking up user with email: admin@idealtransport.com
2026-01-24 17:44:40 - routers.auth - INFO - User authenticated successfully: admin@idealtransport.com
2026-01-24 17:44:40 - routers.auth - INFO - Validating token for /me endpoint
2026-01-24 17:44:40 - routers.auth - INFO - Looking up user with email: admin@idealtransport.com
2026-01-24 17:44:40 - routers.auth - INFO - User authenticated successfully: admin@idealtransport.com
2026-01-24 17:44:40 - routers.auth - INFO - Validating token for /me endpoint
2026-01-24 17:44:40 - routers.auth - INFO - Looking up user with email: admin@idealtransport.com
2026-01-24 17:44:41 - routers.auth - INFO - User authenticated successfully: admin@idealtransport.com
2026-01-24 17:44:41 - routers.auth - INFO - Validating token for /me endpoint
2026-01-24 17:44:41 - routers.auth - INFO - Looking up user with email: admin@idealtransport.com
2026-01-24 17:44:41 - routers.auth - INFO - User authenticated successfully: admin@idealtransport.com
2026-01-24 17:44:41 - routers.auth - INFO - Validating token for /me endpoint
2026-01-24 17:44:41 - routers.auth - INFO - Looking up user with email: admin@idealtransport.com
2026-01-24 17:44:43 - routers.auth - INFO - User authenticated successfully: admin@idealtransport.com
2026-01-24 17:44:43 - routers.auth - INFO - Validating token for /me endpoint
2026-01-24 17:44:43 - routers.auth - INFO - Looking up user with email: admin@idealtransport.com
2026-01-24 17:44:44 - routers.auth - INFO - User authenticated successfully: admin@idealtransport.com
2026-01-24 17:44:44 - routers.auth - INFO - Validating token for /me endpoint
2026-01-24 17:44:44 - routers.auth - INFO - Looking up user with email: admin@idealtransport.com
2026-01-24 17:44:44 - routers.auth - INFO - User authenticated successfully: admin@idealtransport.com
2026-01-24 17:44:44 - routers.auth - INFO - Validating token for /me endpoint
2026-01-24 17:44:44 - routers.auth - INFO - Looking up user with email: admin@idealtransport.com
2026-01-24 17:44:45 - routers.auth - INFO - User authenticated successfully: admin@idealtransport.com
2026-01-24 17:44:45 - routers.auth - INFO - Validating token for /me endpoint
2026-01-24 17:44:45 - routers.auth - INFO - Looking up user with email: admin@idealtransport.com
2026-01-24 17:44:45 - routers.auth - INFO - User authenticated successfully: admin@idealtransport.com
2026-01-24 17:44:47 - routers.auth - INFO - Validating token for /me endpoint
2026-01-24 17:44:47 - routers.auth - INFO - Looking up user with email: admin@idealtransport.com
2026-01-24 17:44:48 - routers.auth - INFO - User authenticated successfully: admin@idealtransport.com
2026-01-24 17:44:48 - routers.auth - INFO - Validating token for /me endpoint
2026-01-24 17:44:48 - routers.auth - INFO - Looking up user with email: admin@idealtransport.com
2026-01-24 17:44:48 - routers.auth - INFO - User authenticated successfully: admin@idealtransport.com
2026-01-24 17:44:48 - routers.auth - INFO - Validating token for /me endpoint
2026-01-24 17:44:48 - routers.auth - INFO - Looking up user with email: admin@idealtransport.com
2026-01-24 17:44:49 - routers.auth - INFO - User authenticated successfully: admin@idealtransport.com
2026-01-24 17:44:49 - routers.auth - INFO - Validating token for /me endpoint
2026-01-24 17:44:49 - routers.auth - INFO - Looking up user with email: admin@idealtransport.com
2026-01-24 17:44:49 - routers.auth - INFO - User authenticated successfully: admin@idealtransport.com
2026-01-24 17:44:49 - routers.auth - INFO - Validating token for /me endpoint
2026-01-24 17:44:49 - routers.auth - INFO - Looking up user with email: admin@idealtransport.com
2026-01-24 17:44:50 - routers.auth - INFO - User authenticated successfully: admin@idealtransport.com
2026-01-24 17:44:50 - routers.auth - INFO - Validating token for /me endpoint
2026-01-24 17:44:50 - routers.auth - INFO - Looking up user with email: admin@idealtransport.com
2026-01-24 17:44:50 - routers.auth - INFO - User authenticated successfully: admin@idealtransport.com
2026-01-24 17:44:50 - routers.auth - INFO - Validating token for /me endpoint
2026-01-24 17:44:50 - routers.auth - INFO - Looking up user with email: admin@idealtransport.com
2026-01-24 17:44:51 - routers.auth - INFO - User authenticated successfully: admin@idealtransport.com
2026-01-24 17:44:51 - routers.auth - INFO - Validating token for /me endpoint
2026-01-24 17:44:51 - routers.auth - INFO - Looking up user with email: admin@idealtransport.com
2026-01-24 17:44:51 - routers.auth - INFO - User authenticated successfully: admin@idealtransport.com
2026-01-24 17:44:51 - routers.auth - INFO - Validating token for /me endpoint
2026-01-24 17:44:51 - routers.auth - INFO - Looking up user with email: admin@idealtransport.com
2026-01-24 17:44:52 - routers.auth - INFO - User authenticated successfully: admin@idealtransport.com
2026-01-24 17:44:52 - routers.auth - INFO - Validating token for /me endpoint
2026-01-24 17:44:52 - routers.auth - INFO - Looking up user with email: admin@idealtransport.com
2026-01-24 17:44:52 - routers.auth - INFO - User authenticated successfully: admin@idealtransport.com
2026-01-24 17:44:52 - routers.auth - INFO - Validating token for /me endpoint
2026-01-24 17:44:52 - routers.auth - INFO - Looking up user with email: admin@idealtransport.com
2026-01-24 17:44:53 - routers.auth - INFO - User authenticated successfully: admin@idealtransport.com
2026-01-24 17:44:53 - routers.auth - INFO - Validating token for /me endpoint
2026-01-24 17:44:53 - routers.auth - INFO - Looking up user with email: admin@idealtransport.com
2026-01-24 17:44:53 - routers.auth - INFO - User authenticated successfully: admin@idealtransport.com
2026-01-24 17:44:53 - routers.auth - INFO - Validating token for /me endpoint
2026-01-24 17:44:53 - routers.auth - INFO - Looking up user with email: admin@idealtransport.com
2026-01-24 17:44:54 - routers.auth - INFO - User authenticated successfully: admin@idealtransport.com
2026-01-24 17:44:54 - routers.auth - INFO - Validating token for /me endpoint
2026-01-24 17:44:54 - routers.auth - INFO - Looking up user with email: admin@idealtransport.com
2026-01-24 17:44:55 - routers.auth - INFO - User authenticated successfully: admin@idealtransport.com
2026-01-24 17:44:55 - routers.auth - INFO - Validating token for /me endpoint
2026-01-24 17:44:55 - routers.auth - INFO - Looking up user with email: admin@idealtransport.com
2026-01-24 17:44:55 - routers.auth - INFO - User authenticated successfully: admin@idealtransport.com
2026-01-24 17:44:55 - routers.auth - INFO - Validating token for /me endpoint
2026-01-24 17:44:55 - routers.auth - INFO - Looking up user with email: admin@idealtransport.com
2026-01-24 17:44:56 - routers.auth - INFO - User authenticated successfully: admin@idealtransport.com
2026-01-24 17:44:56 - routers.auth - INFO - Validating token for /me endpoint
2026-01-24 17:44:56 - routers.auth - INFO - Looking up user with email: admin@idealtransport.com
2026-01-24 17:44:56 - routers.auth - INFO - User authenticated successfully: admin@idealtransport.com
2026-01-24 17:44:56 - routers.auth - INFO - Validating token for /me endpoint
2026-01-24 17:44:56 - routers.auth - INFO - Looking up user with email: admin@idealtransport.com
2026-01-24 17:44:57 - routers.auth - INFO - User authenticated successfully: admin@idealtransport.com
2026-01-24 17:48:54 - routers.auth - INFO - Validating token for /me endpoint
2026-01-24 17:48:54 - routers.auth - INFO - Looking up user with email: admin@idealtransport.com
2026-01-24 17:48:54 - routers.auth - INFO - User authenticated successfully: admin@idealtransport.com
2026-01-24 18:01:16 - routers.auth - INFO - Validating token for /me endpoint
2026-01-24 18:01:16 - routers.auth - INFO - Looking up user with email: admin@idealtransport.com
2026-01-24 18:01:17 - routers.auth - INFO - User authenticated successfully: admin@idealtransport.com
2026-01-24 18:01:30 - routers.auth - INFO - Validating token for /me endpoint
2026-01-24 18:01:30 - routers.auth - INFO - Looking up user with email: admin@idealtransport.com
2026-01-24 18:01:32 - routers.auth - INFO - User authenticated successfully: admin@idealtransport.com
2026-01-24 18:02:54 - routers.auth - INFO - Login attempt for user: admin@idealtransport.com
2026-01-24 18:02:54 - routers.auth - INFO - Authenticating user: admin@idealtransport.com
2026-01-24 18:02:54 - routers.auth - INFO - Looking up user with email: admin@idealtransport.com
2026-01-24 18:02:55 - routers.auth - INFO - User found: admin@idealtransport.com
2026-01-24 18:02:55 - routers.auth - INFO - Authentication successful: admin@idealtransport.com
2026-01-24 18:02:55 - routers.auth - INFO - Login successful: admin@idealtransport.com
2026-01-24 18:02:56 - routers.auth - INFO - Validating token for /me endpoint
2026-01-24 18:02:56 - routers.auth - INFO - Looking up user with email: admin@idealtransport.com
2026-01-24 18:02:56 - routers.auth - INFO - User authenticated successfully: admin@idealtransport.com
2026-01-24 18:02:56 - routers.auth - INFO - Validating token for /me endpoint
2026-01-24 18:02:56 - routers.auth - INFO - Looking up user with email: admin@idealtransport.com
2026-01-24 18:02:57 - routers.auth - INFO - User authenticated successfully: admin@idealtransport.com
2026-01-24 18:02:57 - routers.auth - INFO - Validating token for /me endpoint
2026-01-24 18:02:57 - routers.auth - INFO - Looking up user with email: admin@idealtransport.com
2026-01-24 18:02:57 - routers.auth - INFO - User authenticated successfully: admin@idealtransport.com
2026-01-24 18:02:57 - routers.auth - INFO - Validating token for /me endpoint
2026-01-24 18:02:57 - routers.auth - INFO - Looking up user with email: admin@idealtransport.com
2026-01-24 18:02:59 - routers.auth - INFO - User authenticated successfully: admin@idealtransport.com
2026-01-24 18:02:59 - routers.auth - INFO - Validating token for /me endpoint
2026-01-24 18:02:59 - routers.auth - INFO - Looking up user with email: admin@idealtransport.com
2026-01-24 18:03:00 - routers.auth - INFO - User authenticated successfully: admin@idealtransport.com
2026-01-24 18:03:00 - routers.auth - INFO - Validating token for /me endpoint
2026-01-24 18:03:00 - routers.auth - INFO - Looking up user with email: admin@idealtransport.com
2026-01-24 18:03:01 - routers.auth - INFO - User authenticated successfully: admin@idealtransport.com
2026-01-24 18:03:01 - routers.auth - INFO - Validating token for /me endpoint
2026-01-24 18:03:01 - routers.auth - INFO - Looking up user with email: admin@idealtransport.com
2026-01-24 18:03:01 - routers.auth - INFO - User authenticated successfully: admin@idealtransport.com
2026-01-24 18:03:01 - routers.auth - INFO - Validating token for /me endpoint
2026-01-24 18:03:01 - routers.auth - INFO - Looking up user with email: admin@idealtransport.com
2026-01-24 18:03:02 - routers.auth - INFO - User authenticated successfully: admin@idealtransport.com
2026-01-24 18:03:02 - routers.auth - INFO - Validating token for /me endpoint
2026-01-24 18:03:02 - routers.auth - INFO - Looking up user with email: admin@idealtransport.com
2026-01-24 18:03:02 - routers.auth - INFO - User authenticated successfully: admin@idealtransport.com
2026-01-24 18:03:12 - routers.auth - INFO - Validating token for /me endpoint
2026-01-24 18:03:12 - routers.auth - INFO - Looking up user with email: admin@idealtransport.com
2026-01-24 18:03:12 - routers.auth - INFO - User authenticated successfully: admin@idealtransport.com
2026-01-24 18:03:12 - routers.auth - INFO - Validating token for /me endpoint
2026-01-24 18:03:12 - routers.auth - INFO - Looking up user with email: admin@idealtransport.com
2026-01-24 18:03:13 - routers.auth - INFO - User authenticated successfully: admin@idealtransport.com
2026-01-24 18:03:13 - routers.auth - INFO - Validating token for /me endpoint
2026-01-24 18:03:13 - routers.auth - INFO - Looking up user with email: admin@idealtransport.com
2026-01-24 18:03:14 - routers.auth - INFO - User authenticated successfully: admin@idealtransport.com
2026-01-24 18:06:37 - routers.auth - INFO - Validating token for /me endpoint
2026-01-24 18:06:37 - routers.auth - INFO - Looking up user with email: admin@idealtransport.com
2026-01-24 18:06:37 - routers.auth - INFO - User authenticated successfully: admin@idealtransport.com
2026-01-24 18:06:37 - routers.auth - INFO - Validating token for /me endpoint
2026-01-24 18:06:37 - routers.auth - INFO - Looking up user with email: admin@idealtransport.com
2026-01-24 18:06:39 - routers.auth - INFO - User authenticated successfully: admin@idealtransport.com
2026-01-24 18:06:39 - routers.auth - INFO - Validating token for /me endpoint
2026-01-24 18:06:39 - routers.auth - INFO - Looking up user with email: admin@idealtransport.com
2026-01-24 18:06:40 - routers.auth - INFO - User authenticated successfully: admin@idealtransport.com
2026-01-24 18:06:40 - routers.auth - INFO - Validating token for /me endpoint
2026-01-24 18:06:40 - routers.auth - INFO - Looking up user with email: admin@idealtransport.com
2026-01-24 18:06:42 - routers.auth - INFO - User authenticated successfully: admin@idealtransport.com
2026-01-24 18:06:42 - routers.auth - INFO - Validating token for /me endpoint
2026-01-24 18:06:42 - routers.auth - INFO - Looking up user with email: admin@idealtransport.com
2026-01-24 18:06:43 - routers.auth - INFO - User authenticated successfully: admin@idealtransport.com
2026-01-24 18:06:43 - routers.auth - INFO - Validating token for /me endpoint
2026-01-24 18:06:43 - routers.auth - INFO - Looking up user with email: admin@idealtransport.com
2026-01-24 18:06:45 - routers.auth - INFO - User authenticated successfully: admin@idealtransport.com
2026-01-24 18:06:45 - routers.auth - INFO - Validating token for /me endpoint
2026-01-24 18:06:45 - routers.auth - INFO - Looking up user with email: admin@idealtransport.com
2026-01-24 18:06:46 - routers.auth - INFO - User authenticated successfully: admin@idealtransport.com
2026-01-24 18:06:46 - routers.auth - INFO - Validating token for /me endpoint
2026-01-24 18:06:46 - routers.auth - INFO - Looking up user with email: admin@idealtransport.com
2026-01-24 18:06:46 - routers.auth - INFO - User authenticated successfully: admin@idealtransport.com
2026-01-24 18:06:46 - routers.auth - INFO - Validating token for /me endpoint
2026-01-24 18:06:46 - routers.auth - INFO - Looking up user with email: admin@idealtransport.com
2026-01-24 18:06:47 - routers.auth - INFO - User authenticated successfully: admin@idealtransport.com
2026-01-24 18:06:47 - routers.auth - INFO - Validating token for /me endpoint
2026-01-24 18:06:47 - routers.auth - INFO - Looking up user with email: admin@idealtransport.com
2026-01-24 18:06:47 - routers.auth - INFO - User authenticated successfully: admin@idealtransport.com
2026-01-24 18:06:47 - routers.auth - INFO - Validating token for /me endpoint
2026-01-24 18:06:47 - routers.auth - INFO - Looking up user with email: admin@idealtransport.com
2026-01-24 18:06:48 - routers.auth - INFO - User authenticated successfully: admin@idealtransport.com
2026-01-24 18:07:26 - routers.auth - INFO - Validating token for /me endpoint
2026-01-24 18:07:26 - routers.auth - INFO - Looking up user with email: admin@idealtransport.com
2026-01-24 18:07:26 - routers.auth - INFO - User authenticated successfully: admin@idealtransport.com
2026-01-24 18:28:40 - routers.auth - INFO - Login attempt for user: admin@idealtransport.com
2026-01-24 18:28:40 - routers.auth - INFO - Authenticating user: admin@idealtransport.com
2026-01-24 18:28:40 - routers.auth - INFO - Looking up user with email: admin@idealtransport.com
2026-01-24 18:28:41 - routers.auth - INFO - User found: admin@idealtransport.com
2026-01-24 18:28:41 - routers.auth - INFO - Authentication successful: admin@idealtransport.com
2026-01-24 18:28:41 - routers.auth - INFO - Login successful: admin@idealtransport.com
2026-01-24 18:28:42 - routers.auth - INFO - Validating token for /me endpoint
2026-01-24 18:28:42 - routers.auth - INFO - Looking up user with email: admin@idealtransport.com
2026-01-24 18:28:42 - routers.auth - INFO - User authenticated successfully: admin@idealtransport.com
2026-01-24 18:28:42 - routers.auth - INFO - Validating token for /me endpoint
2026-01-24 18:28:42 - routers.auth - INFO - Looking up user with email: admin@idealtransport.com
2026-01-24 18:28:43 - routers.auth - INFO - User authenticated successfully: admin@idealtransport.com
2026-01-24 18:28:43 - routers.auth - INFO - Validating token for /me endpoint
2026-01-24 18:28:43 - routers.auth - INFO - Looking up user with email: admin@idealtransport.com
2026-01-24 18:28:44 - routers.auth - INFO - User authenticated successfully: admin@idealtransport.com
2026-01-24 18:28:44 - routers.auth - INFO - Validating token for /me endpoint
2026-01-24 18:28:44 - routers.auth - INFO - Looking up user with email: admin@idealtransport.com
2026-01-24 18:28:44 - routers.auth - INFO - User authenticated successfully: admin@idealtransport.com
2026-01-24 18:28:44 - routers.auth - INFO - Validating token for /me endpoint
2026-01-24 18:28:44 - routers.auth - INFO - Looking up user with email: admin@idealtransport.com
2026-01-24 18:28:45 - routers.auth - INFO - User authenticated successfully: admin@idealtransport.com
2026-01-24 18:28:45 - routers.auth - INFO - Validating token for /me endpoint
2026-01-24 18:28:45 - routers.auth - INFO - Looking up user with email: admin@idealtransport.com
2026-01-24 18:28:45 - routers.auth - INFO - User authenticated successfully: admin@idealtransport.com
2026-01-24 18:28:45 - routers.auth - INFO - Validating token for /me endpoint
2026-01-24 18:28:45 - routers.auth - INFO - Looking up user with email: admin@idealtransport.com
2026-01-24 18:28:46 - routers.auth - INFO - User authenticated successfully: admin@idealtransport.com
2026-01-24 18:28:46 - routers.auth - INFO - Validating token for /me endpoint
2026-01-24 18:28:46 - routers.auth - INFO - Looking up user with email: admin@idealtransport.com
2026-01-24 18:28:47 - routers.auth - INFO - User authenticated successfully: admin@idealtransport.com
2026-01-24 18:28:47 - routers.auth - INFO - Validating token for /me endpoint
2026-01-24 18:28:47 - routers.auth - INFO - Looking up user with email: admin@idealtransport.com
2026-01-24 18:28:47 - routers.auth - INFO - User authenticated successfully: admin@idealtransport.com
2026-01-24 18:29:14 - routers.auth - INFO - Validating token for /me endpoint
2026-01-24 18:29:14 - routers.auth - INFO - Looking up user with email: admin@idealtransport.com
2026-01-24 18:29:15 - routers.auth - INFO - User authenticated successfully: admin@idealtransport.com
2026-01-24 18:29:15 - routers.auth - INFO - Validating token for /me endpoint
2026-01-24 18:29:15 - routers.auth - INFO - Looking up user with email: admin@idealtransport.com
2026-01-24 18:29:16 - routers.auth - INFO - User authenticated successfully: admin@idealtransport.com
2026-01-24 18:29:38 - routers.auth - INFO - Validating token for /me endpoint
2026-01-24 18:29:38 - routers.auth - INFO - Looking up user with email: admin@idealtransport.com
2026-01-24 18:29:39 - routers.auth - INFO - User authenticated successfully: admin@idealtransport.com
2026-01-24 18:29:39 - routers.auth - INFO - Validating token for /me endpoint
2026-01-24 18:29:39 - routers.auth - INFO - Looking up user with email: admin@idealtransport.com
2026-01-24 18:29:39 - routers.auth - INFO - User authenticated successfully: admin@idealtransport.com
2026-01-24 18:30:08 - routers.auth - INFO - Validating token for /me endpoint
2026-01-24 18:30:08 - routers.auth - INFO - Looking up user with email: admin@idealtransport.com
2026-01-24 18:30:09 - routers.auth - INFO - User authenticated successfully: admin@idealtransport.com
2026-01-24 18:50:30 - routers.auth - INFO - Validating token for /me endpoint
2026-01-24 18:50:31 - routers.auth - INFO - Looking up user with email: admin@idealtransport.com
2026-01-24 18:50:31 - routers.auth - INFO - User authenticated successfully: admin@idealtransport.com
2026-01-24 18:50:53 - routers.auth - INFO - Validating token for /me endpoint
2026-01-24 18:50:53 - routers.auth - INFO - Looking up user with email: admin@idealtransport.com
2026-01-24 18:50:55 - routers.auth - INFO - User authenticated successfully: admin@idealtransport.com
2026-01-24 18:52:25 - routers.auth - INFO - Login attempt for user: admin@idealtransport.com
2026-01-24 18:52:25 - routers.auth - INFO - Authenticating user: admin@idealtransport.com
2026-01-24 18:52:25 - routers.auth - INFO - Looking up user with email: admin@idealtransport.com
2026-01-24 18:52:25 - routers.auth - INFO - User found: admin@idealtransport.com
2026-01-24 18:52:26 - routers.auth - INFO - Authentication successful: admin@idealtransport.com
2026-01-24 18:52:26 - routers.auth - INFO - Login successful: admin@idealtransport.com
2026-01-24 18:52:26 - routers.auth - INFO - Validating token for /me endpoint
2026-01-24 18:52:26 - routers.auth - INFO - Looking up user with email: admin@idealtransport.com
2026-01-24 18:52:27 - routers.auth - INFO - User authenticated successfully: admin@idealtransport.com
2026-01-24 18:52:27 - routers.auth - INFO - Validating token for /me endpoint
2026-01-24 18:52:27 - routers.auth - INFO - Looking up user with email: admin@idealtransport.com
2026-01-24 18:52:27 - routers.auth - INFO - User authenticated successfully: admin@idealtransport.com
2026-01-24 18:52:27 - routers.auth - INFO - Validating token for /me endpoint
2026-01-24 18:52:27 - routers.auth - INFO - Looking up user with email: admin@idealtransport.com
2026-01-24 18:52:28 - routers.auth - INFO - User authenticated successfully: admin@idealtransport.com
2026-01-24 18:52:28 - routers.auth - INFO - Validating token for /me endpoint
2026-01-24 18:52:28 - routers.auth - INFO - Looking up user with email: admin@idealtransport.com
2026-01-24 18:52:28 - routers.auth - INFO - User authenticated successfully: admin@idealtransport.com
2026-01-24 18:52:28 - routers.auth - INFO - Validating token for /me endpoint
2026-01-24 18:52:28 - routers.auth - INFO - Looking up user with email: admin@idealtransport.com
2026-01-24 18:52:29 - routers.auth - INFO - User authenticated successfully: admin@idealtransport.com
2026-01-24 18:52:29 - routers.auth - INFO - Validating token for /me endpoint
2026-01-24 18:52:29 - routers.auth - INFO - Looking up user with email: admin@idealtransport.com
2026-01-24 18:52:29 - routers.auth - INFO - User authenticated successfully: admin@idealtransport.com
2026-01-24 18:52:29 - routers.auth - INFO - Validating token for /me endpoint
2026-01-24 18:52:29 - routers.auth - INFO - Looking up user with email: admin@idealtransport.com
2026-01-24 18:52:30 - routers.auth - INFO - User authenticated successfully: admin@idealtransport.com
2026-01-24 18:52:30 - routers.auth - INFO - Validating token for /me endpoint
2026-01-24 18:52:30 - routers.auth - INFO - Looking up user with email: admin@idealtransport.com
2026-01-24 18:52:30 - routers.auth - INFO - User authenticated successfully: admin@idealtransport.com
2026-01-24 18:52:30 - routers.auth - INFO - Validating token for /me endpoint
2026-01-24 18:52:30 - routers.auth - INFO - Looking up user with email: admin@idealtransport.com
2026-01-24 18:52:31 - routers.auth - INFO - User authenticated successfully: admin@idealtransport.com
2026-01-24 18:52:44 - routers.auth - INFO - Validating token for /me endpoint
2026-01-24 18:52:44 - routers.auth - INFO - Looking up user with email: admin@idealtransport.com
2026-01-24 18:52:45 - routers.auth - INFO - User authenticated successfully: admin@idealtransport.com
2026-01-24 18:54:12 - routers.auth - INFO - Validating token for /me endpoint
2026-01-24 18:54:12 - routers.auth - INFO - Looking up user with email: admin@idealtransport.com
2026-01-24 18:54:13 - routers.auth - INFO - User authenticated successfully: admin@idealtransport.com
2026-01-25 17:01:55 - routers.auth - INFO - Login attempt for user: admin@idealtransport.com
2026-01-25 17:01:55 - routers.auth - INFO - Authenticating user: admin@idealtransport.com
2026-01-25 17:01:55 - routers.auth - INFO - Looking up user with email: admin@idealtransport.com
2026-01-25 17:01:56 - routers.auth - INFO - User found: admin@idealtransport.com
2026-01-25 17:01:56 - routers.auth - INFO - Authentication successful: admin@idealtransport.com
2026-01-25 17:01:56 - routers.auth - INFO - Login successful: admin@idealtransport.com
2026-01-25 17:01:57 - routers.auth - INFO - Validating token for /me endpoint
2026-01-25 17:01:57 - routers.auth - INFO - Looking up user with email: admin@idealtransport.com
2026-01-25 17:01:57 - routers.auth - INFO - User authenticated successfully: admin@idealtransport.com
2026-01-25 17:01:58 - routers.auth - INFO - Validating token for /me endpoint
2026-01-25 17:01:58 - routers.auth - INFO - Looking up user with email: admin@idealtransport.com
2026-01-25 17:01:59 - routers.auth - INFO - User authenticated successfully: admin@idealtransport.com
2026-01-25 17:01:59 - routers.auth - INFO - Validating token for /me endpoint
2026-01-25 17:01:59 - routers.auth - INFO - Looking up user with email: admin@idealtransport.com
2026-01-25 17:02:01 - routers.auth - INFO - User authenticated successfully: admin@idealtransport.com
2026-01-25 17:02:01 - routers.auth - INFO - Validating token for /me endpoint
2026-01-25 17:02:01 - routers.auth - INFO - Looking up user with email: admin@idealtransport.com
2026-01-25 17:02:02 - routers.auth - INFO - User authenticated successfully: admin@idealtransport.com
2026-01-25 17:02:02 - routers.auth - INFO - Validating token for /me endpoint
2026-01-25 17:02:02 - routers.auth - INFO - Looking up user with email: admin@idealtransport.com
2026-01-25 17:02:03 - routers.auth - INFO - User authenticated successfully: admin@idealtransport.com
2026-01-25 17:02:03 - routers.auth - INFO - Validating token for /me endpoint
2026-01-25 17:02:03 - routers.auth - INFO - Looking up user with email: admin@idealtransport.com
2026-01-25 17:02:03 - routers.auth - INFO - User authenticated successfully: admin@idealtransport.com
2026-01-25 17:02:03 - routers.auth - INFO - Validating token for /me endpoint
2026-01-25 17:02:03 - routers.auth - INFO - Looking up user with email: admin@idealtransport.com
2026-01-25 17:02:04 - routers.auth - INFO - User authenticated successfully: admin@idealtransport.com
2026-01-25 17:02:04 - routers.auth - INFO - Validating token for /me endpoint
2026-01-25 17:02:04 - routers.auth - INFO - Looking up user with email: admin@idealtransport.com
2026-01-25 17:02:04 - routers.auth - INFO - User authenticated successfully: admin@idealtransport.com
2026-01-25 17:02:04 - routers.auth - INFO - Validating token for /me endpoint
2026-01-25 17:02:04 - routers.auth - INFO - Looking up user with email: admin@idealtransport.com
2026-01-25 17:02:05 - routers.auth - INFO - User authenticated successfully: admin@idealtransport.com
2026-01-25 17:02:54 - routers.auth - INFO - Validating token for /me endpoint
2026-01-25 17:02:54 - routers.auth - INFO - Looking up user with email: admin@idealtransport.com
2026-01-25 17:02:55 - routers.auth - INFO - User authenticated successfully: admin@idealtransport.com
2026-01-25 17:32:46 - routers.auth - INFO - Login attempt for user: admin@idealtransport.com
2026-01-25 17:32:46 - routers.auth - INFO - Authenticating user: admin@idealtransport.com
2026-01-25 17:32:46 - routers.auth - INFO - Looking up user with email: admin@idealtransport.com
2026-01-25 17:32:47 - routers.auth - INFO - User found: admin@idealtransport.com
2026-01-25 17:32:47 - routers.auth - INFO - Authentication successful: admin@idealtransport.com
2026-01-25 17:32:47 - routers.auth - INFO - Login successful: admin@idealtransport.com
2026-01-25 17:32:49 - routers.auth - INFO - Validating token for /me endpoint
2026-01-25 17:32:49 - routers.auth - INFO - Looking up user with email: admin@idealtransport.com
2026-01-25 17:32:49 - routers.auth - INFO - User authenticated successfully: admin@idealtransport.com
2026-01-25 17:32:50 - routers.auth - INFO - Validating token for /me endpoint
2026-01-25 17:32:50 - routers.auth - INFO - Looking up user with email: admin@idealtransport.com
2026-01-25 17:32:50 - routers.auth - INFO - User authenticated successfully: admin@idealtransport.com
2026-01-25 17:32:50 - routers.auth - INFO - Validating token for /me endpoint
2026-01-25 17:32:50 - routers.auth - INFO - Looking up user with email: admin@idealtransport.com
2026-01-25 17:32:51 - routers.auth - INFO - User authenticated successfully: admin@idealtransport.com
2026-01-25 17:32:51 - routers.auth - INFO - Validating token for /me endpoint
2026-01-25 17:32:51 - routers.auth - INFO - Looking up user with email: admin@idealtransport.com
2026-01-25 17:32:51 - routers.auth - INFO - User authenticated successfully: admin@idealtransport.com
2026-01-25 17:32:51 - routers.auth - INFO - Validating token for /me endpoint
2026-01-25 17:32:51 - routers.auth - INFO - Looking up user with email: admin@idealtransport.com
2026-01-25 17:32:52 - routers.auth - INFO - User authenticated successfully: admin@idealtransport.com
2026-01-25 17:32:52 - routers.auth - INFO - Validating token for /me endpoint
2026-01-25 17:32:52 - routers.auth - INFO - Looking up user with email: admin@idealtransport.com
2026-01-25 17:32:52 - routers.auth - INFO - User authenticated successfully: admin@idealtransport.com
2026-01-25 17:32:52 - routers.auth - INFO - Validating token for /me endpoint
2026-01-25 17:32:52 - routers.auth - INFO - Looking up user with email: admin@idealtransport.com
2026-01-25 17:32:53 - routers.auth - INFO - User authenticated successfully: admin@idealtransport.com
2026-01-25 17:32:53 - routers.auth - INFO - Validating token for /me endpoint
2026-01-25 17:32:53 - routers.auth - INFO - Looking up user with email: admin@idealtransport.com
2026-01-25 17:32:53 - routers.auth - INFO - User authenticated successfully: admin@idealtransport.com
2026-01-25 17:32:53 - routers.auth - INFO - Validating token for /me endpoint
2026-01-25 17:32:53 - routers.auth - INFO - Looking up user with email: admin@idealtransport.com
2026-01-25 17:32:54 - routers.auth - INFO - User authenticated successfully: admin@idealtransport.com
2026-01-25 17:33:15 - routers.auth - INFO - Validating token for /me endpoint
2026-01-25 17:33:15 - routers.auth - INFO - Looking up user with email: admin@idealtransport.com
2026-01-25 17:33:15 - routers.auth - INFO - User authenticated successfully: admin@idealtransport.com
2026-01-25 17:37:53 - routers.auth - INFO - Login attempt for user: admin@idealtransport.com
2026-01-25 17:37:53 - routers.auth - INFO - Authenticating user: admin@idealtransport.com
2026-01-25 17:37:53 - routers.auth - INFO - Looking up user with email: admin@idealtransport.com
2026-01-25 17:37:54 - routers.auth - INFO - User found: admin@idealtransport.com
2026-01-25 17:37:54 - routers.auth - INFO - Authentication successful: admin@idealtransport.com
2026-01-25 17:37:54 - routers.auth - INFO - Login successful: admin@idealtransport.com
2026-01-25 17:37:55 - routers.auth - INFO - Validating token for /me endpoint
2026-01-25 17:37:55 - routers.auth - INFO - Looking up user with email: admin@idealtransport.com
2026-01-25 17:37:55 - routers.auth - INFO - User authenticated successfully: admin@idealtransport.com
2026-01-25 17:37:55 - routers.auth - INFO - Validating token for /me endpoint
2026-01-25 17:37:55 - routers.auth - INFO - Looking up user with email: admin@idealtransport.com
2026-01-25 17:37:56 - routers.auth - INFO - User authenticated successfully: admin@idealtransport.com
2026-01-25 17:37:56 - routers.auth - INFO - Validating token for /me endpoint
2026-01-25 17:37:56 - routers.auth - INFO - Looking up user with email: admin@idealtransport.com
2026-01-25 17:37:56 - routers.auth - INFO - User authenticated successfully: admin@idealtransport.com
2026-01-25 17:37:56 - routers.auth - INFO - Validating token for /me endpoint
2026-01-25 17:37:56 - routers.auth - INFO - Looking up user with email: admin@idealtransport.com
2026-01-25 17:37:57 - routers.auth - INFO - User authenticated successfully: admin@idealtransport.com
2026-01-25 17:37:57 - routers.auth - INFO - Validating token for /me endpoint
2026-01-25 17:37:57 - routers.auth - INFO - Looking up user with email: admin@idealtransport.com
2026-01-25 17:37:57 - routers.auth - INFO - User authenticated successfully: admin@idealtransport.com
2026-01-25 17:37:57 - routers.auth - INFO - Validating token for /me endpoint
2026-01-25 17:37:57 - routers.auth - INFO - Looking up user with email: admin@idealtransport.com
2026-01-25 17:37:58 - routers.auth - INFO - User authenticated successfully: admin@idealtransport.com
2026-01-25 17:37:58 - routers.auth - INFO - Validating token for /me endpoint
2026-01-25 17:37:58 - routers.auth - INFO - Looking up user with email: admin@idealtransport.com
2026-01-25 17:37:58 - routers.auth - INFO - User authenticated successfully: admin@idealtransport.com
2026-01-25 17:37:58 - routers.auth - INFO - Validating token for /me endpoint
2026-01-25 17:37:58 - routers.auth - INFO - Looking up user with email: admin@idealtransport.com
2026-01-25 17:37:59 - routers.auth - INFO - User authenticated successfully: admin@idealtransport.com
2026-01-25 17:37:59 - routers.auth - INFO - Validating token for /me endpoint
2026-01-25 17:37:59 - routers.auth - INFO - Looking up user with email: admin@idealtransport.com
2026-01-25 17:37:59 - routers.auth - INFO - User authenticated successfully: admin@idealtransport.com
2026-01-25 17:38:17 - routers.auth - INFO - Validating token for /me endpoint
2026-01-25 17:38:17 - routers.auth - INFO - Looking up user with email: admin@idealtransport.com
2026-01-25 17:38:18 - routers.auth - INFO - User authenticated successfully: admin@idealtransport.com
2026-01-25 17:40:47 - routers.auth - INFO - Login attempt for user: admin@idealtransport.com
2026-01-25 17:40:47 - routers.auth - INFO - Authenticating user: admin@idealtransport.com
2026-01-25 17:40:47 - routers.auth - INFO - Looking up user with email: admin@idealtransport.com
2026-01-25 17:40:48 - routers.auth - INFO - User found: admin@idealtransport.com
2026-01-25 17:40:48 - routers.auth - INFO - Authentication successful: admin@idealtransport.com
2026-01-25 17:40:48 - routers.auth - INFO - Login successful: admin@idealtransport.com
2026-01-25 17:40:50 - routers.auth - INFO - Validating token for /me endpoint
2026-01-25 17:40:51 - routers.auth - INFO - Looking up user with email: admin@idealtransport.com
2026-01-25 17:40:51 - routers.auth - INFO - User authenticated successfully: admin@idealtransport.com
2026-01-25 17:40:51 - routers.auth - INFO - Validating token for /me endpoint
2026-01-25 17:40:51 - routers.auth - INFO - Looking up user with email: admin@idealtransport.com
2026-01-25 17:40:52 - routers.auth - INFO - User authenticated successfully: admin@idealtransport.com
2026-01-25 17:40:52 - routers.auth - INFO - Validating token for /me endpoint
2026-01-25 17:40:52 - routers.auth - INFO - Looking up user with email: admin@idealtransport.com
2026-01-25 17:40:52 - routers.auth - INFO - User authenticated successfully: admin@idealtransport.com
2026-01-25 17:40:52 - routers.auth - INFO - Validating token for /me endpoint
2026-01-25 17:40:52 - routers.auth - INFO - Looking up user with email: admin@idealtransport.com
2026-01-25 17:40:53 - routers.auth - INFO - User authenticated successfully: admin@idealtransport.com
2026-01-25 17:40:53 - routers.auth - INFO - Validating token for /me endpoint
2026-01-25 17:40:53 - routers.auth - INFO - Looking up user with email: admin@idealtransport.com
2026-01-25 17:40:53 - routers.auth - INFO - User authenticated successfully: admin@idealtransport.com
2026-01-25 17:40:53 - routers.auth - INFO - Validating token for /me endpoint
2026-01-25 17:40:53 - routers.auth - INFO - Looking up user with email: admin@idealtransport.com
2026-01-25 17:40:54 - routers.auth - INFO - User authenticated successfully: admin@idealtransport.com
2026-01-25 17:40:54 - routers.auth - INFO - Validating token for /me endpoint
2026-01-25 17:40:54 - routers.auth - INFO - Looking up user with email: admin@idealtransport.com
2026-01-25 17:40:54 - routers.auth - INFO - User authenticated successfully: admin@idealtransport.com
2026-01-25 17:40:54 - routers.auth - INFO - Validating token for /me endpoint
2026-01-25 17:40:54 - routers.auth - INFO - Looking up user with email: admin@idealtransport.com
2026-01-25 17:40:55 - routers.auth - INFO - User authenticated successfully: admin@idealtransport.com
2026-01-25 17:40:55 - routers.auth - INFO - Validating token for /me endpoint
2026-01-25 17:40:55 - routers.auth - INFO - Looking up user with email: admin@idealtransport.com
2026-01-25 17:40:55 - routers.auth - INFO - User authenticated successfully: admin@idealtransport.com
2026-01-25 17:41:04 - routers.auth - INFO - Validating token for /me endpoint
2026-01-25 17:41:04 - routers.auth - INFO - Looking up user with email: admin@idealtransport.com
2026-01-25 17:41:05 - routers.auth - INFO - User authenticated successfully: admin@idealtransport.com
2026-01-27 17:55:31 - routers.auth - INFO - Login attempt for user: admin@idealtransport.com
2026-01-27 17:55:31 - routers.auth - INFO - Authenticating user: admin@idealtransport.com
2026-01-27 17:55:31 - routers.auth - INFO - Looking up user with email: admin@idealtransport.com
2026-01-27 17:55:32 - routers.auth - INFO - User found: admin@idealtransport.com
2026-01-27 17:55:32 - routers.auth - INFO - Authentication successful: admin@idealtransport.com
2026-01-27 17:55:33 - routers.auth - INFO - Login successful: admin@idealtransport.com
2026-01-27 17:55:34 - routers.auth - INFO - Validating token for /me endpoint
2026-01-27 17:55:34 - routers.auth - INFO - Looking up user with email: admin@idealtransport.com
2026-01-27 17:55:35 - routers.auth - INFO - User authenticated successfully: admin@idealtransport.com
2026-01-27 17:55:35 - routers.auth - INFO - Validating token for /me endpoint
2026-01-27 17:55:35 - routers.auth - INFO - Looking up user with email: admin@idealtransport.com
2026-01-27 17:55:36 - routers.auth - INFO - User authenticated successfully: admin@idealtransport.com
2026-01-27 17:55:36 - routers.auth - INFO - Validating token for /me endpoint
2026-01-27 17:55:36 - routers.auth - INFO - Looking up user with email: admin@idealtransport.com
2026-01-27 17:55:38 - routers.auth - INFO - User authenticated successfully: admin@idealtransport.com
2026-01-27 17:55:38 - routers.auth - INFO - Validating token for /me endpoint
2026-01-27 17:55:38 - routers.auth - INFO - Looking up user with email: admin@idealtransport.com
2026-01-27 17:55:38 - routers.auth - INFO - User authenticated successfully: admin@idealtransport.com
2026-01-27 17:55:38 - routers.auth - INFO - Validating token for /me endpoint
2026-01-27 17:55:38 - routers.auth - INFO - Looking up user with email: admin@idealtransport.com
2026-01-27 17:55:39 - routers.auth - INFO - User authenticated successfully: admin@idealtransport.com
2026-01-27 17:55:39 - routers.auth - INFO - Validating token for /me endpoint
2026-01-27 17:55:39 - routers.auth - INFO - Looking up user with email: admin@idealtransport.com
2026-01-27 17:55:40 - routers.auth - INFO - User authenticated successfully: admin@idealtransport.com
2026-01-27 17:55:40 - routers.auth - INFO - Validating token for /me endpoint
2026-01-27 17:55:41 - routers.auth - INFO - Looking up user with email: admin@idealtransport.com
2026-01-27 17:55:42 - routers.auth - INFO - User authenticated successfully: admin@idealtransport.com
2026-01-27 17:55:42 - routers.auth - INFO - Validating token for /me endpoint
2026-01-27 17:55:42 - routers.auth - INFO - Looking up user with email: admin@idealtransport.com
2026-01-27 17:55:42 - routers.auth - INFO - User authenticated successfully: admin@idealtransport.com
2026-01-27 17:55:42 - routers.auth - INFO - Validating token for /me endpoint
2026-01-27 17:55:42 - routers.auth - INFO - Looking up user with email: admin@idealtransport.com
2026-01-27 17:55:43 - routers.auth - INFO - User authenticated successfully: admin@idealtransport.com
2026-01-27 17:56:15 - routers.auth - INFO - Validating token for /me endpoint
2026-01-27 17:56:15 - routers.auth - INFO - Looking up user with email: admin@idealtransport.com
2026-01-27 17:56:15 - routers.auth - INFO - User authenticated successfully: admin@idealtransport.com
2026-01-27 18:57:44 - routers.auth - INFO - Login attempt for user: admin@idealtransport.com
2026-01-27 18:57:44 - routers.auth - INFO - Authenticating user: admin@idealtransport.com
2026-01-27 18:57:44 - routers.auth - INFO - Looking up user with email: admin@idealtransport.com
2026-01-27 18:57:45 - routers.auth - INFO - User found: admin@idealtransport.com
2026-01-27 18:57:45 - routers.auth - INFO - Authentication successful: admin@idealtransport.com
2026-01-27 18:57:45 - routers.auth - INFO - Login successful: admin@idealtransport.com
2026-01-27 18:57:46 - routers.auth - INFO - Validating token for /me endpoint
2026-01-27 18:57:46 - routers.auth - INFO - Looking up user with email: admin@idealtransport.com
2026-01-27 18:57:46 - routers.auth - INFO - User authenticated successfully: admin@idealtransport.com
2026-01-27 18:57:46 - routers.auth - INFO - Validating token for /me endpoint
2026-01-27 18:57:46 - routers.auth - INFO - Looking up user with email: admin@idealtransport.com
2026-01-27 18:57:47 - routers.auth - INFO - User authenticated successfully: admin@idealtransport.com
2026-01-27 18:57:47 - routers.auth - INFO - Validating token for /me endpoint
2026-01-27 18:57:47 - routers.auth - INFO - Looking up user with email: admin@idealtransport.com
2026-01-27 18:57:47 - routers.auth - INFO - User authenticated successfully: admin@idealtransport.com
2026-01-27 18:57:47 - routers.auth - INFO - Validating token for /me endpoint
2026-01-27 18:57:47 - routers.auth - INFO - Looking up user with email: admin@idealtransport.com
2026-01-27 18:57:48 - routers.auth - INFO - User authenticated successfully: admin@idealtransport.com
2026-01-27 18:57:48 - routers.auth - INFO - Validating token for /me endpoint
2026-01-27 18:57:48 - routers.auth - INFO - Looking up user with email: admin@idealtransport.com
2026-01-27 18:57:48 - routers.auth - INFO - User authenticated successfully: admin@idealtransport.com
2026-01-27 18:57:48 - routers.auth - INFO - Validating token for /me endpoint
2026-01-27 18:57:48 - routers.auth - INFO - Looking up user with email: admin@idealtransport.com
2026-01-27 18:57:49 - routers.auth - INFO - User authenticated successfully: admin@idealtransport.com
2026-01-27 18:57:49 - routers.auth - INFO - Validating token for /me endpoint
2026-01-27 18:57:49 - routers.auth - INFO - Looking up user with email: admin@idealtransport.com
2026-01-27 18:57:49 - routers.auth - INFO - User authenticated successfully: admin@idealtransport.com
2026-01-27 18:57:49 - routers.auth - INFO - Validating token for /me endpoint
2026-01-27 18:57:49 - routers.auth - INFO - Looking up user with email: admin@idealtransport.com
2026-01-27 18:57:50 - routers.auth - INFO - User authenticated successfully: admin@idealtransport.com
2026-01-27 18:57:50 - routers.auth - INFO - Validating token for /me endpoint
2026-01-27 18:57:50 - routers.auth - INFO - Looking up user with email: admin@idealtransport.com
2026-01-27 18:57:50 - routers.auth - INFO - User authenticated successfully: admin@idealtransport.com
2026-01-27 18:58:11 - routers.auth - INFO - Validating token for /me endpoint
2026-01-27 18:58:11 - routers.auth - INFO - Looking up user with email: admin@idealtransport.com
2026-01-27 18:58:11 - routers.auth - INFO - User authenticated successfully: admin@idealtransport.com
2026-01-27 19:01:00 - routers.auth - INFO - Login attempt for user: admin@idealtransport.com
2026-01-27 19:01:00 - routers.auth - INFO - Authenticating user: admin@idealtransport.com
2026-01-27 19:01:00 - routers.auth - INFO - Looking up user with email: admin@idealtransport.com
2026-01-27 19:01:01 - routers.auth - INFO - User found: admin@idealtransport.com
2026-01-27 19:01:01 - routers.auth - INFO - Authentication successful: admin@idealtransport.com
2026-01-27 19:01:01 - routers.auth - INFO - Login successful: admin@idealtransport.com
2026-01-27 19:01:03 - routers.auth - INFO - Validating token for /me endpoint
2026-01-27 19:01:03 - routers.auth - INFO - Looking up user with email: admin@idealtransport.com
2026-01-27 19:01:04 - routers.auth - INFO - User authenticated successfully: admin@idealtransport.com
2026-01-27 19:01:04 - routers.auth - INFO - Validating token for /me endpoint
2026-01-27 19:01:04 - routers.auth - INFO - Looking up user with email: admin@idealtransport.com
2026-01-27 19:01:05 - routers.auth - INFO - User authenticated successfully: admin@idealtransport.com
2026-01-27 19:01:05 - routers.auth - INFO - Validating token for /me endpoint
2026-01-27 19:01:05 - routers.auth - INFO - Looking up user with email: admin@idealtransport.com
2026-01-27 19:01:06 - routers.auth - INFO - User authenticated successfully: admin@idealtransport.com
2026-01-27 19:01:06 - routers.auth - INFO - Validating token for /me endpoint
2026-01-27 19:01:06 - routers.auth - INFO - Looking up user with email: admin@idealtransport.com
2026-01-27 19:01:07 - routers.auth - INFO - User authenticated successfully: admin@idealtransport.com
2026-01-27 19:01:07 - routers.auth - INFO - Validating token for /me endpoint
2026-01-27 19:01:07 - routers.auth - INFO - Looking up user with email: admin@idealtransport.com
2026-01-27 19:01:07 - routers.auth - INFO - User authenticated successfully: admin@idealtransport.com
2026-01-27 19:01:07 - routers.auth - INFO - Validating token for /me endpoint
2026-01-27 19:01:07 - routers.auth - INFO - Looking up user with email: admin@idealtransport.com
2026-01-27 19:01:08 - routers.auth - INFO - User authenticated successfully: admin@idealtransport.com
2026-01-27 19:01:08 - routers.auth - INFO - Validating token for /me endpoint
2026-01-27 19:01:08 - routers.auth - INFO - Looking up user with email: admin@idealtransport.com
2026-01-27 19:01:09 - routers.auth - INFO - User authenticated successfully: admin@idealtransport.com
2026-01-27 19:01:09 - routers.auth - INFO - Validating token for /me endpoint
2026-01-27 19:01:09 - routers.auth - INFO - Looking up user with email: admin@idealtransport.com
2026-01-27 19:01:09 - routers.auth - INFO - User authenticated successfully: admin@idealtransport.com
2026-01-27 19:01:09 - routers.auth - INFO - Validating token for /me endpoint
2026-01-27 19:01:09 - routers.auth - INFO - Looking up user with email: admin@idealtransport.com
2026-01-27 19:01:10 - routers.auth - INFO - User authenticated successfully: admin@idealtransport.com
2026-01-27 19:01:32 - routers.auth - INFO - Validating token for /me endpoint
2026-01-27 19:01:32 - routers.auth - INFO - Looking up user with email: admin@idealtransport.com
2026-01-27 19:01:33 - routers.auth - INFO - User authenticated successfully: admin@idealtransport.com
2026-01-28 09:26:44 - routers.auth - INFO - Login attempt for user: admin@idealtransport.com
2026-01-28 09:26:44 - routers.auth - INFO - Authenticating user: admin@idealtransport.com
2026-01-28 09:26:44 - routers.auth - INFO - Looking up user with email: admin@idealtransport.com
2026-01-28 09:26:44 - routers.auth - INFO - User found: admin@idealtransport.com
2026-01-28 09:26:45 - routers.auth - INFO - Authentication successful: admin@idealtransport.com
2026-01-28 09:26:45 - routers.auth - INFO - Login successful: admin@idealtransport.com
2026-01-28 09:26:45 - routers.auth - INFO - Validating token for /me endpoint
2026-01-28 09:26:45 - routers.auth - INFO - Looking up user with email: admin@idealtransport.com
2026-01-28 09:26:46 - routers.auth - INFO - User authenticated successfully: admin@idealtransport.com
2026-01-28 09:26:46 - routers.auth - INFO - Validating token for /me endpoint
2026-01-28 09:26:46 - routers.auth - INFO - Looking up user with email: admin@idealtransport.com
2026-01-28 09:26:46 - routers.auth - INFO - User authenticated successfully: admin@idealtransport.com
2026-01-28 09:26:46 - routers.auth - INFO - Validating token for /me endpoint
2026-01-28 09:26:46 - routers.auth - INFO - Looking up user with email: admin@idealtransport.com
2026-01-28 09:26:47 - routers.auth - INFO - User authenticated successfully: admin@idealtransport.com
2026-01-28 09:26:47 - routers.auth - INFO - Validating token for /me endpoint
2026-01-28 09:26:47 - routers.auth - INFO - Looking up user with email: admin@idealtransport.com
2026-01-28 09:26:47 - routers.auth - INFO - User authenticated successfully: admin@idealtransport.com
2026-01-28 09:26:47 - routers.auth - INFO - Validating token for /me endpoint
2026-01-28 09:26:47 - routers.auth - INFO - Looking up user with email: admin@idealtransport.com
2026-01-28 09:26:48 - routers.auth - INFO - User authenticated successfully: admin@idealtransport.com
2026-01-28 09:26:48 - routers.auth - INFO - Validating token for /me endpoint
2026-01-28 09:26:48 - routers.auth - INFO - Looking up user with email: admin@idealtransport.com
2026-01-28 09:26:49 - routers.auth - INFO - User authenticated successfully: admin@idealtransport.com
2026-01-28 09:26:49 - routers.auth - INFO - Validating token for /me endpoint
2026-01-28 09:26:49 - routers.auth - INFO - Looking up user with email: admin@idealtransport.com
2026-01-28 09:26:49 - routers.auth - INFO - User authenticated successfully: admin@idealtransport.com
2026-01-28 09:26:49 - routers.auth - INFO - Validating token for /me endpoint
2026-01-28 09:26:49 - routers.auth - INFO - Looking up user with email: admin@idealtransport.com
2026-01-28 09:26:50 - routers.auth - INFO - User authenticated successfully: admin@idealtransport.com
2026-01-28 09:26:50 - routers.auth - INFO - Validating token for /me endpoint
2026-01-28 09:26:50 - routers.auth - INFO - Looking up user with email: admin@idealtransport.com
2026-01-28 09:26:50 - routers.auth - INFO - User authenticated successfully: admin@idealtransport.com
2026-01-28 09:27:01 - routers.auth - INFO - Validating token for /me endpoint
2026-01-28 09:27:01 - routers.auth - INFO - Looking up user with email: admin@idealtransport.com
2026-01-28 09:27:01 - routers.auth - INFO - User authenticated successfully: admin@idealtransport.com
2026-01-28 09:30:48 - routers.auth - INFO - Validating token for /me endpoint
2026-01-28 09:30:48 - routers.auth - INFO - Looking up user with email: admin@idealtransport.com
2026-01-28 09:30:49 - routers.auth - INFO - User authenticated successfully: admin@idealtransport.com
2026-01-28 09:30:49 - routers.auth - INFO - Validating token for /me endpoint
2026-01-28 09:30:49 - routers.auth - INFO - Looking up user with email: admin@idealtransport.com
2026-01-28 09:30:49 - routers.auth - INFO - User authenticated successfully: admin@idealtransport.com
2026-01-28 09:30:50 - routers.auth - INFO - Validating token for /me endpoint
2026-01-28 09:30:50 - routers.auth - INFO - Looking up user with email: admin@idealtransport.com
2026-01-28 09:30:50 - routers.auth - INFO - User authenticated successfully: admin@idealtransport.com
2026-01-28 09:31:04 - routers.auth - INFO - Validating token for /me endpoint
2026-01-28 09:31:04 - routers.auth - INFO - Looking up user with email: admin@idealtransport.com
2026-01-28 09:31:04 - routers.auth - INFO - User authenticated successfully: admin@idealtransport.com
2026-01-28 09:31:28 - routers.auth - INFO - Validating token for /me endpoint
2026-01-28 09:31:28 - routers.auth - INFO - Looking up user with email: admin@idealtransport.com
2026-01-28 09:31:28 - routers.auth - INFO - User authenticated successfully: admin@idealtransport.com
2026-01-28 09:31:28 - routers.auth - INFO - Validating token for /me endpoint
2026-01-28 09:31:28 - routers.auth - INFO - Looking up user with email: admin@idealtransport.com
2026-01-28 09:31:29 - routers.auth - INFO - User authenticated successfully: admin@idealtransport.com
2026-01-28 09:31:29 - routers.auth - INFO - Validating token for /me endpoint
2026-01-28 09:31:29 - routers.auth - INFO - Looking up user with email: admin@idealtransport.com
2026-01-28 09:31:30 - routers.auth - INFO - User authenticated successfully: admin@idealtransport.com
2026-01-28 09:31:30 - routers.auth - INFO - User admin@idealtransport.com fetching drivers list
2026-01-28 09:33:22 - routers.auth - INFO - Validating token for /me endpoint
2026-01-28 09:33:22 - routers.auth - INFO - Looking up user with email: admin@idealtransport.com
2026-01-28 09:33:22 - routers.auth - INFO - User authenticated successfully: admin@idealtransport.com
2026-01-28 09:33:22 - routers.auth - INFO - Validating token for /me endpoint
2026-01-28 09:33:22 - routers.auth - INFO - Looking up user with email: admin@idealtransport.com
2026-01-28 09:33:23 - routers.auth - INFO - User authenticated successfully: admin@idealtransport.com
2026-01-28 09:33:28 - routers.auth - INFO - Validating token for /me endpoint
2026-01-28 09:33:28 - routers.auth - INFO - Looking up user with email: admin@idealtransport.com
2026-01-28 09:33:29 - routers.auth - INFO - User authenticated successfully: admin@idealtransport.com
2026-01-28 09:33:29 - routers.auth - INFO - Validating token for /me endpoint
2026-01-28 09:33:29 - routers.auth - INFO - Looking up user with email: admin@idealtransport.com
2026-01-28 09:33:30 - routers.auth - INFO - User authenticated successfully: admin@idealtransport.com
2026-01-28 09:37:11 - routers.auth - INFO - Validating token for /me endpoint
2026-01-28 09:37:11 - routers.auth - INFO - Looking up user with email: admin@idealtransport.com
2026-01-28 09:37:12 - routers.auth - INFO - User authenticated successfully: admin@idealtransport.com
2026-01-28 09:37:12 - routers.auth - INFO - Admin admin@idealtransport.com fetching all users
2026-01-28 09:37:35 - routers.auth - INFO - Validating token for /me endpoint
2026-01-28 09:37:35 - routers.auth - INFO - Looking up user with email: admin@idealtransport.com
2026-01-28 09:37:35 - routers.auth - INFO - User authenticated successfully: admin@idealtransport.com
2026-01-28 09:38:26 - routers.auth - INFO - Validating token for /me endpoint
2026-01-28 09:38:26 - routers.auth - INFO - Looking up user with email: admin@idealtransport.com
2026-01-28 09:38:27 - routers.auth - INFO - User authenticated successfully: admin@idealtransport.com
2026-01-28 09:39:49 - routers.auth - INFO - Validating token for /me endpoint
2026-01-28 09:39:49 - routers.auth - INFO - Looking up user with email: admin@idealtransport.com
2026-01-28 09:39:49 - routers.auth - INFO - User authenticated successfully: admin@idealtransport.com
2026-01-28 09:40:32 - routers.auth - INFO - Validating token for /me endpoint
2026-01-28 09:40:32 - routers.auth - INFO - Looking up user with email: admin@idealtransport.com
2026-01-28 09:40:33 - routers.auth - INFO - User authenticated successfully: admin@idealtransport.com
2026-01-28 09:41:21 - routers.auth - INFO - Login attempt for user: anish@idealtransport.com
2026-01-28 09:41:21 - routers.auth - INFO - Authenticating user: anish@idealtransport.com
2026-01-28 09:41:21 - routers.auth - INFO - Looking up user with email: anish@idealtransport.com
2026-01-28 09:41:21 - routers.auth - INFO - User found: anish@idealtransport.com
2026-01-28 09:41:22 - routers.auth - INFO - Authentication successful: anish@idealtransport.com
2026-01-28 09:41:22 - routers.auth - INFO - Login successful: anish@idealtransport.com
2026-01-28 09:41:22 - routers.auth - INFO - Validating token for /me endpoint
2026-01-28 09:41:22 - routers.auth - INFO - Looking up user with email: anish@idealtransport.com
2026-01-28 09:41:23 - routers.auth - INFO - User authenticated successfully: anish@idealtransport.com
2026-01-28 09:41:23 - routers.auth - INFO - Validating token for /me endpoint
2026-01-28 09:41:23 - routers.auth - INFO - Looking up user with email: anish@idealtransport.com
2026-01-28 09:41:23 - routers.auth - INFO - User authenticated successfully: anish@idealtransport.com
2026-01-28 09:41:23 - routers.auth - INFO - Validating token for /me endpoint
2026-01-28 09:41:23 - routers.auth - INFO - Looking up user with email: anish@idealtransport.com
2026-01-28 09:41:24 - routers.auth - INFO - User authenticated successfully: anish@idealtransport.com
2026-01-28 09:41:24 - routers.auth - INFO - Validating token for /me endpoint
2026-01-28 09:41:24 - routers.auth - INFO - Looking up user with email: anish@idealtransport.com
2026-01-28 09:41:25 - routers.auth - INFO - User authenticated successfully: anish@idealtransport.com
2026-01-28 09:41:25 - routers.auth - INFO - Validating token for /me endpoint
2026-01-28 09:41:25 - routers.auth - INFO - Looking up user with email: anish@idealtransport.com
2026-01-28 09:41:25 - routers.auth - INFO - User authenticated successfully: anish@idealtransport.com
2026-01-28 09:41:25 - routers.auth - INFO - Validating token for /me endpoint
2026-01-28 09:41:25 - routers.auth - INFO - Looking up user with email: anish@idealtransport.com
2026-01-28 09:41:26 - routers.auth - INFO - User authenticated successfully: anish@idealtransport.com
2026-01-28 09:41:26 - routers.auth - INFO - Validating token for /me endpoint
2026-01-28 09:41:26 - routers.auth - INFO - Looking up user with email: anish@idealtransport.com
2026-01-28 09:41:26 - routers.auth - INFO - User authenticated successfully: anish@idealtransport.com
2026-01-28 09:41:26 - routers.auth - INFO - Validating token for /me endpoint
2026-01-28 09:41:26 - routers.auth - INFO - Looking up user with email: anish@idealtransport.com
2026-01-28 09:41:27 - routers.auth - INFO - User authenticated successfully: anish@idealtransport.com
2026-01-28 09:41:27 - routers.auth - INFO - Validating token for /me endpoint
2026-01-28 09:41:27 - routers.auth - INFO - Looking up user with email: anish@idealtransport.com
2026-01-28 09:41:27 - routers.auth - INFO - User authenticated successfully: anish@idealtransport.com
2026-01-28 09:43:41 - routers.auth - INFO - Login attempt for user: Romeo1012@idealtransport.com
2026-01-28 09:43:41 - routers.auth - INFO - Authenticating user: Romeo1012@idealtransport.com
2026-01-28 09:43:41 - routers.auth - INFO - Looking up user with email: Romeo1012@idealtransport.com
2026-01-28 09:43:42 - routers.auth - INFO - User found: Romeo1012@idealtransport.com
2026-01-28 09:43:42 - routers.auth - INFO - Authentication successful: Romeo1012@idealtransport.com
2026-01-28 09:43:42 - routers.auth - INFO - Login successful: Romeo1012@idealtransport.com
2026-01-28 09:43:42 - routers.auth - INFO - Validating token for /me endpoint
2026-01-28 09:43:42 - routers.auth - INFO - Looking up user with email: Romeo1012@idealtransport.com
2026-01-28 09:43:43 - routers.auth - INFO - User authenticated successfully: Romeo1012@idealtransport.com
2026-01-28 09:43:43 - routers.auth - INFO - Validating token for /me endpoint
2026-01-28 09:43:43 - routers.auth - INFO - Looking up user with email: Romeo1012@idealtransport.com
2026-01-28 09:43:43 - routers.auth - INFO - User authenticated successfully: Romeo1012@idealtransport.com
2026-01-28 09:43:44 - routers.auth - INFO - Validating token for /me endpoint
2026-01-28 09:43:44 - routers.auth - INFO - Looking up user with email: Romeo1012@idealtransport.com
2026-01-28 09:43:44 - routers.auth - INFO - User authenticated successfully: Romeo1012@idealtransport.com
2026-01-28 09:43:44 - routers.auth - INFO - Validating token for /me endpoint
2026-01-28 09:43:44 - routers.auth - INFO - Looking up user with email: Romeo1012@idealtransport.com
2026-01-28 09:43:45 - routers.auth - INFO - User authenticated successfully: Romeo1012@idealtransport.com
2026-01-28 09:43:45 - routers.auth - INFO - Validating token for /me endpoint
2026-01-28 09:43:45 - routers.auth - INFO - Looking up user with email: Romeo1012@idealtransport.com
2026-01-28 09:43:45 - routers.auth - INFO - User authenticated successfully: Romeo1012@idealtransport.com
2026-01-28 09:43:45 - routers.auth - INFO - Validating token for /me endpoint
2026-01-28 09:43:45 - routers.auth - INFO - Looking up user with email: Romeo1012@idealtransport.com
2026-01-28 09:43:46 - routers.auth - INFO - User authenticated successfully: Romeo1012@idealtransport.com
2026-01-28 09:43:46 - routers.auth - INFO - Validating token for /me endpoint
2026-01-28 09:43:46 - routers.auth - INFO - Looking up user with email: Romeo1012@idealtransport.com
2026-01-28 09:43:46 - routers.auth - INFO - User authenticated successfully: Romeo1012@idealtransport.com
2026-01-28 09:43:46 - routers.auth - INFO - Validating token for /me endpoint
2026-01-28 09:43:46 - routers.auth - INFO - Looking up user with email: Romeo1012@idealtransport.com
2026-01-28 09:43:47 - routers.auth - INFO - User authenticated successfully: Romeo1012@idealtransport.com
2026-01-28 09:43:47 - routers.auth - INFO - Validating token for /me endpoint
2026-01-28 09:43:47 - routers.auth - INFO - Looking up user with email: Romeo1012@idealtransport.com
2026-01-28 09:43:47 - routers.auth - INFO - User authenticated successfully: Romeo1012@idealtransport.com
2026-01-28 09:46:46 - routers.auth - INFO - Login attempt for user: admin@idealtransport.com
2026-01-28 09:46:46 - routers.auth - INFO - Authenticating user: admin@idealtransport.com
2026-01-28 09:46:46 - routers.auth - INFO - Looking up user with email: admin@idealtransport.com
2026-01-28 09:46:47 - routers.auth - INFO - User found: admin@idealtransport.com
2026-01-28 09:46:47 - routers.auth - INFO - Authentication successful: admin@idealtransport.com
2026-01-28 09:46:47 - routers.auth - INFO - Login successful: admin@idealtransport.com
2026-01-28 09:46:47 - routers.auth - INFO - Validating token for /me endpoint
2026-01-28 09:46:47 - routers.auth - INFO - Looking up user with email: admin@idealtransport.com
2026-01-28 09:46:48 - routers.auth - INFO - User authenticated successfully: admin@idealtransport.com
2026-01-28 09:46:48 - routers.auth - INFO - Validating token for /me endpoint
2026-01-28 09:46:48 - routers.auth - INFO - Looking up user with email: admin@idealtransport.com
2026-01-28 09:46:48 - routers.auth - INFO - User authenticated successfully: admin@idealtransport.com
2026-01-28 09:46:48 - routers.auth - INFO - Validating token for /me endpoint
2026-01-28 09:46:48 - routers.auth - INFO - Looking up user with email: admin@idealtransport.com
2026-01-28 09:46:49 - routers.auth - INFO - User authenticated successfully: admin@idealtransport.com
2026-01-28 09:46:49 - routers.auth - INFO - Validating token for /me endpoint
2026-01-28 09:46:49 - routers.auth - INFO - Looking up user with email: admin@idealtransport.com
2026-01-28 09:46:49 - routers.auth - INFO - User authenticated successfully: admin@idealtransport.com
2026-01-28 09:46:49 - routers.auth - INFO - Validating token for /me endpoint
2026-01-28 09:46:49 - routers.auth - INFO - Looking up user with email: admin@idealtransport.com
2026-01-28 09:46:50 - routers.auth - INFO - User authenticated successfully: admin@idealtransport.com
2026-01-28 09:46:50 - routers.auth - INFO - Validating token for /me endpoint
2026-01-28 09:46:50 - routers.auth - INFO - Looking up user with email: admin@idealtransport.com
2026-01-28 09:46:50 - routers.auth - INFO - User authenticated successfully: admin@idealtransport.com
2026-01-28 09:46:50 - routers.auth - INFO - Validating token for /me endpoint
2026-01-28 09:46:50 - routers.auth - INFO - Looking up user with email: admin@idealtransport.com
2026-01-28 09:46:51 - routers.auth - INFO - User authenticated successfully: admin@idealtransport.com
2026-01-28 09:46:51 - routers.auth - INFO - Validating token for /me endpoint
2026-01-28 09:46:51 - routers.auth - INFO - Looking up user with email: admin@idealtransport.com
2026-01-28 09:46:51 - routers.auth - INFO - User authenticated successfully: admin@idealtransport.com
2026-01-28 09:46:52 - routers.auth - INFO - Validating token for /me endpoint
2026-01-28 09:46:52 - routers.auth - INFO - Looking up user with email: admin@idealtransport.com
2026-01-28 09:46:52 - routers.auth - INFO - User authenticated successfully: admin@idealtransport.com
2026-01-28 14:49:36 - routers.auth - INFO - Validating token for /me endpoint
2026-01-28 14:49:37 - routers.auth - INFO - Validating token for /me endpoint
2026-01-28 14:49:37 - routers.auth - INFO - Validating token for /me endpoint
2026-01-28 14:49:37 - routers.auth - INFO - Validating token for /me endpoint
2026-01-28 14:49:37 - routers.auth - INFO - Validating token for /me endpoint
2026-01-28 14:49:37 - routers.auth - INFO - Validating token for /me endpoint
2026-01-28 14:49:37 - routers.auth - INFO - Validating token for /me endpoint
2026-01-28 14:49:37 - routers.auth - INFO - Validating token for /me endpoint
2026-01-28 14:49:37 - routers.auth - INFO - Validating token for /me endpoint
2026-01-28 20:45:00 - routers.auth - INFO - Validating token for /me endpoint
2026-01-28 20:45:11 - routers.auth - INFO - Login attempt for user: admin@idealtransport.com
2026-01-28 20:45:11 - routers.auth - INFO - Authenticating user: admin@idealtransport.com
2026-01-28 20:45:11 - routers.auth - INFO - Looking up user with email: admin@idealtransport.com
2026-01-28 20:45:12 - routers.auth - INFO - User found: admin@idealtransport.com
2026-01-28 20:45:12 - routers.auth - INFO - Authentication successful: admin@idealtransport.com
2026-01-28 20:45:12 - routers.auth - INFO - Login successful: admin@idealtransport.com
2026-01-28 20:45:12 - routers.auth - INFO - Validating token for /me endpoint
2026-01-28 20:45:12 - routers.auth - INFO - Looking up user with email: admin@idealtransport.com
2026-01-28 20:45:13 - routers.auth - INFO - User authenticated successfully: admin@idealtransport.com
2026-01-28 20:45:13 - routers.auth - INFO - Validating token for /me endpoint
2026-01-28 20:45:13 - routers.auth - INFO - Looking up user with email: admin@idealtransport.com
2026-01-28 20:45:13 - routers.auth - INFO - User authenticated successfully: admin@idealtransport.com
2026-01-28 20:45:13 - routers.auth - INFO - Validating token for /me endpoint
2026-01-28 20:45:13 - routers.auth - INFO - Looking up user with email: admin@idealtransport.com
2026-01-28 20:45:14 - routers.auth - INFO - User authenticated successfully: admin@idealtransport.com
2026-01-28 20:45:14 - routers.auth - INFO - Validating token for /me endpoint
2026-01-28 20:45:14 - routers.auth - INFO - Looking up user with email: admin@idealtransport.com
2026-01-28 20:45:15 - routers.auth - INFO - User authenticated successfully: admin@idealtransport.com
2026-01-28 20:45:15 - routers.auth - INFO - Validating token for /me endpoint
2026-01-28 20:45:15 - routers.auth - INFO - Looking up user with email: admin@idealtransport.com
2026-01-28 20:45:15 - routers.auth - INFO - User authenticated successfully: admin@idealtransport.com
2026-01-28 20:45:15 - routers.auth - INFO - Validating token for /me endpoint
2026-01-28 20:45:15 - routers.auth - INFO - Looking up user with email: admin@idealtransport.com
2026-01-28 20:45:16 - routers.auth - INFO - User authenticated successfully: admin@idealtransport.com
2026-01-28 20:45:16 - routers.auth - INFO - Validating token for /me endpoint
2026-01-28 20:45:16 - routers.auth - INFO - Looking up user with email: admin@idealtransport.com
2026-01-28 20:45:18 - routers.auth - INFO - User authenticated successfully: admin@idealtransport.com
2026-01-28 20:45:18 - routers.auth - INFO - Validating token for /me endpoint
2026-01-28 20:45:18 - routers.auth - INFO - Looking up user with email: admin@idealtransport.com
2026-01-28 20:45:18 - routers.auth - INFO - User authenticated successfully: admin@idealtransport.com
2026-01-28 20:45:18 - routers.auth - INFO - Validating token for /me endpoint
2026-01-28 20:45:18 - routers.auth - INFO - Looking up user with email: admin@idealtransport.com
2026-01-28 20:45:19 - routers.auth - INFO - User authenticated successfully: admin@idealtransport.com
2026-01-28 20:46:34 - routers.auth - INFO - Validating token for /me endpoint
2026-01-28 20:46:34 - routers.auth - INFO - Looking up user with email: admin@idealtransport.com
2026-01-28 20:46:34 - routers.auth - INFO - User authenticated successfully: admin@idealtransport.com
2026-01-28 21:04:29 - routers.auth - INFO - Login attempt for user: admin@idealtransport.com
2026-01-28 21:04:29 - routers.auth - INFO - Authenticating user: admin@idealtransport.com
2026-01-28 21:04:29 - routers.auth - INFO - Looking up user with email: admin@idealtransport.com
2026-01-28 21:04:29 - routers.auth - INFO - User found: admin@idealtransport.com
2026-01-28 21:04:29 - routers.auth - INFO - Authentication successful: admin@idealtransport.com
2026-01-28 21:04:30 - routers.auth - INFO - Login successful: admin@idealtransport.com
2026-01-28 21:04:31 - routers.auth - INFO - Validating token for /me endpoint
2026-01-28 21:04:31 - routers.auth - INFO - Looking up user with email: admin@idealtransport.com
2026-01-28 21:04:32 - routers.auth - INFO - User authenticated successfully: admin@idealtransport.com
2026-01-28 21:04:32 - routers.auth - INFO - Validating token for /me endpoint
2026-01-28 21:04:32 - routers.auth - INFO - Looking up user with email: admin@idealtransport.com
2026-01-28 21:04:33 - routers.auth - INFO - User authenticated successfully: admin@idealtransport.com
2026-01-28 21:04:33 - routers.auth - INFO - Validating token for /me endpoint
2026-01-28 21:04:33 - routers.auth - INFO - Looking up user with email: admin@idealtransport.com
2026-01-28 21:04:33 - routers.auth - INFO - User authenticated successfully: admin@idealtransport.com
2026-01-28 21:04:33 - routers.auth - INFO - Validating token for /me endpoint
2026-01-28 21:04:33 - routers.auth - INFO - Looking up user with email: admin@idealtransport.com
2026-01-28 21:04:34 - routers.auth - INFO - User authenticated successfully: admin@idealtransport.com
2026-01-28 21:04:54 - routers.auth - INFO - Validating token for /me endpoint
2026-01-28 21:04:54 - routers.auth - INFO - Looking up user with email: admin@idealtransport.com
2026-01-28 21:04:55 - routers.auth - INFO - User authenticated successfully: admin@idealtransport.com
2026-01-28 21:04:55 - routers.auth - INFO - Validating token for /me endpoint
2026-01-28 21:04:55 - routers.auth - INFO - Looking up user with email: admin@idealtransport.com
2026-01-28 21:04:56 - routers.auth - INFO - User authenticated successfully: admin@idealtransport.com
2026-01-28 21:04:56 - routers.auth - INFO - Validating token for /me endpoint
2026-01-28 21:04:56 - routers.auth - INFO - Looking up user with email: admin@idealtransport.com
2026-01-28 21:04:58 - routers.auth - INFO - User authenticated successfully: admin@idealtransport.com
2026-01-28 21:04:58 - routers.auth - INFO - Validating token for /me endpoint
2026-01-28 21:04:58 - routers.auth - INFO - Looking up user with email: admin@idealtransport.com
2026-01-28 21:05:00 - routers.auth - INFO - User authenticated successfully: admin@idealtransport.com
2026-01-28 21:05:00 - routers.auth - INFO - Validating token for /me endpoint
2026-01-28 21:05:00 - routers.auth - INFO - Looking up user with email: admin@idealtransport.com
2026-01-28 21:05:01 - routers.auth - INFO - User authenticated successfully: admin@idealtransport.com
2026-01-28 21:05:09 - routers.auth - INFO - Validating token for /me endpoint
2026-01-28 21:05:09 - routers.auth - INFO - Looking up user with email: admin@idealtransport.com
2026-01-28 21:05:10 - routers.auth - INFO - User authenticated successfully: admin@idealtransport.com
2026-01-28 21:06:29 - routers.auth - INFO - Validating token for /me endpoint
2026-01-28 21:06:29 - routers.auth - INFO - Looking up user with email: admin@idealtransport.com
2026-01-28 21:06:30 - routers.auth - INFO - User authenticated successfully: admin@idealtransport.com
2026-01-28 21:06:30 - routers.auth - INFO - Validating token for /me endpoint
2026-01-28 21:06:30 - routers.auth - INFO - Looking up user with email: admin@idealtransport.com
2026-01-28 21:06:30 - routers.auth - INFO - User authenticated successfully: admin@idealtransport.com
2026-01-28 21:06:30 - routers.auth - INFO - Validating token for /me endpoint
2026-01-28 21:06:30 - routers.auth - INFO - Looking up user with email: admin@idealtransport.com
2026-01-28 21:06:31 - routers.auth - INFO - User authenticated successfully: admin@idealtransport.com
2026-01-28 21:06:31 - routers.auth - INFO - User admin@idealtransport.com fetching drivers list
2026-01-28 21:06:33 - routers.auth - INFO - Validating token for /me endpoint
2026-01-28 21:06:33 - routers.auth - INFO - Looking up user with email: admin@idealtransport.com
2026-01-28 21:06:34 - routers.auth - INFO - User authenticated successfully: admin@idealtransport.com
2026-01-28 21:06:46 - routers.auth - INFO - Validating token for /me endpoint
2026-01-28 21:06:46 - routers.auth - INFO - Looking up user with email: admin@idealtransport.com
2026-01-28 21:06:47 - routers.auth - INFO - User authenticated successfully: admin@idealtransport.com
2026-01-28 21:07:00 - routers.auth - INFO - Validating token for /me endpoint
2026-01-28 21:07:00 - routers.auth - INFO - Looking up user with email: admin@idealtransport.com
2026-01-28 21:07:01 - routers.auth - INFO - User authenticated successfully: admin@idealtransport.com
2026-01-28 21:07:16 - routers.auth - INFO - Validating token for /me endpoint
2026-01-28 21:07:16 - routers.auth - INFO - Looking up user with email: admin@idealtransport.com
2026-01-28 21:07:16 - routers.auth - INFO - User authenticated successfully: admin@idealtransport.com
2026-01-28 21:10:39 - routers.auth - INFO - Login attempt for user: anish@idealtransport.com
2026-01-28 21:10:39 - routers.auth - INFO - Authenticating user: anish@idealtransport.com
2026-01-28 21:10:39 - routers.auth - INFO - Looking up user with email: anish@idealtransport.com
2026-01-28 21:10:40 - routers.auth - INFO - User found: anish@idealtransport.com
2026-01-28 21:10:40 - routers.auth - INFO - Authentication successful: anish@idealtransport.com
2026-01-28 21:10:40 - routers.auth - INFO - Login successful: anish@idealtransport.com
2026-01-28 21:10:40 - routers.auth - INFO - Validating token for /me endpoint
2026-01-28 21:10:40 - routers.auth - INFO - Looking up user with email: anish@idealtransport.com
2026-01-28 21:10:41 - routers.auth - INFO - User authenticated successfully: anish@idealtransport.com
2026-01-28 21:10:41 - routers.auth - INFO - Validating token for /me endpoint
2026-01-28 21:10:41 - routers.auth - INFO - Looking up user with email: anish@idealtransport.com
2026-01-28 21:10:42 - routers.auth - INFO - User authenticated successfully: anish@idealtransport.com
2026-01-28 21:10:42 - routers.auth - INFO - Validating token for /me endpoint
2026-01-28 21:10:42 - routers.auth - INFO - Looking up user with email: anish@idealtransport.com
2026-01-28 21:10:42 - routers.auth - INFO - User authenticated successfully: anish@idealtransport.com
2026-01-28 21:10:42 - routers.auth - INFO - Validating token for /me endpoint
2026-01-28 21:10:42 - routers.auth - INFO - Looking up user with email: anish@idealtransport.com
2026-01-28 21:10:43 - routers.auth - INFO - User authenticated successfully: anish@idealtransport.com
2026-01-28 21:10:43 - routers.auth - INFO - Validating token for /me endpoint
2026-01-28 21:10:43 - routers.auth - INFO - Looking up user with email: anish@idealtransport.com
2026-01-28 21:10:43 - routers.auth - INFO - User authenticated successfully: anish@idealtransport.com
2026-01-28 21:10:43 - routers.auth - INFO - Validating token for /me endpoint
2026-01-28 21:10:43 - routers.auth - INFO - Looking up user with email: anish@idealtransport.com
2026-01-28 21:10:44 - routers.auth - INFO - User authenticated successfully: anish@idealtransport.com
2026-01-28 21:10:44 - routers.auth - INFO - Validating token for /me endpoint
2026-01-28 21:10:44 - routers.auth - INFO - Looking up user with email: anish@idealtransport.com
2026-01-28 21:10:44 - routers.auth - INFO - User authenticated successfully: anish@idealtransport.com
2026-01-28 21:10:44 - routers.auth - INFO - Validating token for /me endpoint
2026-01-28 21:10:44 - routers.auth - INFO - Looking up user with email: anish@idealtransport.com
2026-01-28 21:10:45 - routers.auth - INFO - User authenticated successfully: anish@idealtransport.com
2026-01-28 21:10:45 - routers.auth - INFO - Validating token for /me endpoint
2026-01-28 21:10:45 - routers.auth - INFO - Looking up user with email: anish@idealtransport.com
2026-01-28 21:10:45 - routers.auth - INFO - User authenticated successfully: anish@idealtransport.com
2026-01-28 21:11:24 - routers.auth - INFO - Validating token for /me endpoint
2026-01-28 21:11:24 - routers.auth - INFO - Looking up user with email: anish@idealtransport.com
2026-01-28 21:11:25 - routers.auth - INFO - User authenticated successfully: anish@idealtransport.com
2026-01-28 21:11:29 - routers.auth - INFO - Validating token for /me endpoint
2026-01-28 21:11:29 - routers.auth - INFO - Looking up user with email: anish@idealtransport.com
2026-01-28 21:11:29 - routers.auth - INFO - User authenticated successfully: anish@idealtransport.com
2026-01-28 21:16:48 - routers.auth - INFO - Validating token for /me endpoint
2026-01-28 21:16:48 - routers.auth - INFO - Looking up user with email: anish@idealtransport.com
2026-01-28 21:16:48 - routers.auth - INFO - User authenticated successfully: anish@idealtransport.com
2026-01-28 21:16:51 - routers.auth - INFO - Validating token for /me endpoint
2026-01-28 21:16:51 - routers.auth - INFO - Looking up user with email: anish@idealtransport.com
2026-01-28 21:16:52 - routers.auth - INFO - User authenticated successfully: anish@idealtransport.com
2026-01-28 21:16:52 - routers.auth - INFO - Validating token for /me endpoint
2026-01-28 21:16:52 - routers.auth - INFO - Looking up user with email: anish@idealtransport.com
2026-01-28 21:16:52 - routers.auth - INFO - User authenticated successfully: anish@idealtransport.com
2026-01-28 21:16:52 - routers.auth - INFO - Validating token for /me endpoint
2026-01-28 21:16:52 - routers.auth - INFO - Looking up user with email: anish@idealtransport.com
2026-01-28 21:16:53 - routers.auth - INFO - User authenticated successfully: anish@idealtransport.com
2026-01-28 21:16:53 - routers.auth - INFO - Validating token for /me endpoint
2026-01-28 21:16:53 - routers.auth - INFO - Looking up user with email: anish@idealtransport.com
2026-01-28 21:16:53 - routers.auth - INFO - User authenticated successfully: anish@idealtransport.com
2026-01-28 21:16:53 - routers.auth - INFO - Validating token for /me endpoint
2026-01-28 21:16:53 - routers.auth - INFO - Looking up user with email: anish@idealtransport.com
2026-01-28 21:16:54 - routers.auth - INFO - User authenticated successfully: anish@idealtransport.com
2026-01-28 21:16:54 - routers.auth - INFO - Validating token for /me endpoint
2026-01-28 21:16:54 - routers.auth - INFO - Looking up user with email: anish@idealtransport.com
2026-01-28 21:16:54 - routers.auth - INFO - User authenticated successfully: anish@idealtransport.com
2026-01-28 21:16:54 - routers.auth - INFO - Validating token for /me endpoint
2026-01-28 21:16:54 - routers.auth - INFO - Looking up user with email: anish@idealtransport.com
2026-01-28 21:16:55 - routers.auth - INFO - User authenticated successfully: anish@idealtransport.com
2026-01-28 21:16:55 - routers.auth - INFO - Validating token for /me endpoint
2026-01-28 21:16:55 - routers.auth - INFO - Looking up user with email: anish@idealtransport.com
2026-01-28 21:16:55 - routers.auth - INFO - User authenticated successfully: anish@idealtransport.com
2026-01-28 21:16:55 - routers.auth - INFO - Validating token for /me endpoint
2026-01-28 21:16:55 - routers.auth - INFO - Looking up user with email: anish@idealtransport.com
2026-01-28 21:16:56 - routers.auth - INFO - User authenticated successfully: anish@idealtransport.com
2026-01-28 21:16:56 - routers.auth - INFO - Validating token for /me endpoint
2026-01-28 21:16:56 - routers.auth - INFO - Looking up user with email: anish@idealtransport.com
2026-01-28 21:16:56 - routers.auth - INFO - User authenticated successfully: anish@idealtransport.com
2026-01-28 21:16:56 - routers.auth - INFO - Validating token for /me endpoint
2026-01-28 21:16:56 - routers.auth - INFO - Looking up user with email: anish@idealtransport.com
2026-01-28 21:16:57 - routers.auth - INFO - User authenticated successfully: anish@idealtransport.com
2026-01-28 21:16:57 - routers.auth - INFO - Validating token for /me endpoint
2026-01-28 21:16:57 - routers.auth - INFO - Looking up user with email: anish@idealtransport.com
2026-01-28 21:16:58 - routers.auth - INFO - User authenticated successfully: anish@idealtransport.com
2026-01-28 21:16:58 - routers.auth - INFO - Validating token for /me endpoint
2026-01-28 21:16:58 - routers.auth - INFO - Looking up user with email: anish@idealtransport.com
2026-01-28 21:16:59 - routers.auth - INFO - User authenticated successfully: anish@idealtransport.com
2026-01-28 21:16:59 - routers.auth - INFO - Validating token for /me endpoint
2026-01-28 21:16:59 - routers.auth - INFO - Looking up user with email: anish@idealtransport.com
2026-01-28 21:16:59 - routers.auth - INFO - User authenticated successfully: anish@idealtransport.com
2026-01-28 21:16:59 - routers.auth - INFO - Validating token for /me endpoint
2026-01-28 21:16:59 - routers.auth - INFO - Looking up user with email: anish@idealtransport.com
2026-01-28 21:17:00 - routers.auth - INFO - User authenticated successfully: anish@idealtransport.com
2026-01-28 21:17:03 - routers.auth - INFO - Validating token for /me endpoint
2026-01-28 21:17:03 - routers.auth - INFO - Looking up user with email: anish@idealtransport.com
2026-01-28 21:17:03 - routers.auth - INFO - User authenticated successfully: anish@idealtransport.com
2026-01-28 21:19:20 - routers.auth - INFO - Login attempt for user: Romeo1012@idealtransport.com
2026-01-28 21:19:20 - routers.auth - INFO - Authenticating user: Romeo1012@idealtransport.com
2026-01-28 21:19:20 - routers.auth - INFO - Looking up user with email: Romeo1012@idealtransport.com
2026-01-28 21:19:20 - routers.auth - INFO - User found: Romeo1012@idealtransport.com
2026-01-28 21:19:21 - routers.auth - INFO - Authentication successful: Romeo1012@idealtransport.com
2026-01-28 21:19:21 - routers.auth - INFO - Login successful: Romeo1012@idealtransport.com
2026-01-28 21:19:21 - routers.auth - INFO - Validating token for /me endpoint
2026-01-28 21:19:21 - routers.auth - INFO - Looking up user with email: Romeo1012@idealtransport.com
2026-01-28 21:19:22 - routers.auth - INFO - User authenticated successfully: Romeo1012@idealtransport.com
2026-01-28 21:19:22 - routers.auth - INFO - Validating token for /me endpoint
2026-01-28 21:19:22 - routers.auth - INFO - Looking up user with email: Romeo1012@idealtransport.com
2026-01-28 21:19:22 - routers.auth - INFO - User authenticated successfully: Romeo1012@idealtransport.com
2026-01-28 21:19:22 - routers.auth - INFO - Validating token for /me endpoint
2026-01-28 21:19:22 - routers.auth - INFO - Looking up user with email: Romeo1012@idealtransport.com
2026-01-28 21:19:23 - routers.auth - INFO - User authenticated successfully: Romeo1012@idealtransport.com
2026-01-28 21:19:23 - routers.auth - INFO - Validating token for /me endpoint
2026-01-28 21:19:23 - routers.auth - INFO - Looking up user with email: Romeo1012@idealtransport.com
2026-01-28 21:19:23 - routers.auth - INFO - User authenticated successfully: Romeo1012@idealtransport.com
2026-01-28 21:19:23 - routers.auth - INFO - Validating token for /me endpoint
2026-01-28 21:19:23 - routers.auth - INFO - Looking up user with email: Romeo1012@idealtransport.com
2026-01-28 21:19:24 - routers.auth - INFO - User authenticated successfully: Romeo1012@idealtransport.com
2026-01-28 21:19:24 - routers.auth - INFO - Validating token for /me endpoint
2026-01-28 21:19:24 - routers.auth - INFO - Looking up user with email: Romeo1012@idealtransport.com
2026-01-28 21:19:24 - routers.auth - INFO - User authenticated successfully: Romeo1012@idealtransport.com
2026-01-28 21:19:24 - routers.auth - INFO - Validating token for /me endpoint
2026-01-28 21:19:24 - routers.auth - INFO - Looking up user with email: Romeo1012@idealtransport.com
2026-01-28 21:19:25 - routers.auth - INFO - User authenticated successfully: Romeo1012@idealtransport.com
2026-01-28 21:19:25 - routers.auth - INFO - Validating token for /me endpoint
2026-01-28 21:19:25 - routers.auth - INFO - Looking up user with email: Romeo1012@idealtransport.com
2026-01-28 21:19:25 - routers.auth - INFO - User authenticated successfully: Romeo1012@idealtransport.com
2026-01-28 21:19:25 - routers.auth - INFO - Validating token for /me endpoint
2026-01-28 21:19:25 - routers.auth - INFO - Looking up user with email: Romeo1012@idealtransport.com
2026-01-28 21:19:26 - routers.auth - INFO - User authenticated successfully: Romeo1012@idealtransport.com
2026-01-28 21:19:39 - routers.auth - INFO - Validating token for /me endpoint
2026-01-28 21:19:39 - routers.auth - INFO - Looking up user with email: Romeo1012@idealtransport.com
2026-01-28 21:19:39 - routers.auth - INFO - User authenticated successfully: Romeo1012@idealtransport.com
2026-01-28 21:20:06 - routers.auth - INFO - Validating token for /me endpoint
2026-01-28 21:20:06 - routers.auth - INFO - Looking up user with email: Romeo1012@idealtransport.com
2026-01-28 21:20:07 - routers.auth - INFO - User authenticated successfully: Romeo1012@idealtransport.com
2026-01-28 21:20:10 - routers.auth - INFO - Validating token for /me endpoint
2026-01-28 21:20:10 - routers.auth - INFO - Looking up user with email: Romeo1012@idealtransport.com
2026-01-28 21:20:10 - routers.auth - INFO - User authenticated successfully: Romeo1012@idealtransport.com
2026-01-28 21:20:11 - routers.auth - INFO - Validating token for /me endpoint
2026-01-28 21:20:11 - routers.auth - INFO - Looking up user with email: Romeo1012@idealtransport.com
2026-01-28 21:20:11 - routers.auth - INFO - User authenticated successfully: Romeo1012@idealtransport.com
2026-01-28 21:23:36 - routers.auth - INFO - Validating token for /me endpoint
2026-01-28 21:23:36 - routers.auth - INFO - Looking up user with email: Romeo1012@idealtransport.com
2026-01-28 21:23:36 - routers.auth - INFO - User authenticated successfully: Romeo1012@idealtransport.com
2026-01-28 21:26:54 - routers.auth - INFO - Login attempt for user: admin@idealtransport.com
2026-01-28 21:26:54 - routers.auth - INFO - Authenticating user: admin@idealtransport.com
2026-01-28 21:26:54 - routers.auth - INFO - Looking up user with email: admin@idealtransport.com
2026-01-28 21:26:54 - routers.auth - INFO - User found: admin@idealtransport.com
2026-01-28 21:26:55 - routers.auth - INFO - Authentication successful: admin@idealtransport.com
2026-01-28 21:26:55 - routers.auth - INFO - Login successful: admin@idealtransport.com
2026-01-28 21:26:55 - routers.auth - INFO - Validating token for /me endpoint
2026-01-28 21:26:55 - routers.auth - INFO - Looking up user with email: admin@idealtransport.com
2026-01-28 21:26:55 - routers.auth - INFO - User authenticated successfully: admin@idealtransport.com
2026-01-28 21:26:55 - routers.auth - INFO - Validating token for /me endpoint
2026-01-28 21:26:55 - routers.auth - INFO - Looking up user with email: admin@idealtransport.com
2026-01-28 21:26:56 - routers.auth - INFO - User authenticated successfully: admin@idealtransport.com
2026-01-28 21:26:56 - routers.auth - INFO - Validating token for /me endpoint
2026-01-28 21:26:56 - routers.auth - INFO - Looking up user with email: admin@idealtransport.com
2026-01-28 21:26:56 - routers.auth - INFO - User authenticated successfully: admin@idealtransport.com
2026-01-28 21:26:56 - routers.auth - INFO - Validating token for /me endpoint
2026-01-28 21:26:56 - routers.auth - INFO - Looking up user with email: admin@idealtransport.com
2026-01-28 21:26:57 - routers.auth - INFO - User authenticated successfully: admin@idealtransport.com
2026-01-28 21:26:57 - routers.auth - INFO - Validating token for /me endpoint
2026-01-28 21:26:57 - routers.auth - INFO - Looking up user with email: admin@idealtransport.com
2026-01-28 21:26:57 - routers.auth - INFO - User authenticated successfully: admin@idealtransport.com
2026-01-28 21:26:57 - routers.auth - INFO - Validating token for /me endpoint
2026-01-28 21:26:57 - routers.auth - INFO - Looking up user with email: admin@idealtransport.com
2026-01-28 21:26:58 - routers.auth - INFO - User authenticated successfully: admin@idealtransport.com
2026-01-28 21:26:58 - routers.auth - INFO - Validating token for /me endpoint
2026-01-28 21:26:58 - routers.auth - INFO - Looking up user with email: admin@idealtransport.com
2026-01-28 21:26:58 - routers.auth - INFO - User authenticated successfully: admin@idealtransport.com
2026-01-28 21:26:58 - routers.auth - INFO - Validating token for /me endpoint
2026-01-28 21:26:58 - routers.auth - INFO - Looking up user with email: admin@idealtransport.com
2026-01-28 21:26:59 - routers.auth - INFO - User authenticated successfully: admin@idealtransport.com
2026-01-28 21:26:59 - routers.auth - INFO - Validating token for /me endpoint
2026-01-28 21:26:59 - routers.auth - INFO - Looking up user with email: admin@idealtransport.com
2026-01-28 21:26:59 - routers.auth - INFO - User authenticated successfully: admin@idealtransport.com
2026-01-28 23:44:42 - routers.auth - INFO - Validating token for /me endpoint
2026-01-28 23:44:52 - routers.auth - INFO - Login attempt for user: admin@idealtransport.com
2026-01-28 23:44:52 - routers.auth - INFO - Authenticating user: admin@idealtransport.com
2026-01-28 23:44:52 - routers.auth - INFO - Looking up user with email: admin@idealtransport.com
2026-01-28 23:44:52 - routers.auth - INFO - User found: admin@idealtransport.com
2026-01-28 23:44:52 - routers.auth - INFO - Authentication successful: admin@idealtransport.com
2026-01-28 23:44:52 - routers.auth - INFO - Login successful: admin@idealtransport.com
2026-01-28 23:44:53 - routers.auth - INFO - Validating token for /me endpoint
2026-01-28 23:44:53 - routers.auth - INFO - Looking up user with email: admin@idealtransport.com
2026-01-28 23:44:55 - routers.auth - INFO - User authenticated successfully: admin@idealtransport.com
2026-01-28 23:44:55 - routers.auth - INFO - Validating token for /me endpoint
2026-01-28 23:44:55 - routers.auth - INFO - Looking up user with email: admin@idealtransport.com
2026-01-28 23:44:56 - routers.auth - INFO - User authenticated successfully: admin@idealtransport.com
2026-01-28 23:44:56 - routers.auth - INFO - Validating token for /me endpoint
2026-01-28 23:44:56 - routers.auth - INFO - Looking up user with email: admin@idealtransport.com
2026-01-28 23:44:58 - routers.auth - INFO - User authenticated successfully: admin@idealtransport.com
2026-01-28 23:44:58 - routers.auth - INFO - Validating token for /me endpoint
2026-01-28 23:44:58 - routers.auth - INFO - Looking up user with email: admin@idealtransport.com
2026-01-28 23:45:00 - routers.auth - INFO - User authenticated successfully: admin@idealtransport.com
2026-01-28 23:45:00 - routers.auth - INFO - Validating token for /me endpoint
2026-01-28 23:45:00 - routers.auth - INFO - Looking up user with email: admin@idealtransport.com
2026-01-28 23:45:01 - routers.auth - INFO - User authenticated successfully: admin@idealtransport.com
2026-01-28 23:45:01 - routers.auth - INFO - Validating token for /me endpoint
2026-01-28 23:45:01 - routers.auth - INFO - Looking up user with email: admin@idealtransport.com
2026-01-28 23:45:02 - routers.auth - INFO - User authenticated successfully: admin@idealtransport.com
2026-01-28 23:45:02 - routers.auth - INFO - Validating token for /me endpoint
2026-01-28 23:45:02 - routers.auth - INFO - Looking up user with email: admin@idealtransport.com
2026-01-28 23:45:03 - routers.auth - INFO - User authenticated successfully: admin@idealtransport.com
2026-01-28 23:45:03 - routers.auth - INFO - Validating token for /me endpoint
2026-01-28 23:45:03 - routers.auth - INFO - Looking up user with email: admin@idealtransport.com
2026-01-28 23:45:04 - routers.auth - INFO - User authenticated successfully: admin@idealtransport.com
2026-01-28 23:45:04 - routers.auth - INFO - Validating token for /me endpoint
2026-01-28 23:45:04 - routers.auth - INFO - Looking up user with email: admin@idealtransport.com
2026-01-28 23:45:04 - routers.auth - INFO - User authenticated successfully: admin@idealtransport.com
2026-01-28 23:45:26 - routers.auth - INFO - Validating token for /me endpoint
2026-01-28 23:45:26 - routers.auth - INFO - Looking up user with email: admin@idealtransport.com
2026-01-28 23:45:27 - routers.auth - INFO - User authenticated successfully: admin@idealtransport.com
2026-01-28 23:49:42 - routers.auth - INFO - Validating token for /me endpoint
2026-01-28 23:49:42 - routers.auth - INFO - Looking up user with email: admin@idealtransport.com
2026-01-28 23:49:43 - routers.auth - INFO - User authenticated successfully: admin@idealtransport.com
2026-01-28 23:49:51 - routers.auth - INFO - Validating token for /me endpoint
2026-01-28 23:49:51 - routers.auth - INFO - Looking up user with email: admin@idealtransport.com
2026-01-28 23:49:52 - routers.auth - INFO - User authenticated successfully: admin@idealtransport.com
2026-01-28 23:54:09 - routers.auth - INFO - Validating token for /me endpoint
2026-01-28 23:54:09 - routers.auth - INFO - Looking up user with email: admin@idealtransport.com
2026-01-28 23:54:09 - routers.auth - INFO - User authenticated successfully: admin@idealtransport.com
2026-01-28 23:54:09 - routers.auth - INFO - Validating token for /me endpoint
2026-01-28 23:54:09 - routers.auth - INFO - Looking up user with email: admin@idealtransport.com
2026-01-28 23:54:11 - routers.auth - INFO - User authenticated successfully: admin@idealtransport.com
2026-01-28 23:54:11 - routers.auth - INFO - Validating token for /me endpoint
2026-01-28 23:54:11 - routers.auth - INFO - Looking up user with email: admin@idealtransport.com
2026-01-28 23:54:13 - routers.auth - INFO - User authenticated successfully: admin@idealtransport.com
2026-01-28 23:54:13 - routers.auth - INFO - Validating token for /me endpoint
2026-01-28 23:54:13 - routers.auth - INFO - Looking up user with email: admin@idealtransport.com
2026-01-28 23:54:14 - routers.auth - INFO - User authenticated successfully: admin@idealtransport.com
2026-01-28 23:54:14 - routers.auth - INFO - Validating token for /me endpoint
2026-01-28 23:54:14 - routers.auth - INFO - Looking up user with email: admin@idealtransport.com
2026-01-28 23:54:16 - routers.auth - INFO - User authenticated successfully: admin@idealtransport.com
2026-01-28 23:54:16 - routers.auth - INFO - Validating token for /me endpoint
2026-01-28 23:54:16 - routers.auth - INFO - Looking up user with email: admin@idealtransport.com
2026-01-28 23:54:17 - routers.auth - INFO - User authenticated successfully: admin@idealtransport.com
2026-01-28 23:54:17 - routers.auth - INFO - Validating token for /me endpoint
2026-01-28 23:54:17 - routers.auth - INFO - Looking up user with email: admin@idealtransport.com
2026-01-28 23:54:17 - routers.auth - INFO - User authenticated successfully: admin@idealtransport.com
2026-01-28 23:54:17 - routers.auth - INFO - Validating token for /me endpoint
2026-01-28 23:54:17 - routers.auth - INFO - Looking up user with email: admin@idealtransport.com
2026-01-28 23:54:18 - routers.auth - INFO - User authenticated successfully: admin@idealtransport.com
2026-01-28 23:54:18 - routers.auth - INFO - Validating token for /me endpoint
2026-01-28 23:54:18 - routers.auth - INFO - Looking up user with email: admin@idealtransport.com
2026-01-28 23:54:18 - routers.auth - INFO - User authenticated successfully: admin@idealtransport.com
2026-01-28 23:54:18 - routers.auth - INFO - Validating token for /me endpoint
2026-01-28 23:54:18 - routers.auth - INFO - Looking up user with email: admin@idealtransport.com
2026-01-28 23:54:19 - routers.auth - INFO - User authenticated successfully: admin@idealtransport.com
2026-01-28 23:54:19 - routers.auth - INFO - Validating token for /me endpoint
2026-01-28 23:54:19 - routers.auth - INFO - Looking up user with email: admin@idealtransport.com
2026-01-28 23:54:20 - routers.auth - INFO - User authenticated successfully: admin@idealtransport.com
2026-01-28 23:54:20 - routers.auth - INFO - User admin@idealtransport.com fetching drivers list
2026-01-29 00:01:55 - routers.auth - INFO - Validating token for /me endpoint
2026-01-29 00:01:55 - routers.auth - INFO - Looking up user with email: admin@idealtransport.com
2026-01-29 00:01:55 - routers.auth - INFO - User authenticated successfully: admin@idealtransport.com
2026-01-29 00:01:55 - routers.auth - INFO - Validating token for /me endpoint
2026-01-29 00:01:55 - routers.auth - INFO - Looking up user with email: admin@idealtransport.com
2026-01-29 00:01:56 - routers.auth - INFO - User authenticated successfully: admin@idealtransport.com
2026-01-29 00:01:56 - routers.auth - INFO - Validating token for /me endpoint
2026-01-29 00:01:56 - routers.auth - INFO - Looking up user with email: admin@idealtransport.com
2026-01-29 00:01:57 - routers.auth - INFO - User authenticated successfully: admin@idealtransport.com
2026-01-29 00:01:57 - routers.auth - INFO - User admin@idealtransport.com fetching drivers list
2026-01-29 00:01:58 - routers.auth - INFO - Validating token for /me endpoint
2026-01-29 00:01:58 - routers.auth - INFO - Looking up user with email: admin@idealtransport.com
2026-01-29 00:01:58 - routers.auth - INFO - User authenticated successfully: admin@idealtransport.com
2026-01-29 00:01:58 - routers.auth - INFO - Validating token for /me endpoint
2026-01-29 00:01:58 - routers.auth - INFO - Looking up user with email: admin@idealtransport.com
2026-01-29 00:01:59 - routers.auth - INFO - User authenticated successfully: admin@idealtransport.com
2026-01-29 00:02:04 - routers.auth - INFO - Validating token for /me endpoint
2026-01-29 00:02:04 - routers.auth - INFO - Looking up user with email: admin@idealtransport.com
2026-01-29 00:02:05 - routers.auth - INFO - User authenticated successfully: admin@idealtransport.com
2026-01-29 00:02:42 - routers.auth - INFO - Validating token for /me endpoint
2026-01-29 00:02:42 - routers.auth - INFO - Looking up user with email: admin@idealtransport.com
2026-01-29 00:02:42 - routers.auth - INFO - User authenticated successfully: admin@idealtransport.com
2026-01-29 00:02:42 - routers.auth - INFO - Validating token for /me endpoint
2026-01-29 00:02:42 - routers.auth - INFO - Looking up user with email: admin@idealtransport.com
2026-01-29 00:02:43 - routers.auth - INFO - User authenticated successfully: admin@idealtransport.com
2026-01-29 00:02:43 - routers.auth - INFO - User admin@idealtransport.com fetching drivers list
2026-01-29 00:04:58 - routers.auth - INFO - Validating token for /me endpoint
2026-01-29 00:04:58 - routers.auth - INFO - Looking up user with email: admin@idealtransport.com
2026-01-29 00:04:59 - routers.auth - INFO - User authenticated successfully: admin@idealtransport.com
2026-01-29 00:04:59 - routers.auth - INFO - Validating token for /me endpoint
2026-01-29 00:04:59 - routers.auth - INFO - Looking up user with email: admin@idealtransport.com
2026-01-29 00:04:59 - routers.auth - INFO - User authenticated successfully: admin@idealtransport.com
2026-01-29 00:05:00 - routers.auth - INFO - Validating token for /me endpoint
2026-01-29 00:05:00 - routers.auth - INFO - Looking up user with email: admin@idealtransport.com
2026-01-29 00:05:00 - routers.auth - INFO - User authenticated successfully: admin@idealtransport.com
2026-01-29 00:05:57 - routers.auth - INFO - Validating token for /me endpoint
2026-01-29 00:05:57 - routers.auth - INFO - Looking up user with email: admin@idealtransport.com
2026-01-29 00:05:58 - routers.auth - INFO - User authenticated successfully: admin@idealtransport.com
2026-01-29 00:05:58 - routers.auth - INFO - Validating token for /me endpoint
2026-01-29 00:05:58 - routers.auth - INFO - Looking up user with email: admin@idealtransport.com
2026-01-29 00:05:58 - routers.auth - INFO - User authenticated successfully: admin@idealtransport.com
2026-01-29 00:05:58 - routers.auth - INFO - User admin@idealtransport.com fetching drivers list
2026-01-29 00:11:55 - routers.auth - INFO - Validating token for /me endpoint
2026-01-29 00:11:55 - routers.auth - INFO - Looking up user with email: admin@idealtransport.com
2026-01-29 00:11:55 - routers.auth - INFO - User authenticated successfully: admin@idealtransport.com
2026-01-29 00:11:55 - routers.auth - INFO - Validating token for /me endpoint
2026-01-29 00:11:55 - routers.auth - INFO - Looking up user with email: admin@idealtransport.com
2026-01-29 00:11:56 - routers.auth - INFO - User authenticated successfully: admin@idealtransport.com
2026-01-29 00:11:56 - routers.auth - INFO - Validating token for /me endpoint
2026-01-29 00:11:56 - routers.auth - INFO - Looking up user with email: admin@idealtransport.com
2026-01-29 00:11:57 - routers.auth - INFO - User authenticated successfully: admin@idealtransport.com
2026-01-29 00:11:57 - routers.auth - INFO - User admin@idealtransport.com fetching drivers list
2026-01-29 00:12:44 - routers.auth - INFO - Validating token for /me endpoint
2026-01-29 00:12:44 - routers.auth - INFO - Looking up user with email: admin@idealtransport.com
2026-01-29 00:12:45 - routers.auth - INFO - User authenticated successfully: admin@idealtransport.com
2026-01-29 00:12:45 - routers.auth - INFO - Validating token for /me endpoint
2026-01-29 00:12:45 - routers.auth - INFO - Looking up user with email: admin@idealtransport.com
2026-01-29 00:12:45 - routers.auth - INFO - User authenticated successfully: admin@idealtransport.com
2026-01-29 00:13:49 - routers.auth - INFO - Validating token for /me endpoint
2026-01-29 00:13:49 - routers.auth - INFO - Looking up user with email: admin@idealtransport.com
2026-01-29 00:13:50 - routers.auth - INFO - User authenticated successfully: admin@idealtransport.com
2026-01-29 00:14:55 - routers.auth - INFO - Validating token for /me endpoint
2026-01-29 00:14:55 - routers.auth - INFO - Validating token for /me endpoint
2026-02-05 12:43:37 - routers.auth - INFO - Login attempt for user: admin@idealtransport.com
2026-02-05 12:43:37 - routers.auth - INFO - Authenticating user: admin@idealtransport.com
2026-02-05 12:43:37 - routers.auth - INFO - Looking up user with email: admin@idealtransport.com
2026-02-05 12:43:38 - routers.auth - INFO - User found: admin@idealtransport.com
2026-02-05 12:43:38 - routers.auth - INFO - Authentication successful: admin@idealtransport.com
2026-02-05 12:43:38 - routers.auth - INFO - Login successful: admin@idealtransport.com
2026-02-05 12:43:40 - routers.auth - INFO - Validating token for /me endpoint
2026-02-05 12:43:40 - routers.auth - INFO - Looking up user with email: admin@idealtransport.com
2026-02-05 12:43:41 - routers.auth - INFO - User authenticated successfully: admin@idealtransport.com
2026-02-05 12:43:41 - routers.auth - INFO - Validating token for /me endpoint
2026-02-05 12:43:41 - routers.auth - INFO - Looking up user with email: admin@idealtransport.com
2026-02-05 12:43:42 - routers.auth - INFO - User authenticated successfully: admin@idealtransport.com
2026-02-05 12:43:42 - routers.auth - INFO - Validating token for /me endpoint
2026-02-05 12:43:42 - routers.auth - INFO - Looking up user with email: admin@idealtransport.com
2026-02-05 12:43:43 - routers.auth - INFO - User authenticated successfully: admin@idealtransport.com
2026-02-05 12:43:43 - routers.auth - INFO - Validating token for /me endpoint
2026-02-05 12:43:43 - routers.auth - INFO - Looking up user with email: admin@idealtransport.com
2026-02-05 12:43:43 - routers.auth - INFO - User authenticated successfully: admin@idealtransport.com
2026-02-05 12:43:43 - routers.auth - INFO - Validating token for /me endpoint
2026-02-05 12:43:43 - routers.auth - INFO - Looking up user with email: admin@idealtransport.com
2026-02-05 12:43:45 - routers.auth - INFO - User authenticated successfully: admin@idealtransport.com
2026-02-05 12:43:45 - routers.auth - INFO - Validating token for /me endpoint
2026-02-05 12:43:45 - routers.auth - INFO - Looking up user with email: admin@idealtransport.com
2026-02-05 12:43:47 - routers.auth - INFO - User authenticated successfully: admin@idealtransport.com
2026-02-05 12:43:47 - routers.auth - INFO - Validating token for /me endpoint
2026-02-05 12:43:47 - routers.auth - INFO - Looking up user with email: admin@idealtransport.com
2026-02-05 12:43:48 - routers.auth - INFO - User authenticated successfully: admin@idealtransport.com
2026-02-05 12:43:48 - routers.auth - INFO - Validating token for /me endpoint
2026-02-05 12:43:48 - routers.auth - INFO - Looking up user with email: admin@idealtransport.com
2026-02-05 12:43:49 - routers.auth - INFO - User authenticated successfully: admin@idealtransport.com
2026-02-05 12:43:49 - routers.auth - INFO - Validating token for /me endpoint
2026-02-05 12:43:49 - routers.auth - INFO - Looking up user with email: admin@idealtransport.com
2026-02-05 12:43:49 - routers.auth - INFO - User authenticated successfully: admin@idealtransport.com
2026-02-05 12:48:05 - routers.auth - INFO - Validating token for /me endpoint
2026-02-05 12:48:05 - routers.auth - INFO - Looking up user with email: admin@idealtransport.com
2026-02-05 12:48:06 - routers.auth - INFO - User authenticated successfully: admin@idealtransport.com
2026-02-05 12:48:06 - routers.auth - INFO - Validating token for /me endpoint
2026-02-05 12:48:06 - routers.auth - INFO - Looking up user with email: admin@idealtransport.com
2026-02-05 12:48:07 - routers.auth - INFO - User authenticated successfully: admin@idealtransport.com
2026-02-05 12:48:07 - routers.auth - INFO - Validating token for /me endpoint
2026-02-05 12:48:07 - routers.auth - INFO - Looking up user with email: admin@idealtransport.com
2026-02-05 12:48:07 - routers.auth - INFO - User authenticated successfully: admin@idealtransport.com
2026-02-05 12:48:07 - routers.auth - INFO - Validating token for /me endpoint
2026-02-05 12:48:07 - routers.auth - INFO - Looking up user with email: admin@idealtransport.com
2026-02-05 12:48:08 - routers.auth - INFO - User authenticated successfully: admin@idealtransport.com
2026-02-05 12:48:08 - routers.auth - INFO - Validating token for /me endpoint
2026-02-05 12:48:08 - routers.auth - INFO - Looking up user with email: admin@idealtransport.com
2026-02-05 12:48:08 - routers.auth - INFO - User authenticated successfully: admin@idealtransport.com
2026-02-05 12:48:08 - routers.auth - INFO - Validating token for /me endpoint
2026-02-05 12:48:08 - routers.auth - INFO - Looking up user with email: admin@idealtransport.com
2026-02-05 12:48:09 - routers.auth - INFO - User authenticated successfully: admin@idealtransport.com
2026-02-05 15:07:24 - routers.auth - INFO - Validating token for /me endpoint
2026-02-05 15:07:24 - routers.auth - INFO - Validating token for /me endpoint
2026-02-05 15:07:24 - routers.auth - INFO - Validating token for /me endpoint
2026-02-05 15:07:24 - routers.auth - INFO - Validating token for /me endpoint
2026-02-05 15:07:24 - routers.auth - INFO - Validating token for /me endpoint
2026-02-05 15:07:24 - routers.auth - INFO - Validating token for /me endpoint
2026-02-05 15:07:33 - routers.auth - INFO - Validating token for /me endpoint
2026-02-05 15:07:33 - routers.auth - INFO - Validating token for /me endpoint
2026-02-05 15:39:12 - routers.auth - INFO - Login attempt for user: admin@idealtransport.com
2026-02-05 15:39:12 - routers.auth - INFO - Authenticating user: admin@idealtransport.com
2026-02-05 15:39:12 - routers.auth - INFO - Looking up user with email: admin@idealtransport.com
2026-02-05 15:39:13 - routers.auth - INFO - User found: admin@idealtransport.com
2026-02-05 15:39:13 - routers.auth - INFO - Authentication successful: admin@idealtransport.com
2026-02-05 15:39:13 - routers.auth - INFO - Login successful: admin@idealtransport.com
2026-02-05 15:39:14 - routers.auth - INFO - Validating token for /me endpoint
2026-02-05 15:39:14 - routers.auth - INFO - Looking up user with email: admin@idealtransport.com
2026-02-05 15:39:14 - routers.auth - INFO - User authenticated successfully: admin@idealtransport.com
2026-02-05 15:39:14 - routers.auth - INFO - Validating token for /me endpoint
2026-02-05 15:39:14 - routers.auth - INFO - Looking up user with email: admin@idealtransport.com
2026-02-05 15:39:16 - routers.auth - INFO - User authenticated successfully: admin@idealtransport.com
2026-02-05 15:39:16 - routers.auth - INFO - Validating token for /me endpoint
2026-02-05 15:39:16 - routers.auth - INFO - Looking up user with email: admin@idealtransport.com
2026-02-05 15:39:17 - routers.auth - INFO - User authenticated successfully: admin@idealtransport.com
2026-02-05 15:39:17 - routers.auth - INFO - Validating token for /me endpoint
2026-02-05 15:39:17 - routers.auth - INFO - Looking up user with email: admin@idealtransport.com
2026-02-05 15:39:17 - routers.auth - INFO - User authenticated successfully: admin@idealtransport.com
2026-02-05 15:39:17 - routers.auth - INFO - Validating token for /me endpoint
2026-02-05 15:39:17 - routers.auth - INFO - Looking up user with email: admin@idealtransport.com
2026-02-05 15:39:19 - routers.auth - INFO - User authenticated successfully: admin@idealtransport.com
2026-02-05 15:39:19 - routers.auth - INFO - Validating token for /me endpoint
2026-02-05 15:39:19 - routers.auth - INFO - Looking up user with email: admin@idealtransport.com
2026-02-05 15:39:20 - routers.auth - INFO - User authenticated successfully: admin@idealtransport.com
2026-02-05 15:39:20 - routers.auth - INFO - Validating token for /me endpoint
2026-02-05 15:39:20 - routers.auth - INFO - Looking up user with email: admin@idealtransport.com
2026-02-05 15:39:22 - routers.auth - INFO - User authenticated successfully: admin@idealtransport.com
2026-02-05 15:39:22 - routers.auth - INFO - Validating token for /me endpoint
2026-02-05 15:39:22 - routers.auth - INFO - Looking up user with email: admin@idealtransport.com
2026-02-05 15:39:22 - routers.auth - INFO - User authenticated successfully: admin@idealtransport.com
2026-02-05 15:39:22 - routers.auth - INFO - Validating token for /me endpoint
2026-02-05 15:39:22 - routers.auth - INFO - Looking up user with email: admin@idealtransport.com
2026-02-05 15:39:23 - routers.auth - INFO - User authenticated successfully: admin@idealtransport.com
2026-02-05 15:39:42 - routers.auth - INFO - Validating token for /me endpoint
2026-02-05 15:39:42 - routers.auth - INFO - Looking up user with email: admin@idealtransport.com
2026-02-05 15:39:42 - routers.auth - INFO - User authenticated successfully: admin@idealtransport.com
2026-02-05 15:39:42 - routers.auth - INFO - Validating token for /me endpoint
2026-02-05 15:39:42 - routers.auth - INFO - Looking up user with email: admin@idealtransport.com
2026-02-05 15:39:43 - routers.auth - INFO - User authenticated successfully: admin@idealtransport.com
2026-02-05 15:39:43 - routers.auth - INFO - Validating token for /me endpoint
2026-02-05 15:39:43 - routers.auth - INFO - Looking up user with email: admin@idealtransport.com
2026-02-05 15:39:43 - routers.auth - INFO - User authenticated successfully: admin@idealtransport.com
2026-02-05 15:39:43 - routers.auth - INFO - Validating token for /me endpoint
2026-02-05 15:39:43 - routers.auth - INFO - Looking up user with email: admin@idealtransport.com
2026-02-05 15:39:44 - routers.auth - INFO - User authenticated successfully: admin@idealtransport.com
2026-02-05 15:39:44 - routers.auth - INFO - Validating token for /me endpoint
2026-02-05 15:39:44 - routers.auth - INFO - Looking up user with email: admin@idealtransport.com
2026-02-05 15:39:44 - routers.auth - INFO - User authenticated successfully: admin@idealtransport.com
2026-02-05 15:39:44 - routers.auth - INFO - Validating token for /me endpoint
2026-02-05 15:39:44 - routers.auth - INFO - Looking up user with email: admin@idealtransport.com
2026-02-05 15:39:45 - routers.auth - INFO - User authenticated successfully: admin@idealtransport.com
2026-02-05 15:39:45 - routers.auth - INFO - Validating token for /me endpoint
2026-02-05 15:39:45 - routers.auth - INFO - Looking up user with email: admin@idealtransport.com
2026-02-05 15:39:45 - routers.auth - INFO - User authenticated successfully: admin@idealtransport.com
2026-02-05 15:39:45 - routers.auth - INFO - Validating token for /me endpoint
2026-02-05 15:39:45 - routers.auth - INFO - Looking up user with email: admin@idealtransport.com
2026-02-05 15:39:46 - routers.auth - INFO - User authenticated successfully: admin@idealtransport.com
2026-02-05 15:39:46 - routers.auth - INFO - Validating token for /me endpoint
2026-02-05 15:39:46 - routers.auth - INFO - Looking up user with email: admin@idealtransport.com
2026-02-05 15:39:46 - routers.auth - INFO - User authenticated successfully: admin@idealtransport.com
2026-02-05 15:39:59 - routers.auth - INFO - Validating token for /me endpoint
2026-02-05 15:39:59 - routers.auth - INFO - Looking up user with email: admin@idealtransport.com
2026-02-05 15:39:59 - routers.auth - INFO - User authenticated successfully: admin@idealtransport.com
2026-02-05 15:39:59 - routers.auth - INFO - Validating token for /me endpoint
2026-02-05 15:39:59 - routers.auth - INFO - Looking up user with email: admin@idealtransport.com
2026-02-05 15:40:00 - routers.auth - INFO - User authenticated successfully: admin@idealtransport.com
2026-02-05 15:40:00 - routers.auth - INFO - Validating token for /me endpoint
2026-02-05 15:40:00 - routers.auth - INFO - Looking up user with email: admin@idealtransport.com
2026-02-05 15:40:00 - routers.auth - INFO - User authenticated successfully: admin@idealtransport.com
2026-02-05 15:40:00 - routers.auth - INFO - Validating token for /me endpoint
2026-02-05 15:40:00 - routers.auth - INFO - Looking up user with email: admin@idealtransport.com
2026-02-05 15:40:01 - routers.auth - INFO - User authenticated successfully: admin@idealtransport.com
2026-02-05 15:40:01 - routers.auth - INFO - Validating token for /me endpoint
2026-02-05 15:40:01 - routers.auth - INFO - Looking up user with email: admin@idealtransport.com
2026-02-05 15:40:01 - routers.auth - INFO - User authenticated successfully: admin@idealtransport.com
2026-02-05 15:40:01 - routers.auth - INFO - Validating token for /me endpoint
2026-02-05 15:40:01 - routers.auth - INFO - Looking up user with email: admin@idealtransport.com
2026-02-05 15:40:03 - routers.auth - INFO - User authenticated successfully: admin@idealtransport.com
2026-02-05 15:40:03 - routers.auth - INFO - Validating token for /me endpoint
2026-02-05 15:40:03 - routers.auth - INFO - Looking up user with email: admin@idealtransport.com
2026-02-05 15:40:03 - routers.auth - INFO - User authenticated successfully: admin@idealtransport.com
2026-02-05 15:40:03 - routers.auth - INFO - Validating token for /me endpoint
2026-02-05 15:40:03 - routers.auth - INFO - Looking up user with email: admin@idealtransport.com
2026-02-05 15:40:04 - routers.auth - INFO - User authenticated successfully: admin@idealtransport.com
2026-02-05 15:40:10 - routers.auth - INFO - Validating token for /me endpoint
2026-02-05 15:40:10 - routers.auth - INFO - Looking up user with email: admin@idealtransport.com
2026-02-05 15:40:11 - routers.auth - INFO - User authenticated successfully: admin@idealtransport.com
2026-02-05 15:40:18 - routers.auth - INFO - Validating token for /me endpoint
2026-02-05 15:40:18 - routers.auth - INFO - Looking up user with email: admin@idealtransport.com
2026-02-05 15:40:19 - routers.auth - INFO - User authenticated successfully: admin@idealtransport.com
2026-02-05 15:40:19 - routers.auth - INFO - Validating token for /me endpoint
2026-02-05 15:40:19 - routers.auth - INFO - Looking up user with email: admin@idealtransport.com
2026-02-05 15:40:19 - routers.auth - INFO - User authenticated successfully: admin@idealtransport.com
2026-02-05 15:40:28 - routers.auth - INFO - Validating token for /me endpoint
2026-02-05 15:40:28 - routers.auth - INFO - Looking up user with email: admin@idealtransport.com
2026-02-05 15:40:28 - routers.auth - INFO - User authenticated successfully: admin@idealtransport.com
2026-02-05 15:40:28 - routers.auth - INFO - Validating token for /me endpoint
2026-02-05 15:40:28 - routers.auth - INFO - Looking up user with email: admin@idealtransport.com
2026-02-05 15:40:28 - routers.auth - INFO - User authenticated successfully: admin@idealtransport.com
2026-02-05 15:40:29 - routers.auth - INFO - Validating token for /me endpoint
2026-02-05 15:40:29 - routers.auth - INFO - Looking up user with email: admin@idealtransport.com
2026-02-05 15:40:29 - routers.auth - INFO - User authenticated successfully: admin@idealtransport.com
2026-02-05 15:40:29 - routers.auth - INFO - Validating token for /me endpoint
2026-02-05 15:40:29 - routers.auth - INFO - Looking up user with email: admin@idealtransport.com
2026-02-05 15:40:30 - routers.auth - INFO - User authenticated successfully: admin@idealtransport.com
2026-02-05 15:40:30 - routers.auth - INFO - Validating token for /me endpoint
2026-02-05 15:40:30 - routers.auth - INFO - Looking up user with email: admin@idealtransport.com
2026-02-05 15:40:30 - routers.auth - INFO - User authenticated successfully: admin@idealtransport.com
2026-02-05 15:40:30 - routers.auth - INFO - Validating token for /me endpoint
2026-02-05 15:40:30 - routers.auth - INFO - Looking up user with email: admin@idealtransport.com
2026-02-05 15:40:32 - routers.auth - INFO - User authenticated successfully: admin@idealtransport.com
2026-02-05 15:40:32 - routers.auth - INFO - Validating token for /me endpoint
2026-02-05 15:40:32 - routers.auth - INFO - Looking up user with email: admin@idealtransport.com
2026-02-05 15:40:32 - routers.auth - INFO - User authenticated successfully: admin@idealtransport.com
2026-02-05 15:40:32 - routers.auth - INFO - Validating token for /me endpoint
2026-02-05 15:40:32 - routers.auth - INFO - Looking up user with email: admin@idealtransport.com
2026-02-05 15:40:33 - routers.auth - INFO - User authenticated successfully: admin@idealtransport.com
2026-02-05 16:00:42 - routers.auth - INFO - Login attempt for user: admin@idealtransport.com
2026-02-05 16:00:42 - routers.auth - INFO - Authenticating user: admin@idealtransport.com
2026-02-05 16:00:42 - routers.auth - INFO - Looking up user with email: admin@idealtransport.com
2026-02-05 16:00:43 - routers.auth - INFO - User found: admin@idealtransport.com
2026-02-05 16:00:43 - routers.auth - INFO - Authentication successful: admin@idealtransport.com
2026-02-05 16:00:43 - routers.auth - INFO - Login successful: admin@idealtransport.com
2026-02-05 16:00:47 - routers.auth - INFO - Validating token for /me endpoint
2026-02-05 16:00:47 - routers.auth - INFO - Looking up user with email: admin@idealtransport.com
2026-02-05 16:00:47 - routers.auth - INFO - User authenticated successfully: admin@idealtransport.com
2026-02-05 16:00:47 - routers.auth - INFO - Validating token for /me endpoint
2026-02-05 16:00:47 - routers.auth - INFO - Looking up user with email: admin@idealtransport.com
2026-02-05 16:00:49 - routers.auth - INFO - User authenticated successfully: admin@idealtransport.com
2026-02-05 16:00:49 - routers.auth - INFO - Validating token for /me endpoint
2026-02-05 16:00:49 - routers.auth - INFO - Looking up user with email: admin@idealtransport.com
2026-02-05 16:00:51 - routers.auth - INFO - User authenticated successfully: admin@idealtransport.com
2026-02-05 16:00:51 - routers.auth - INFO - Validating token for /me endpoint
2026-02-05 16:00:51 - routers.auth - INFO - Looking up user with email: admin@idealtransport.com
2026-02-05 16:00:52 - routers.auth - INFO - User authenticated successfully: admin@idealtransport.com
2026-02-05 16:00:52 - routers.auth - INFO - Validating token for /me endpoint
2026-02-05 16:00:52 - routers.auth - INFO - Looking up user with email: admin@idealtransport.com
2026-02-05 16:00:54 - routers.auth - INFO - User authenticated successfully: admin@idealtransport.com
2026-02-05 16:00:54 - routers.auth - INFO - Validating token for /me endpoint
2026-02-05 16:00:54 - routers.auth - INFO - Looking up user with email: admin@idealtransport.com
2026-02-05 16:00:55 - routers.auth - INFO - User authenticated successfully: admin@idealtransport.com
2026-02-05 16:00:55 - routers.auth - INFO - Validating token for /me endpoint
2026-02-05 16:00:55 - routers.auth - INFO - Looking up user with email: admin@idealtransport.com
2026-02-05 16:00:56 - routers.auth - INFO - User authenticated successfully: admin@idealtransport.com
2026-02-05 16:00:56 - routers.auth - INFO - Validating token for /me endpoint
2026-02-05 16:00:56 - routers.auth - INFO - Looking up user with email: admin@idealtransport.com
2026-02-05 16:00:56 - routers.auth - INFO - User authenticated successfully: admin@idealtransport.com
2026-02-05 16:00:56 - routers.auth - INFO - Validating token for /me endpoint
2026-02-05 16:00:56 - routers.auth - INFO - Looking up user with email: admin@idealtransport.com
2026-02-05 16:00:57 - routers.auth - INFO - User authenticated successfully: admin@idealtransport.com
2026-02-05 16:01:04 - routers.auth - INFO - Validating token for /me endpoint
2026-02-05 16:01:04 - routers.auth - INFO - Looking up user with email: admin@idealtransport.com
2026-02-05 16:01:05 - routers.auth - INFO - User authenticated successfully: admin@idealtransport.com
2026-02-05 16:01:05 - routers.auth - INFO - Validating token for /me endpoint
2026-02-05 16:01:05 - routers.auth - INFO - Looking up user with email: admin@idealtransport.com
2026-02-05 16:01:05 - routers.auth - INFO - User authenticated successfully: admin@idealtransport.com
2026-02-05 16:01:05 - routers.auth - INFO - Validating token for /me endpoint
2026-02-05 16:01:05 - routers.auth - INFO - Looking up user with email: admin@idealtransport.com
2026-02-05 16:01:06 - routers.auth - INFO - User authenticated successfully: admin@idealtransport.com
2026-02-05 16:01:06 - routers.auth - INFO - Validating token for /me endpoint
2026-02-05 16:01:06 - routers.auth - INFO - Looking up user with email: admin@idealtransport.com
2026-02-05 16:01:06 - routers.auth - INFO - User authenticated successfully: admin@idealtransport.com
2026-02-05 16:01:06 - routers.auth - INFO - Validating token for /me endpoint
2026-02-05 16:01:06 - routers.auth - INFO - Looking up user with email: admin@idealtransport.com
2026-02-05 16:01:07 - routers.auth - INFO - User authenticated successfully: admin@idealtransport.com
2026-02-05 16:01:07 - routers.auth - INFO - Validating token for /me endpoint
2026-02-05 16:01:07 - routers.auth - INFO - Looking up user with email: admin@idealtransport.com
2026-02-05 16:01:07 - routers.auth - INFO - User authenticated successfully: admin@idealtransport.com
2026-02-05 16:01:07 - routers.auth - INFO - Validating token for /me endpoint
2026-02-05 16:01:07 - routers.auth - INFO - Looking up user with email: admin@idealtransport.com
2026-02-05 16:01:08 - routers.auth - INFO - User authenticated successfully: admin@idealtransport.com
2026-02-05 16:01:08 - routers.auth - INFO - Validating token for /me endpoint
2026-02-05 16:01:08 - routers.auth - INFO - Looking up user with email: admin@idealtransport.com
2026-02-05 16:01:08 - routers.auth - INFO - User authenticated successfully: admin@idealtransport.com
2026-02-05 16:01:14 - routers.auth - INFO - Validating token for /me endpoint
2026-02-05 16:01:14 - routers.auth - INFO - Looking up user with email: admin@idealtransport.com
2026-02-05 16:01:15 - routers.auth - INFO - User authenticated successfully: admin@idealtransport.com
2026-02-05 16:01:33 - routers.auth - INFO - Validating token for /me endpoint
2026-02-05 16:01:33 - routers.auth - INFO - Looking up user with email: admin@idealtransport.com
2026-02-05 16:01:33 - routers.auth - INFO - User authenticated successfully: admin@idealtransport.com
2026-02-05 16:01:33 - routers.auth - INFO - Validating token for /me endpoint
2026-02-05 16:01:33 - routers.auth - INFO - Looking up user with email: admin@idealtransport.com
2026-02-05 16:01:34 - routers.auth - INFO - User authenticated successfully: admin@idealtransport.com
2026-02-05 16:01:34 - routers.auth - INFO - Validating token for /me endpoint
2026-02-05 16:01:34 - routers.auth - INFO - Looking up user with email: admin@idealtransport.com
2026-02-05 16:01:34 - routers.auth - INFO - User authenticated successfully: admin@idealtransport.com
2026-02-05 16:01:34 - routers.auth - INFO - User admin@idealtransport.com fetching drivers list
2026-02-05 16:10:42 - routers.auth - INFO - Login attempt for user: admin@idealtransport.com
2026-02-05 16:10:42 - routers.auth - INFO - Authenticating user: admin@idealtransport.com
2026-02-05 16:10:42 - routers.auth - INFO - Looking up user with email: admin@idealtransport.com
2026-02-05 16:10:42 - routers.auth - INFO - User found: admin@idealtransport.com
2026-02-05 16:10:42 - routers.auth - INFO - Authentication successful: admin@idealtransport.com
2026-02-05 16:10:43 - routers.auth - INFO - Login successful: admin@idealtransport.com
2026-02-05 16:10:43 - routers.auth - INFO - Validating token for /me endpoint
2026-02-05 16:10:43 - routers.auth - INFO - Looking up user with email: admin@idealtransport.com
2026-02-05 16:10:44 - routers.auth - INFO - User authenticated successfully: admin@idealtransport.com
2026-02-05 16:10:44 - routers.auth - INFO - Validating token for /me endpoint
2026-02-05 16:10:44 - routers.auth - INFO - Looking up user with email: admin@idealtransport.com
2026-02-05 16:10:44 - routers.auth - INFO - User authenticated successfully: admin@idealtransport.com
2026-02-05 16:10:44 - routers.auth - INFO - Validating token for /me endpoint
2026-02-05 16:10:44 - routers.auth - INFO - Looking up user with email: admin@idealtransport.com
2026-02-05 16:10:45 - routers.auth - INFO - User authenticated successfully: admin@idealtransport.com
2026-02-05 16:10:45 - routers.auth - INFO - Validating token for /me endpoint
2026-02-05 16:10:45 - routers.auth - INFO - Looking up user with email: admin@idealtransport.com
2026-02-05 16:10:45 - routers.auth - INFO - User authenticated successfully: admin@idealtransport.com
2026-02-05 16:10:45 - routers.auth - INFO - Validating token for /me endpoint
2026-02-05 16:10:45 - routers.auth - INFO - Looking up user with email: admin@idealtransport.com
2026-02-05 16:10:46 - routers.auth - INFO - User authenticated successfully: admin@idealtransport.com
2026-02-05 16:10:46 - routers.auth - INFO - Validating token for /me endpoint
2026-02-05 16:10:46 - routers.auth - INFO - Looking up user with email: admin@idealtransport.com
2026-02-05 16:10:46 - routers.auth - INFO - User authenticated successfully: admin@idealtransport.com
2026-02-05 16:10:46 - routers.auth - INFO - Validating token for /me endpoint
2026-02-05 16:10:46 - routers.auth - INFO - Looking up user with email: admin@idealtransport.com
2026-02-05 16:10:47 - routers.auth - INFO - User authenticated successfully: admin@idealtransport.com
2026-02-05 16:10:47 - routers.auth - INFO - Validating token for /me endpoint
2026-02-05 16:10:47 - routers.auth - INFO - Looking up user with email: admin@idealtransport.com
2026-02-05 16:10:47 - routers.auth - INFO - User authenticated successfully: admin@idealtransport.com
2026-02-05 16:10:47 - routers.auth - INFO - Validating token for /me endpoint
2026-02-05 16:10:47 - routers.auth - INFO - Looking up user with email: admin@idealtransport.com
2026-02-05 16:10:48 - routers.auth - INFO - User authenticated successfully: admin@idealtransport.com
2026-02-05 16:11:04 - routers.auth - INFO - Validating token for /me endpoint
2026-02-05 16:11:04 - routers.auth - INFO - Looking up user with email: admin@idealtransport.com
2026-02-05 16:11:04 - routers.auth - INFO - User authenticated successfully: admin@idealtransport.com
2026-02-05 16:11:04 - routers.auth - INFO - Validating token for /me endpoint
2026-02-05 16:11:04 - routers.auth - INFO - Looking up user with email: admin@idealtransport.com
2026-02-05 16:11:05 - routers.auth - INFO - User authenticated successfully: admin@idealtransport.com
2026-02-05 16:11:05 - routers.auth - INFO - Validating token for /me endpoint
2026-02-05 16:11:05 - routers.auth - INFO - Looking up user with email: admin@idealtransport.com
2026-02-05 16:11:05 - routers.auth - INFO - User authenticated successfully: admin@idealtransport.com
2026-02-05 16:11:05 - routers.auth - INFO - Validating token for /me endpoint
2026-02-05 16:11:05 - routers.auth - INFO - Looking up user with email: admin@idealtransport.com
2026-02-05 16:11:06 - routers.auth - INFO - User authenticated successfully: admin@idealtransport.com
2026-02-05 16:11:06 - routers.auth - INFO - Validating token for /me endpoint
2026-02-05 16:11:06 - routers.auth - INFO - Looking up user with email: admin@idealtransport.com
2026-02-05 16:11:07 - routers.auth - INFO - User authenticated successfully: admin@idealtransport.com
2026-02-05 16:11:07 - routers.auth - INFO - Validating token for /me endpoint
2026-02-05 16:11:07 - routers.auth - INFO - Looking up user with email: admin@idealtransport.com
2026-02-05 16:11:08 - routers.auth - INFO - User authenticated successfully: admin@idealtransport.com
2026-02-05 16:11:08 - routers.auth - INFO - Validating token for /me endpoint
2026-02-05 16:11:08 - routers.auth - INFO - Looking up user with email: admin@idealtransport.com
2026-02-05 16:11:09 - routers.auth - INFO - User authenticated successfully: admin@idealtransport.com
2026-02-05 16:11:09 - routers.auth - INFO - Validating token for /me endpoint
2026-02-05 16:11:09 - routers.auth - INFO - Looking up user with email: admin@idealtransport.com
2026-02-05 16:11:09 - routers.auth - INFO - User authenticated successfully: admin@idealtransport.com
2026-02-05 16:11:17 - routers.auth - INFO - Validating token for /me endpoint
2026-02-05 16:11:17 - routers.auth - INFO - Looking up user with email: admin@idealtransport.com
2026-02-05 16:11:17 - routers.auth - INFO - User authenticated successfully: admin@idealtransport.com
2026-02-05 16:11:33 - routers.auth - INFO - Validating token for /me endpoint
2026-02-05 16:11:33 - routers.auth - INFO - Looking up user with email: admin@idealtransport.com
2026-02-05 16:11:34 - routers.auth - INFO - User authenticated successfully: admin@idealtransport.com
2026-02-05 16:11:34 - routers.auth - INFO - Validating token for /me endpoint
2026-02-05 16:11:34 - routers.auth - INFO - Looking up user with email: admin@idealtransport.com
2026-02-05 16:11:34 - routers.auth - INFO - User authenticated successfully: admin@idealtransport.com
2026-02-05 16:11:35 - routers.auth - INFO - Validating token for /me endpoint
2026-02-05 16:11:35 - routers.auth - INFO - Looking up user with email: admin@idealtransport.com
2026-02-05 16:11:35 - routers.auth - INFO - User authenticated successfully: admin@idealtransport.com
2026-02-05 16:11:35 - routers.auth - INFO - User admin@idealtransport.com fetching drivers list
2026-02-05 16:12:26 - routers.auth - INFO - Validating token for /me endpoint
2026-02-05 16:12:26 - routers.auth - INFO - Looking up user with email: admin@idealtransport.com
2026-02-05 16:12:27 - routers.auth - INFO - User authenticated successfully: admin@idealtransport.com
2026-02-05 16:12:27 - routers.auth - INFO - Validating token for /me endpoint
2026-02-05 16:12:27 - routers.auth - INFO - Looking up user with email: admin@idealtransport.com
2026-02-05 16:12:27 - routers.auth - INFO - User authenticated successfully: admin@idealtransport.com
2026-02-05 16:12:45 - routers.auth - INFO - Validating token for /me endpoint
2026-02-05 16:12:45 - routers.auth - INFO - Looking up user with email: admin@idealtransport.com
2026-02-05 16:12:46 - routers.auth - INFO - User authenticated successfully: admin@idealtransport.com
2026-02-05 16:12:46 - routers.auth - INFO - Validating token for /me endpoint
2026-02-05 16:12:46 - routers.auth - INFO - Looking up user with email: admin@idealtransport.com
2026-02-05 16:12:46 - routers.auth - INFO - User authenticated successfully: admin@idealtransport.com
2026-02-05 16:12:56 - routers.auth - INFO - Validating token for /me endpoint
2026-02-05 16:12:56 - routers.auth - INFO - Looking up user with email: admin@idealtransport.com
2026-02-05 16:12:57 - routers.auth - INFO - User authenticated successfully: admin@idealtransport.com
2026-02-05 16:12:57 - routers.auth - INFO - Validating token for /me endpoint
2026-02-05 16:12:57 - routers.auth - INFO - Looking up user with email: admin@idealtransport.com
2026-02-05 16:12:57 - routers.auth - INFO - User authenticated successfully: admin@idealtransport.com
2026-02-05 16:12:57 - routers.auth - INFO - User admin@idealtransport.com fetching drivers list
2026-02-05 16:13:17 - routers.auth - INFO - Validating token for /me endpoint
2026-02-05 16:13:17 - routers.auth - INFO - Looking up user with email: admin@idealtransport.com
2026-02-05 16:13:18 - routers.auth - INFO - User authenticated successfully: admin@idealtransport.com
2026-02-05 16:13:18 - routers.auth - INFO - Validating token for /me endpoint
2026-02-05 16:13:18 - routers.auth - INFO - Looking up user with email: admin@idealtransport.com
2026-02-05 16:13:18 - routers.auth - INFO - User authenticated successfully: admin@idealtransport.com
2026-02-05 16:13:18 - routers.auth - INFO - Validating token for /me endpoint
2026-02-05 16:13:18 - routers.auth - INFO - Looking up user with email: admin@idealtransport.com
2026-02-05 16:13:19 - routers.auth - INFO - User authenticated successfully: admin@idealtransport.com
2026-02-05 16:13:34 - routers.auth - INFO - Validating token for /me endpoint
2026-02-05 16:13:34 - routers.auth - INFO - Looking up user with email: admin@idealtransport.com
2026-02-05 16:13:34 - routers.auth - INFO - User authenticated successfully: admin@idealtransport.com
2026-02-05 16:13:46 - routers.auth - INFO - Validating token for /me endpoint
2026-02-05 16:13:46 - routers.auth - INFO - Looking up user with email: admin@idealtransport.com
2026-02-05 16:13:46 - routers.auth - INFO - User authenticated successfully: admin@idealtransport.com
2026-02-05 16:13:47 - routers.auth - INFO - Admin admin@idealtransport.com fetching all users
2026-02-05 16:14:16 - routers.auth - INFO - Validating token for /me endpoint
2026-02-05 16:14:16 - routers.auth - INFO - Looking up user with email: admin@idealtransport.com
2026-02-05 16:14:16 - routers.auth - INFO - User authenticated successfully: admin@idealtransport.com
2026-02-05 16:14:27 - routers.auth - INFO - Validating token for /me endpoint
2026-02-05 16:14:27 - routers.auth - INFO - Looking up user with email: admin@idealtransport.com
2026-02-05 16:14:27 - routers.auth - INFO - User authenticated successfully: admin@idealtransport.com
2026-02-05 16:14:27 - routers.auth - INFO - Validating token for /me endpoint
2026-02-05 16:14:27 - routers.auth - INFO - Looking up user with email: admin@idealtransport.com
2026-02-05 16:14:28 - routers.auth - INFO - User authenticated successfully: admin@idealtransport.com
2026-02-05 16:14:28 - routers.auth - INFO - Validating token for /me endpoint
2026-02-05 16:14:28 - routers.auth - INFO - Looking up user with email: admin@idealtransport.com
2026-02-05 16:14:28 - routers.auth - INFO - User authenticated successfully: admin@idealtransport.com
2026-02-05 16:14:28 - routers.auth - INFO - Validating token for /me endpoint
2026-02-05 16:14:28 - routers.auth - INFO - Looking up user with email: admin@idealtransport.com
2026-02-05 16:14:29 - routers.auth - INFO - User authenticated successfully: admin@idealtransport.com
2026-02-05 16:14:29 - routers.auth - INFO - Validating token for /me endpoint
2026-02-05 16:14:29 - routers.auth - INFO - Looking up user with email: admin@idealtransport.com
2026-02-05 16:14:29 - routers.auth - INFO - User authenticated successfully: admin@idealtransport.com
2026-02-05 16:14:29 - routers.auth - INFO - Validating token for /me endpoint
2026-02-05 16:14:29 - routers.auth - INFO - Looking up user with email: admin@idealtransport.com
2026-02-05 16:14:30 - routers.auth - INFO - User authenticated successfully: admin@idealtransport.com
2026-02-05 16:14:30 - routers.auth - INFO - Validating token for /me endpoint
2026-02-05 16:14:30 - routers.auth - INFO - Looking up user with email: admin@idealtransport.com
2026-02-05 16:14:30 - routers.auth - INFO - User authenticated successfully: admin@idealtransport.com
2026-02-05 16:14:30 - routers.auth - INFO - Validating token for /me endpoint
2026-02-05 16:14:30 - routers.auth - INFO - Looking up user with email: admin@idealtransport.com
2026-02-05 16:14:31 - routers.auth - INFO - User authenticated successfully: admin@idealtransport.com
2026-02-05 16:14:31 - routers.auth - INFO - Validating token for /me endpoint
2026-02-05 16:14:31 - routers.auth - INFO - Looking up user with email: admin@idealtransport.com
2026-02-05 16:14:32 - routers.auth - INFO - User authenticated successfully: admin@idealtransport.com
2026-02-05 16:14:52 - routers.auth - INFO - Validating token for /me endpoint
2026-02-05 16:14:52 - routers.auth - INFO - Looking up user with email: admin@idealtransport.com
2026-02-05 16:14:52 - routers.auth - INFO - User authenticated successfully: admin@idealtransport.com
2026-02-05 16:14:53 - routers.auth - INFO - Validating token for /me endpoint
2026-02-05 16:14:53 - routers.auth - INFO - Looking up user with email: admin@idealtransport.com
2026-02-05 16:14:53 - routers.auth - INFO - User authenticated successfully: admin@idealtransport.com
2026-02-05 16:14:53 - routers.auth - INFO - User admin@idealtransport.com fetching drivers list
2026-02-05 16:15:06 - routers.auth - INFO - Validating token for /me endpoint
2026-02-05 16:15:06 - routers.auth - INFO - Looking up user with email: admin@idealtransport.com
2026-02-05 16:15:07 - routers.auth - INFO - User authenticated successfully: admin@idealtransport.com
2026-02-05 16:15:07 - routers.auth - INFO - Admin admin@idealtransport.com fetching all users
2026-02-05 16:15:42 - routers.auth - INFO - Validating token for /me endpoint
2026-02-05 16:15:42 - routers.auth - INFO - Looking up user with email: admin@idealtransport.com
2026-02-05 16:15:42 - routers.auth - INFO - User authenticated successfully: admin@idealtransport.com
2026-02-05 16:15:42 - routers.auth - INFO - Validating token for /me endpoint
2026-02-05 16:15:42 - routers.auth - INFO - Looking up user with email: admin@idealtransport.com
2026-02-05 16:15:43 - routers.auth - INFO - User authenticated successfully: admin@idealtransport.com
2026-02-05 16:15:43 - routers.auth - INFO - Validating token for /me endpoint
2026-02-05 16:15:43 - routers.auth - INFO - Looking up user with email: admin@idealtransport.com
2026-02-05 16:15:43 - routers.auth - INFO - User authenticated successfully: admin@idealtransport.com
2026-02-05 16:15:43 - routers.auth - INFO - Validating token for /me endpoint
2026-02-05 16:15:43 - routers.auth - INFO - Looking up user with email: admin@idealtransport.com
2026-02-05 16:15:44 - routers.auth - INFO - User authenticated successfully: admin@idealtransport.com
2026-02-05 16:15:44 - routers.auth - INFO - Validating token for /me endpoint
2026-02-05 16:15:44 - routers.auth - INFO - Looking up user with email: admin@idealtransport.com
2026-02-05 16:15:44 - routers.auth - INFO - User authenticated successfully: admin@idealtransport.com
2026-02-05 16:15:44 - routers.auth - INFO - Validating token for /me endpoint
2026-02-05 16:15:44 - routers.auth - INFO - Looking up user with email: admin@idealtransport.com
2026-02-05 16:15:45 - routers.auth - INFO - User authenticated successfully: admin@idealtransport.com
2026-02-05 16:15:45 - routers.auth - INFO - Validating token for /me endpoint
2026-02-05 16:15:45 - routers.auth - INFO - Looking up user with email: admin@idealtransport.com
2026-02-05 16:15:45 - routers.auth - INFO - User authenticated successfully: admin@idealtransport.com
2026-02-05 16:15:45 - routers.auth - INFO - Validating token for /me endpoint
2026-02-05 16:15:45 - routers.auth - INFO - Looking up user with email: admin@idealtransport.com
2026-02-05 16:15:46 - routers.auth - INFO - User authenticated successfully: admin@idealtransport.com
2026-02-05 16:15:46 - routers.auth - INFO - Validating token for /me endpoint
2026-02-05 16:15:46 - routers.auth - INFO - Looking up user with email: admin@idealtransport.com
2026-02-05 16:15:46 - routers.auth - INFO - User authenticated successfully: admin@idealtransport.com
2026-02-05 16:15:47 - routers.auth - INFO - Admin admin@idealtransport.com fetching all users
2026-02-05 16:16:29 - routers.auth - INFO - Login attempt for user: admin@idealtransport.com
2026-02-05 16:16:29 - routers.auth - INFO - Authenticating user: admin@idealtransport.com
2026-02-05 16:16:29 - routers.auth - INFO - Looking up user with email: admin@idealtransport.com
2026-02-05 16:16:30 - routers.auth - INFO - User found: admin@idealtransport.com
2026-02-05 16:16:30 - routers.auth - INFO - Authentication successful: admin@idealtransport.com
2026-02-05 16:16:30 - routers.auth - INFO - Login successful: admin@idealtransport.com
2026-02-05 16:16:30 - routers.auth - INFO - Validating token for /me endpoint
2026-02-05 16:16:31 - routers.auth - INFO - Looking up user with email: admin@idealtransport.com
2026-02-05 16:16:31 - routers.auth - INFO - User authenticated successfully: admin@idealtransport.com
2026-02-05 16:16:31 - routers.auth - INFO - Validating token for /me endpoint
2026-02-05 16:16:31 - routers.auth - INFO - Looking up user with email: admin@idealtransport.com
2026-02-05 16:16:32 - routers.auth - INFO - User authenticated successfully: admin@idealtransport.com
2026-02-05 16:16:32 - routers.auth - INFO - Validating token for /me endpoint
2026-02-05 16:16:32 - routers.auth - INFO - Looking up user with email: admin@idealtransport.com
2026-02-05 16:16:32 - routers.auth - INFO - User authenticated successfully: admin@idealtransport.com
2026-02-05 16:16:32 - routers.auth - INFO - Validating token for /me endpoint
2026-02-05 16:16:32 - routers.auth - INFO - Looking up user with email: admin@idealtransport.com
2026-02-05 16:16:33 - routers.auth - INFO - User authenticated successfully: admin@idealtransport.com
2026-02-05 16:16:33 - routers.auth - INFO - Validating token for /me endpoint
2026-02-05 16:16:33 - routers.auth - INFO - Looking up user with email: admin@idealtransport.com
2026-02-05 16:16:33 - routers.auth - INFO - User authenticated successfully: admin@idealtransport.com
2026-02-05 16:16:33 - routers.auth - INFO - Validating token for /me endpoint
2026-02-05 16:16:33 - routers.auth - INFO - Looking up user with email: admin@idealtransport.com
2026-02-05 16:16:34 - routers.auth - INFO - User authenticated successfully: admin@idealtransport.com
2026-02-05 16:16:34 - routers.auth - INFO - Validating token for /me endpoint
2026-02-05 16:16:34 - routers.auth - INFO - Looking up user with email: admin@idealtransport.com
2026-02-05 16:16:34 - routers.auth - INFO - User authenticated successfully: admin@idealtransport.com
2026-02-05 16:16:34 - routers.auth - INFO - Validating token for /me endpoint
2026-02-05 16:16:34 - routers.auth - INFO - Looking up user with email: admin@idealtransport.com
2026-02-05 16:16:35 - routers.auth - INFO - User authenticated successfully: admin@idealtransport.com
2026-02-05 16:16:35 - routers.auth - INFO - Validating token for /me endpoint
2026-02-05 16:16:35 - routers.auth - INFO - Looking up user with email: admin@idealtransport.com
2026-02-05 16:16:35 - routers.auth - INFO - User authenticated successfully: admin@idealtransport.com
2026-02-05 16:38:43 - routers.auth - INFO - Login attempt for user: admin@idealtransport.com
2026-02-05 16:38:43 - routers.auth - INFO - Authenticating user: admin@idealtransport.com
2026-02-05 16:38:43 - routers.auth - INFO - Looking up user with email: admin@idealtransport.com
2026-02-05 16:38:44 - routers.auth - INFO - User found: admin@idealtransport.com
2026-02-05 16:38:44 - routers.auth - INFO - Authentication successful: admin@idealtransport.com
2026-02-05 16:38:44 - routers.auth - INFO - Login successful: admin@idealtransport.com
2026-02-05 16:38:44 - routers.auth - INFO - Validating token for /me endpoint
2026-02-05 16:38:44 - routers.auth - INFO - Looking up user with email: admin@idealtransport.com
2026-02-05 16:38:45 - routers.auth - INFO - User authenticated successfully: admin@idealtransport.com
2026-02-05 16:38:45 - routers.auth - INFO - Validating token for /me endpoint
2026-02-05 16:38:45 - routers.auth - INFO - Looking up user with email: admin@idealtransport.com
2026-02-05 16:38:45 - routers.auth - INFO - User authenticated successfully: admin@idealtransport.com
2026-02-05 16:38:45 - routers.auth - INFO - Validating token for /me endpoint
2026-02-05 16:38:45 - routers.auth - INFO - Looking up user with email: admin@idealtransport.com
2026-02-05 16:38:46 - routers.auth - INFO - User authenticated successfully: admin@idealtransport.com
2026-02-05 16:38:46 - routers.auth - INFO - Validating token for /me endpoint
2026-02-05 16:38:46 - routers.auth - INFO - Looking up user with email: admin@idealtransport.com
2026-02-05 16:38:46 - routers.auth - INFO - User authenticated successfully: admin@idealtransport.com
2026-02-05 16:38:46 - routers.auth - INFO - Validating token for /me endpoint
2026-02-05 16:38:46 - routers.auth - INFO - Looking up user with email: admin@idealtransport.com
2026-02-05 16:38:47 - routers.auth - INFO - User authenticated successfully: admin@idealtransport.com
2026-02-05 16:38:47 - routers.auth - INFO - Validating token for /me endpoint
2026-02-05 16:38:47 - routers.auth - INFO - Looking up user with email: admin@idealtransport.com
2026-02-05 16:38:47 - routers.auth - INFO - User authenticated successfully: admin@idealtransport.com
2026-02-05 16:38:47 - routers.auth - INFO - Validating token for /me endpoint
2026-02-05 16:38:47 - routers.auth - INFO - Looking up user with email: admin@idealtransport.com
2026-02-05 16:38:48 - routers.auth - INFO - User authenticated successfully: admin@idealtransport.com
2026-02-05 16:38:48 - routers.auth - INFO - Validating token for /me endpoint
2026-02-05 16:38:48 - routers.auth - INFO - Looking up user with email: admin@idealtransport.com
2026-02-05 16:38:48 - routers.auth - INFO - User authenticated successfully: admin@idealtransport.com
2026-02-05 16:38:48 - routers.auth - INFO - Validating token for /me endpoint
2026-02-05 16:38:48 - routers.auth - INFO - Looking up user with email: admin@idealtransport.com
2026-02-05 16:38:49 - routers.auth - INFO - User authenticated successfully: admin@idealtransport.com
2026-02-05 16:39:02 - routers.auth - INFO - Validating token for /me endpoint
2026-02-05 16:39:02 - routers.auth - INFO - Looking up user with email: admin@idealtransport.com
2026-02-05 16:39:03 - routers.auth - INFO - User authenticated successfully: admin@idealtransport.com
2026-02-05 16:39:03 - routers.auth - INFO - Validating token for /me endpoint
2026-02-05 16:39:03 - routers.auth - INFO - Looking up user with email: admin@idealtransport.com
2026-02-05 16:39:03 - routers.auth - INFO - User authenticated successfully: admin@idealtransport.com
2026-02-05 16:39:03 - routers.auth - INFO - Validating token for /me endpoint
2026-02-05 16:39:03 - routers.auth - INFO - Looking up user with email: admin@idealtransport.com
2026-02-05 16:39:04 - routers.auth - INFO - User authenticated successfully: admin@idealtransport.com
2026-02-05 16:39:04 - routers.auth - INFO - Validating token for /me endpoint
2026-02-05 16:39:04 - routers.auth - INFO - Looking up user with email: admin@idealtransport.com
2026-02-05 16:39:04 - routers.auth - INFO - User authenticated successfully: admin@idealtransport.com
2026-02-05 16:39:04 - routers.auth - INFO - Validating token for /me endpoint
2026-02-05 16:39:04 - routers.auth - INFO - Looking up user with email: admin@idealtransport.com
2026-02-05 16:39:05 - routers.auth - INFO - User authenticated successfully: admin@idealtransport.com
2026-02-05 16:39:05 - routers.auth - INFO - Validating token for /me endpoint
2026-02-05 16:39:05 - routers.auth - INFO - Looking up user with email: admin@idealtransport.com
2026-02-05 16:39:06 - routers.auth - INFO - User authenticated successfully: admin@idealtransport.com
2026-02-05 16:39:06 - routers.auth - INFO - Validating token for /me endpoint
2026-02-05 16:39:06 - routers.auth - INFO - Looking up user with email: admin@idealtransport.com
2026-02-05 16:39:07 - routers.auth - INFO - User authenticated successfully: admin@idealtransport.com
2026-02-05 16:39:07 - routers.auth - INFO - Validating token for /me endpoint
2026-02-05 16:39:07 - routers.auth - INFO - Looking up user with email: admin@idealtransport.com
2026-02-05 16:39:07 - routers.auth - INFO - User authenticated successfully: admin@idealtransport.com
2026-02-05 16:39:07 - routers.auth - INFO - Validating token for /me endpoint
2026-02-05 16:39:07 - routers.auth - INFO - Looking up user with email: admin@idealtransport.com
2026-02-05 16:39:08 - routers.auth - INFO - User authenticated successfully: admin@idealtransport.com
2026-02-05 16:39:27 - routers.auth - INFO - Validating token for /me endpoint
2026-02-05 16:39:27 - routers.auth - INFO - Looking up user with email: admin@idealtransport.com
2026-02-05 16:39:27 - routers.auth - INFO - User authenticated successfully: admin@idealtransport.com
2026-02-05 16:39:27 - routers.auth - INFO - Validating token for /me endpoint
2026-02-05 16:39:27 - routers.auth - INFO - Looking up user with email: admin@idealtransport.com
2026-02-05 16:39:28 - routers.auth - INFO - User authenticated successfully: admin@idealtransport.com
2026-02-05 16:42:14 - routers.auth - INFO - Validating token for /me endpoint
2026-02-05 16:42:15 - routers.auth - INFO - Looking up user with email: admin@idealtransport.com
2026-02-05 16:42:15 - routers.auth - INFO - User authenticated successfully: admin@idealtransport.com
2026-02-05 16:42:15 - routers.auth - INFO - Validating token for /me endpoint
2026-02-05 16:42:15 - routers.auth - INFO - Looking up user with email: admin@idealtransport.com
2026-02-05 16:42:16 - routers.auth - INFO - User authenticated successfully: admin@idealtransport.com
2026-02-05 16:42:16 - routers.auth - INFO - Validating token for /me endpoint
2026-02-05 16:42:16 - routers.auth - INFO - Looking up user with email: admin@idealtransport.com
2026-02-05 16:42:16 - routers.auth - INFO - User authenticated successfully: admin@idealtransport.com
2026-02-05 16:42:16 - routers.auth - INFO - User admin@idealtransport.com fetching drivers list
2026-02-05 16:43:03 - routers.auth - INFO - Validating token for /me endpoint
2026-02-05 16:43:03 - routers.auth - INFO - Looking up user with email: admin@idealtransport.com
2026-02-05 16:43:04 - routers.auth - INFO - User authenticated successfully: admin@idealtransport.com
2026-02-05 16:43:04 - routers.auth - INFO - Validating token for /me endpoint
2026-02-05 16:43:04 - routers.auth - INFO - Looking up user with email: admin@idealtransport.com
2026-02-05 16:43:04 - routers.auth - INFO - User authenticated successfully: admin@idealtransport.com
2026-02-05 16:43:04 - routers.auth - INFO - User admin@idealtransport.com fetching drivers list
2026-02-05 16:43:25 - routers.auth - INFO - Validating token for /me endpoint
2026-02-05 16:43:25 - routers.auth - INFO - Looking up user with email: admin@idealtransport.com
2026-02-05 16:43:25 - routers.auth - INFO - User authenticated successfully: admin@idealtransport.com
2026-02-05 16:43:32 - routers.auth - INFO - Validating token for /me endpoint
2026-02-05 16:43:32 - routers.auth - INFO - Looking up user with email: admin@idealtransport.com
2026-02-05 16:43:33 - routers.auth - INFO - User authenticated successfully: admin@idealtransport.com
2026-02-05 16:43:33 - routers.auth - INFO - Validating token for /me endpoint
2026-02-05 16:43:33 - routers.auth - INFO - Looking up user with email: admin@idealtransport.com
2026-02-05 16:43:33 - routers.auth - INFO - User authenticated successfully: admin@idealtransport.com
2026-02-05 16:43:33 - routers.auth - INFO - User admin@idealtransport.com fetching drivers list
2026-02-05 16:46:24 - routers.auth - INFO - Validating token for /me endpoint
2026-02-05 16:46:24 - routers.auth - INFO - Looking up user with email: admin@idealtransport.com
2026-02-05 16:46:25 - routers.auth - INFO - User authenticated successfully: admin@idealtransport.com
2026-02-05 16:46:25 - routers.auth - INFO - Validating token for /me endpoint
2026-02-05 16:46:25 - routers.auth - INFO - Looking up user with email: admin@idealtransport.com
2026-02-05 16:46:25 - routers.auth - INFO - User authenticated successfully: admin@idealtransport.com
2026-02-05 16:46:26 - routers.auth - INFO - Validating token for /me endpoint
2026-02-05 16:46:26 - routers.auth - INFO - Looking up user with email: admin@idealtransport.com
2026-02-05 16:46:27 - routers.auth - INFO - User authenticated successfully: admin@idealtransport.com
2026-02-05 16:47:13 - routers.auth - INFO - Validating token for /me endpoint
2026-02-05 16:47:13 - routers.auth - INFO - Looking up user with email: admin@idealtransport.com
2026-02-05 16:47:14 - routers.auth - INFO - User authenticated successfully: admin@idealtransport.com
2026-02-05 16:47:14 - routers.auth - INFO - Validating token for /me endpoint
2026-02-05 16:47:14 - routers.auth - INFO - Looking up user with email: admin@idealtransport.com
2026-02-05 16:47:14 - routers.auth - INFO - User authenticated successfully: admin@idealtransport.com
2026-02-05 17:04:22 - routers.auth - INFO - Login attempt for user: admin@idealtransport.com
2026-02-05 17:04:22 - routers.auth - INFO - Authenticating user: admin@idealtransport.com
2026-02-05 17:04:22 - routers.auth - INFO - Looking up user with email: admin@idealtransport.com
2026-02-05 17:04:23 - routers.auth - INFO - User found: admin@idealtransport.com
2026-02-05 17:04:23 - routers.auth - INFO - Authentication successful: admin@idealtransport.com
2026-02-05 17:04:23 - routers.auth - INFO - Login successful: admin@idealtransport.com
2026-02-05 17:04:26 - routers.auth - INFO - Validating token for /me endpoint
2026-02-05 17:04:26 - routers.auth - INFO - Looking up user with email: admin@idealtransport.com
2026-02-05 17:04:26 - routers.auth - INFO - User authenticated successfully: admin@idealtransport.com
2026-02-05 17:04:26 - routers.auth - INFO - Validating token for /me endpoint
2026-02-05 17:04:26 - routers.auth - INFO - Looking up user with email: admin@idealtransport.com
2026-02-05 17:04:27 - routers.auth - INFO - User authenticated successfully: admin@idealtransport.com
2026-02-05 17:04:27 - routers.auth - INFO - Validating token for /me endpoint
2026-02-05 17:04:27 - routers.auth - INFO - Looking up user with email: admin@idealtransport.com
2026-02-05 17:04:27 - routers.auth - INFO - User authenticated successfully: admin@idealtransport.com
2026-02-05 17:04:27 - routers.auth - INFO - Validating token for /me endpoint
2026-02-05 17:04:27 - routers.auth - INFO - Looking up user with email: admin@idealtransport.com
2026-02-05 17:04:28 - routers.auth - INFO - User authenticated successfully: admin@idealtransport.com
2026-02-05 17:04:28 - routers.auth - INFO - Validating token for /me endpoint
2026-02-05 17:04:28 - routers.auth - INFO - Looking up user with email: admin@idealtransport.com
2026-02-05 17:04:28 - routers.auth - INFO - User authenticated successfully: admin@idealtransport.com
2026-02-05 17:04:28 - routers.auth - INFO - Validating token for /me endpoint
2026-02-05 17:04:28 - routers.auth - INFO - Looking up user with email: admin@idealtransport.com
2026-02-05 17:04:29 - routers.auth - INFO - User authenticated successfully: admin@idealtransport.com
2026-02-05 17:04:29 - routers.auth - INFO - Validating token for /me endpoint
2026-02-05 17:04:29 - routers.auth - INFO - Looking up user with email: admin@idealtransport.com
2026-02-05 17:04:29 - routers.auth - INFO - User authenticated successfully: admin@idealtransport.com
2026-02-05 17:04:29 - routers.auth - INFO - Validating token for /me endpoint
2026-02-05 17:04:29 - routers.auth - INFO - Looking up user with email: admin@idealtransport.com
2026-02-05 17:04:30 - routers.auth - INFO - User authenticated successfully: admin@idealtransport.com
2026-02-05 17:04:30 - routers.auth - INFO - Validating token for /me endpoint
2026-02-05 17:04:30 - routers.auth - INFO - Looking up user with email: admin@idealtransport.com
2026-02-05 17:04:30 - routers.auth - INFO - User authenticated successfully: admin@idealtransport.com
2026-02-05 17:04:45 - routers.auth - INFO - Validating token for /me endpoint
2026-02-05 17:04:45 - routers.auth - INFO - Looking up user with email: admin@idealtransport.com
2026-02-05 17:04:45 - routers.auth - INFO - User authenticated successfully: admin@idealtransport.com
2026-02-05 17:04:45 - routers.auth - INFO - Validating token for /me endpoint
2026-02-05 17:04:45 - routers.auth - INFO - Looking up user with email: admin@idealtransport.com
2026-02-05 17:04:46 - routers.auth - INFO - User authenticated successfully: admin@idealtransport.com
2026-02-05 17:04:46 - routers.auth - INFO - Validating token for /me endpoint
2026-02-05 17:04:46 - routers.auth - INFO - Looking up user with email: admin@idealtransport.com
2026-02-05 17:04:46 - routers.auth - INFO - User authenticated successfully: admin@idealtransport.com
2026-02-05 17:04:46 - routers.auth - INFO - Validating token for /me endpoint
2026-02-05 17:04:46 - routers.auth - INFO - Looking up user with email: admin@idealtransport.com
2026-02-05 17:04:47 - routers.auth - INFO - User authenticated successfully: admin@idealtransport.com
2026-02-05 17:04:47 - routers.auth - INFO - Validating token for /me endpoint
2026-02-05 17:04:47 - routers.auth - INFO - Looking up user with email: admin@idealtransport.com
2026-02-05 17:04:47 - routers.auth - INFO - User authenticated successfully: admin@idealtransport.com
2026-02-05 17:04:47 - routers.auth - INFO - Validating token for /me endpoint
2026-02-05 17:04:47 - routers.auth - INFO - Looking up user with email: admin@idealtransport.com
2026-02-05 17:04:49 - routers.auth - INFO - User authenticated successfully: admin@idealtransport.com
2026-02-05 17:04:49 - routers.auth - INFO - Validating token for /me endpoint
2026-02-05 17:04:49 - routers.auth - INFO - Looking up user with email: admin@idealtransport.com
2026-02-05 17:04:50 - routers.auth - INFO - User authenticated successfully: admin@idealtransport.com
2026-02-05 17:04:50 - routers.auth - INFO - Validating token for /me endpoint
2026-02-05 17:04:50 - routers.auth - INFO - Looking up user with email: admin@idealtransport.com
2026-02-05 17:04:50 - routers.auth - INFO - User authenticated successfully: admin@idealtransport.com
2026-02-05 17:04:50 - routers.auth - INFO - Validating token for /me endpoint
2026-02-05 17:04:50 - routers.auth - INFO - Looking up user with email: admin@idealtransport.com
2026-02-05 17:04:51 - routers.auth - INFO - User authenticated successfully: admin@idealtransport.com
2026-02-05 17:05:05 - routers.auth - INFO - Validating token for /me endpoint
2026-02-05 17:05:05 - routers.auth - INFO - Looking up user with email: admin@idealtransport.com
2026-02-05 17:05:06 - routers.auth - INFO - User authenticated successfully: admin@idealtransport.com
2026-02-05 17:05:06 - routers.auth - INFO - Validating token for /me endpoint
2026-02-05 17:05:06 - routers.auth - INFO - Looking up user with email: admin@idealtransport.com
2026-02-05 17:05:06 - routers.auth - INFO - User authenticated successfully: admin@idealtransport.com
2026-02-05 17:05:07 - routers.auth - INFO - Validating token for /me endpoint
2026-02-05 17:05:07 - routers.auth - INFO - Looking up user with email: admin@idealtransport.com
2026-02-05 17:05:07 - routers.auth - INFO - User authenticated successfully: admin@idealtransport.com
2026-02-05 17:05:07 - routers.auth - INFO - User admin@idealtransport.com fetching drivers list
2026-02-05 17:05:56 - routers.auth - INFO - Validating token for /me endpoint
2026-02-05 17:05:56 - routers.auth - INFO - Looking up user with email: admin@idealtransport.com
2026-02-05 17:05:57 - routers.auth - INFO - User authenticated successfully: admin@idealtransport.com
2026-02-05 17:05:57 - routers.auth - INFO - Validating token for /me endpoint
2026-02-05 17:05:57 - routers.auth - INFO - Looking up user with email: admin@idealtransport.com
2026-02-05 17:05:57 - routers.auth - INFO - User authenticated successfully: admin@idealtransport.com
2026-02-05 17:06:01 - routers.auth - INFO - Validating token for /me endpoint
2026-02-05 17:06:01 - routers.auth - INFO - Looking up user with email: admin@idealtransport.com
2026-02-05 17:06:02 - routers.auth - INFO - User authenticated successfully: admin@idealtransport.com
2026-02-05 17:06:02 - routers.auth - INFO - Validating token for /me endpoint
2026-02-05 17:06:02 - routers.auth - INFO - Looking up user with email: admin@idealtransport.com
2026-02-05 17:06:02 - routers.auth - INFO - User authenticated successfully: admin@idealtransport.com
2026-02-05 17:06:02 - routers.auth - INFO - Validating token for /me endpoint
2026-02-05 17:06:02 - routers.auth - INFO - Looking up user with email: admin@idealtransport.com
2026-02-05 17:06:03 - routers.auth - INFO - User authenticated successfully: admin@idealtransport.com
2026-02-05 17:06:03 - routers.auth - INFO - User admin@idealtransport.com fetching drivers list
2026-02-05 17:12:57 - routers.auth - INFO - Validating token for /me endpoint
2026-02-05 17:12:57 - routers.auth - INFO - Looking up user with email: admin@idealtransport.com
2026-02-05 17:12:58 - routers.auth - INFO - User authenticated successfully: admin@idealtransport.com
2026-02-05 17:12:58 - routers.auth - INFO - Validating token for /me endpoint
2026-02-05 17:12:58 - routers.auth - INFO - Looking up user with email: admin@idealtransport.com
2026-02-05 17:12:58 - routers.auth - INFO - User authenticated successfully: admin@idealtransport.com
2026-02-05 17:26:50 - routers.auth - INFO - Validating token for /me endpoint
2026-02-05 17:26:50 - routers.auth - INFO - Looking up user with email: admin@idealtransport.com
2026-02-05 17:26:50 - routers.auth - INFO - User authenticated successfully: admin@idealtransport.com
2026-02-05 17:33:37 - routers.auth - INFO - Validating token for /me endpoint
2026-02-05 17:33:37 - routers.auth - INFO - Looking up user with email: admin@idealtransport.com
2026-02-05 17:33:38 - routers.auth - INFO - User authenticated successfully: admin@idealtransport.com
2026-02-05 17:33:38 - routers.auth - INFO - Validating token for /me endpoint
2026-02-05 17:33:38 - routers.auth - INFO - Looking up user with email: admin@idealtransport.com
2026-02-05 17:33:38 - routers.auth - INFO - User authenticated successfully: admin@idealtransport.com
2026-02-05 17:33:38 - routers.auth - INFO - Validating token for /me endpoint
2026-02-05 17:33:38 - routers.auth - INFO - Looking up user with email: admin@idealtransport.com
2026-02-05 17:33:39 - routers.auth - INFO - User authenticated successfully: admin@idealtransport.com
2026-02-05 17:33:39 - routers.auth - INFO - Validating token for /me endpoint
2026-02-05 17:33:39 - routers.auth - INFO - Looking up user with email: admin@idealtransport.com
2026-02-05 17:33:39 - routers.auth - INFO - User authenticated successfully: admin@idealtransport.com
2026-02-05 17:33:39 - routers.auth - INFO - Validating token for /me endpoint
2026-02-05 17:33:39 - routers.auth - INFO - Looking up user with email: admin@idealtransport.com
2026-02-05 17:33:40 - routers.auth - INFO - User authenticated successfully: admin@idealtransport.com
2026-02-05 17:33:40 - routers.auth - INFO - Validating token for /me endpoint
2026-02-05 17:33:40 - routers.auth - INFO - Looking up user with email: admin@idealtransport.com
2026-02-05 17:33:41 - routers.auth - INFO - User authenticated successfully: admin@idealtransport.com
2026-02-05 17:33:42 - routers.auth - INFO - Validating token for /me endpoint
2026-02-05 17:33:42 - routers.auth - INFO - Looking up user with email: admin@idealtransport.com
2026-02-05 17:33:42 - routers.auth - INFO - User authenticated successfully: admin@idealtransport.com
2026-02-05 17:33:42 - routers.auth - INFO - Validating token for /me endpoint
2026-02-05 17:33:42 - routers.auth - INFO - Looking up user with email: admin@idealtransport.com
2026-02-05 17:33:43 - routers.auth - INFO - User authenticated successfully: admin@idealtransport.com
2026-02-05 17:33:43 - routers.auth - INFO - Validating token for /me endpoint
2026-02-05 17:33:43 - routers.auth - INFO - Looking up user with email: admin@idealtransport.com
2026-02-05 17:33:43 - routers.auth - INFO - User authenticated successfully: admin@idealtransport.com
2026-02-05 17:33:43 - routers.auth - INFO - Validating token for /me endpoint
2026-02-05 17:33:43 - routers.auth - INFO - Looking up user with email: admin@idealtransport.com
2026-02-05 17:33:44 - routers.auth - INFO - User authenticated successfully: admin@idealtransport.com
2026-02-05 17:33:53 - routers.auth - INFO - Validating token for /me endpoint
2026-02-05 17:33:53 - routers.auth - INFO - Looking up user with email: admin@idealtransport.com
2026-02-05 17:33:54 - routers.auth - INFO - User authenticated successfully: admin@idealtransport.com
2026-02-05 17:33:54 - routers.auth - INFO - Validating token for /me endpoint
2026-02-05 17:33:54 - routers.auth - INFO - Looking up user with email: admin@idealtransport.com
2026-02-05 17:33:54 - routers.auth - INFO - User authenticated successfully: admin@idealtransport.com
2026-02-05 17:33:54 - routers.auth - INFO - Validating token for /me endpoint
2026-02-05 17:33:54 - routers.auth - INFO - Looking up user with email: admin@idealtransport.com
2026-02-05 17:33:55 - routers.auth - INFO - User authenticated successfully: admin@idealtransport.com
2026-02-05 17:33:55 - routers.auth - INFO - Validating token for /me endpoint
2026-02-05 17:33:55 - routers.auth - INFO - Looking up user with email: admin@idealtransport.com
2026-02-05 17:33:55 - routers.auth - INFO - User authenticated successfully: admin@idealtransport.com
2026-02-05 17:33:55 - routers.auth - INFO - Validating token for /me endpoint
2026-02-05 17:33:55 - routers.auth - INFO - Looking up user with email: admin@idealtransport.com
2026-02-05 17:33:56 - routers.auth - INFO - User authenticated successfully: admin@idealtransport.com
2026-02-05 17:33:56 - routers.auth - INFO - Validating token for /me endpoint
2026-02-05 17:33:56 - routers.auth - INFO - Looking up user with email: admin@idealtransport.com
2026-02-05 17:33:57 - routers.auth - INFO - User authenticated successfully: admin@idealtransport.com
2026-02-05 17:33:57 - routers.auth - INFO - Validating token for /me endpoint
2026-02-05 17:33:57 - routers.auth - INFO - Looking up user with email: admin@idealtransport.com
2026-02-05 17:33:58 - routers.auth - INFO - User authenticated successfully: admin@idealtransport.com
2026-02-05 17:33:58 - routers.auth - INFO - Validating token for /me endpoint
2026-02-05 17:33:58 - routers.auth - INFO - Looking up user with email: admin@idealtransport.com
2026-02-05 17:33:58 - routers.auth - INFO - User authenticated successfully: admin@idealtransport.com
2026-02-05 17:33:58 - routers.auth - INFO - Validating token for /me endpoint
2026-02-05 17:33:58 - routers.auth - INFO - Looking up user with email: admin@idealtransport.com
2026-02-05 17:33:59 - routers.auth - INFO - User authenticated successfully: admin@idealtransport.com
2026-02-05 17:33:59 - routers.auth - INFO - Validating token for /me endpoint
2026-02-05 17:33:59 - routers.auth - INFO - Looking up user with email: admin@idealtransport.com
2026-02-05 17:33:59 - routers.auth - INFO - User authenticated successfully: admin@idealtransport.com
2026-02-05 17:36:45 - routers.auth - INFO - Validating token for /me endpoint
2026-02-05 17:41:24 - routers.auth - INFO - Login attempt for user: admin@idealtransport.com
2026-02-05 17:41:24 - routers.auth - INFO - Authenticating user: admin@idealtransport.com
2026-02-05 17:41:24 - routers.auth - INFO - Looking up user with email: admin@idealtransport.com
2026-02-05 17:41:25 - routers.auth - INFO - User found: admin@idealtransport.com
2026-02-05 17:41:25 - routers.auth - INFO - Authentication successful: admin@idealtransport.com
2026-02-05 17:41:25 - routers.auth - INFO - Login successful: admin@idealtransport.com
2026-02-05 17:41:27 - routers.auth - INFO - Validating token for /me endpoint
2026-02-05 17:41:27 - routers.auth - INFO - Looking up user with email: admin@idealtransport.com
2026-02-05 17:41:28 - routers.auth - INFO - User authenticated successfully: admin@idealtransport.com
2026-02-05 17:41:28 - routers.auth - INFO - Validating token for /me endpoint
2026-02-05 17:41:28 - routers.auth - INFO - Looking up user with email: admin@idealtransport.com
2026-02-05 17:41:29 - routers.auth - INFO - User authenticated successfully: admin@idealtransport.com
2026-02-05 17:41:29 - routers.auth - INFO - Validating token for /me endpoint
2026-02-05 17:41:29 - routers.auth - INFO - Looking up user with email: admin@idealtransport.com
2026-02-05 17:41:29 - routers.auth - INFO - User authenticated successfully: admin@idealtransport.com
2026-02-05 17:41:29 - routers.auth - INFO - Validating token for /me endpoint
2026-02-05 17:41:29 - routers.auth - INFO - Looking up user with email: admin@idealtransport.com
2026-02-05 17:41:30 - routers.auth - INFO - User authenticated successfully: admin@idealtransport.com
2026-02-05 17:41:30 - routers.auth - INFO - Validating token for /me endpoint
2026-02-05 17:41:30 - routers.auth - INFO - Looking up user with email: admin@idealtransport.com
2026-02-05 17:41:30 - routers.auth - INFO - User authenticated successfully: admin@idealtransport.com
2026-02-05 17:41:30 - routers.auth - INFO - Validating token for /me endpoint
2026-02-05 17:41:30 - routers.auth - INFO - Looking up user with email: admin@idealtransport.com
2026-02-05 17:41:31 - routers.auth - INFO - User authenticated successfully: admin@idealtransport.com
2026-02-05 17:41:31 - routers.auth - INFO - Validating token for /me endpoint
2026-02-05 17:41:31 - routers.auth - INFO - Looking up user with email: admin@idealtransport.com
2026-02-05 17:41:31 - routers.auth - INFO - User authenticated successfully: admin@idealtransport.com
2026-02-05 17:41:31 - routers.auth - INFO - Validating token for /me endpoint
2026-02-05 17:41:31 - routers.auth - INFO - Looking up user with email: admin@idealtransport.com
2026-02-05 17:41:32 - routers.auth - INFO - User authenticated successfully: admin@idealtransport.com
2026-02-05 17:41:32 - routers.auth - INFO - Validating token for /me endpoint
2026-02-05 17:41:32 - routers.auth - INFO - Looking up user with email: admin@idealtransport.com
2026-02-05 17:41:32 - routers.auth - INFO - User authenticated successfully: admin@idealtransport.com
2026-02-05 17:42:26 - routers.auth - INFO - Validating token for /me endpoint
2026-02-05 17:42:26 - routers.auth - INFO - Looking up user with email: admin@idealtransport.com
2026-02-05 17:42:26 - routers.auth - INFO - User authenticated successfully: admin@idealtransport.com
2026-02-05 17:42:26 - routers.auth - INFO - Validating token for /me endpoint
2026-02-05 17:42:26 - routers.auth - INFO - Looking up user with email: admin@idealtransport.com
2026-02-05 17:42:27 - routers.auth - INFO - User authenticated successfully: admin@idealtransport.com
2026-02-05 17:42:27 - routers.auth - INFO - Validating token for /me endpoint
2026-02-05 17:42:27 - routers.auth - INFO - Looking up user with email: admin@idealtransport.com
2026-02-05 17:42:27 - routers.auth - INFO - User authenticated successfully: admin@idealtransport.com
2026-02-05 17:42:27 - routers.auth - INFO - Validating token for /me endpoint
2026-02-05 17:42:27 - routers.auth - INFO - Looking up user with email: admin@idealtransport.com
2026-02-05 17:42:28 - routers.auth - INFO - User authenticated successfully: admin@idealtransport.com
2026-02-05 17:42:28 - routers.auth - INFO - Validating token for /me endpoint
2026-02-05 17:42:28 - routers.auth - INFO - Looking up user with email: admin@idealtransport.com
2026-02-05 17:42:28 - routers.auth - INFO - User authenticated successfully: admin@idealtransport.com
2026-02-05 17:42:28 - routers.auth - INFO - Validating token for /me endpoint
2026-02-05 17:42:28 - routers.auth - INFO - Looking up user with email: admin@idealtransport.com
2026-02-05 17:42:29 - routers.auth - INFO - User authenticated successfully: admin@idealtransport.com
2026-02-05 17:42:29 - routers.auth - INFO - Validating token for /me endpoint
2026-02-05 17:42:29 - routers.auth - INFO - Looking up user with email: admin@idealtransport.com
2026-02-05 17:42:29 - routers.auth - INFO - User authenticated successfully: admin@idealtransport.com
2026-02-05 17:42:29 - routers.auth - INFO - Validating token for /me endpoint
2026-02-05 17:42:29 - routers.auth - INFO - Looking up user with email: admin@idealtransport.com
2026-02-05 17:42:30 - routers.auth - INFO - User authenticated successfully: admin@idealtransport.com
2026-02-05 17:42:30 - routers.auth - INFO - Validating token for /me endpoint
2026-02-05 17:42:30 - routers.auth - INFO - Looking up user with email: admin@idealtransport.com
2026-02-05 17:42:30 - routers.auth - INFO - User authenticated successfully: admin@idealtransport.com
2026-02-05 17:42:42 - routers.auth - INFO - Validating token for /me endpoint
2026-02-05 17:42:42 - routers.auth - INFO - Looking up user with email: admin@idealtransport.com
2026-02-05 17:42:43 - routers.auth - INFO - User authenticated successfully: admin@idealtransport.com
2026-02-05 17:42:43 - routers.auth - INFO - Validating token for /me endpoint
2026-02-05 17:42:43 - routers.auth - INFO - Looking up user with email: admin@idealtransport.com
2026-02-05 17:42:43 - routers.auth - INFO - User authenticated successfully: admin@idealtransport.com
2026-02-05 17:43:20 - routers.auth - INFO - Validating token for /me endpoint
2026-02-05 17:43:20 - routers.auth - INFO - Looking up user with email: admin@idealtransport.com
2026-02-05 17:43:20 - routers.auth - INFO - User authenticated successfully: admin@idealtransport.com
2026-02-05 17:43:20 - routers.auth - INFO - Validating token for /me endpoint
2026-02-05 17:43:20 - routers.auth - INFO - Looking up user with email: admin@idealtransport.com
2026-02-05 17:43:21 - routers.auth - INFO - User authenticated successfully: admin@idealtransport.com
2026-02-05 17:46:29 - routers.auth - INFO - Validating token for /me endpoint
2026-02-05 17:46:29 - routers.auth - INFO - Looking up user with email: admin@idealtransport.com
2026-02-05 17:46:30 - routers.auth - INFO - User authenticated successfully: admin@idealtransport.com
2026-02-05 17:46:31 - routers.auth - INFO - Admin admin@idealtransport.com fetching all users
2026-02-05 17:46:36 - routers.auth - INFO - Validating token for /me endpoint
2026-02-05 17:46:36 - routers.auth - INFO - Looking up user with email: admin@idealtransport.com
2026-02-05 17:46:37 - routers.auth - INFO - User authenticated successfully: admin@idealtransport.com
2026-02-05 17:46:44 - routers.auth - INFO - Validating token for /me endpoint
2026-02-05 17:46:44 - routers.auth - INFO - Looking up user with email: admin@idealtransport.com
2026-02-05 17:46:45 - routers.auth - INFO - User authenticated successfully: admin@idealtransport.com
2026-02-05 17:46:45 - routers.auth - INFO - Validating token for /me endpoint
2026-02-05 17:46:45 - routers.auth - INFO - Looking up user with email: admin@idealtransport.com
2026-02-05 17:46:45 - routers.auth - INFO - User authenticated successfully: admin@idealtransport.com
2026-02-05 17:46:45 - routers.auth - INFO - Validating token for /me endpoint
2026-02-05 17:46:45 - routers.auth - INFO - Looking up user with email: admin@idealtransport.com
2026-02-05 17:46:46 - routers.auth - INFO - User authenticated successfully: admin@idealtransport.com
2026-02-05 17:46:46 - routers.auth - INFO - Validating token for /me endpoint
2026-02-05 17:46:46 - routers.auth - INFO - Looking up user with email: admin@idealtransport.com
2026-02-05 17:46:46 - routers.auth - INFO - User authenticated successfully: admin@idealtransport.com
2026-02-05 17:46:46 - routers.auth - INFO - Validating token for /me endpoint
2026-02-05 17:46:46 - routers.auth - INFO - Looking up user with email: admin@idealtransport.com
2026-02-05 17:46:46 - routers.auth - INFO - User authenticated successfully: admin@idealtransport.com
2026-02-05 17:46:46 - routers.auth - INFO - Validating token for /me endpoint
2026-02-05 17:46:46 - routers.auth - INFO - Looking up user with email: admin@idealtransport.com
2026-02-05 17:46:47 - routers.auth - INFO - User authenticated successfully: admin@idealtransport.com
2026-02-05 17:46:47 - routers.auth - INFO - Validating token for /me endpoint
2026-02-05 17:46:47 - routers.auth - INFO - Looking up user with email: admin@idealtransport.com
2026-02-05 17:46:48 - routers.auth - INFO - User authenticated successfully: admin@idealtransport.com
2026-02-05 17:46:48 - routers.auth - INFO - Validating token for /me endpoint
2026-02-05 17:46:48 - routers.auth - INFO - Looking up user with email: admin@idealtransport.com
2026-02-05 17:46:48 - routers.auth - INFO - User authenticated successfully: admin@idealtransport.com
2026-02-05 17:48:21 - routers.auth - INFO - Login attempt for user: anish@idealtransport.com
2026-02-05 17:48:21 - routers.auth - INFO - Authenticating user: anish@idealtransport.com
2026-02-05 17:48:21 - routers.auth - INFO - Looking up user with email: anish@idealtransport.com
2026-02-05 17:48:22 - routers.auth - INFO - User found: anish@idealtransport.com
2026-02-05 17:48:22 - routers.auth - INFO - Authentication successful: anish@idealtransport.com
2026-02-05 17:48:22 - routers.auth - INFO - Login successful: anish@idealtransport.com
2026-02-05 17:48:22 - routers.auth - INFO - Validating token for /me endpoint
2026-02-05 17:48:22 - routers.auth - INFO - Looking up user with email: anish@idealtransport.com
2026-02-05 17:48:23 - routers.auth - INFO - User authenticated successfully: anish@idealtransport.com
2026-02-05 17:48:23 - routers.auth - INFO - Validating token for /me endpoint
2026-02-05 17:48:23 - routers.auth - INFO - Looking up user with email: anish@idealtransport.com
2026-02-05 17:48:24 - routers.auth - INFO - User authenticated successfully: anish@idealtransport.com
2026-02-05 17:48:24 - routers.auth - INFO - Validating token for /me endpoint
2026-02-05 17:48:24 - routers.auth - INFO - Looking up user with email: anish@idealtransport.com
2026-02-05 17:48:24 - routers.auth - INFO - User authenticated successfully: anish@idealtransport.com
2026-02-05 17:48:24 - routers.auth - INFO - Validating token for /me endpoint
2026-02-05 17:48:24 - routers.auth - INFO - Looking up user with email: anish@idealtransport.com
2026-02-05 17:48:25 - routers.auth - INFO - User authenticated successfully: anish@idealtransport.com
2026-02-05 17:48:25 - routers.auth - INFO - Validating token for /me endpoint
2026-02-05 17:48:25 - routers.auth - INFO - Looking up user with email: anish@idealtransport.com
2026-02-05 17:48:25 - routers.auth - INFO - User authenticated successfully: anish@idealtransport.com
2026-02-05 17:48:25 - routers.auth - INFO - Validating token for /me endpoint
2026-02-05 17:48:25 - routers.auth - INFO - Looking up user with email: anish@idealtransport.com
2026-02-05 17:48:26 - routers.auth - INFO - User authenticated successfully: anish@idealtransport.com
2026-02-05 17:48:26 - routers.auth - INFO - Validating token for /me endpoint
2026-02-05 17:48:26 - routers.auth - INFO - Looking up user with email: anish@idealtransport.com
2026-02-05 17:48:28 - routers.auth - INFO - User authenticated successfully: anish@idealtransport.com
2026-02-05 17:48:28 - routers.auth - INFO - Validating token for /me endpoint
2026-02-05 17:48:28 - routers.auth - INFO - Looking up user with email: anish@idealtransport.com
2026-02-05 17:48:28 - routers.auth - INFO - User authenticated successfully: anish@idealtransport.com
2026-02-05 17:48:28 - routers.auth - INFO - Validating token for /me endpoint
2026-02-05 17:48:28 - routers.auth - INFO - Looking up user with email: anish@idealtransport.com
2026-02-05 17:48:29 - routers.auth - INFO - User authenticated successfully: anish@idealtransport.com
2026-02-05 17:48:30 - routers.auth - INFO - Validating token for /me endpoint
2026-02-05 17:48:30 - routers.auth - INFO - Looking up user with email: anish@idealtransport.com
2026-02-05 17:48:31 - routers.auth - INFO - User authenticated successfully: anish@idealtransport.com
2026-02-05 17:48:41 - routers.auth - INFO - Validating token for /me endpoint
2026-02-05 17:48:41 - routers.auth - INFO - Looking up user with email: anish@idealtransport.com
2026-02-05 17:48:41 - routers.auth - INFO - User authenticated successfully: anish@idealtransport.com
2026-02-05 17:48:41 - routers.auth - INFO - Validating token for /me endpoint
2026-02-05 17:48:41 - routers.auth - INFO - Looking up user with email: anish@idealtransport.com
2026-02-05 17:48:42 - routers.auth - INFO - User authenticated successfully: anish@idealtransport.com
2026-02-05 17:48:42 - routers.auth - INFO - Validating token for /me endpoint
2026-02-05 17:48:42 - routers.auth - INFO - Looking up user with email: anish@idealtransport.com
2026-02-05 17:48:42 - routers.auth - INFO - User authenticated successfully: anish@idealtransport.com
2026-02-05 17:48:42 - routers.auth - INFO - Validating token for /me endpoint
2026-02-05 17:48:42 - routers.auth - INFO - Looking up user with email: anish@idealtransport.com
2026-02-05 17:48:43 - routers.auth - INFO - User authenticated successfully: anish@idealtransport.com
2026-02-05 17:48:43 - routers.auth - INFO - Validating token for /me endpoint
2026-02-05 17:48:43 - routers.auth - INFO - Looking up user with email: anish@idealtransport.com
2026-02-05 17:48:43 - routers.auth - INFO - User authenticated successfully: anish@idealtransport.com
2026-02-05 17:48:43 - routers.auth - INFO - Validating token for /me endpoint
2026-02-05 17:48:43 - routers.auth - INFO - Looking up user with email: anish@idealtransport.com
2026-02-05 17:48:45 - routers.auth - INFO - User authenticated successfully: anish@idealtransport.com
2026-02-05 17:48:45 - routers.auth - INFO - Validating token for /me endpoint
2026-02-05 17:48:45 - routers.auth - INFO - Looking up user with email: anish@idealtransport.com
2026-02-05 17:48:46 - routers.auth - INFO - User authenticated successfully: anish@idealtransport.com
2026-02-05 17:48:46 - routers.auth - INFO - Validating token for /me endpoint
2026-02-05 17:48:46 - routers.auth - INFO - Looking up user with email: anish@idealtransport.com
2026-02-05 17:48:46 - routers.auth - INFO - User authenticated successfully: anish@idealtransport.com
2026-02-05 17:49:00 - routers.auth - INFO - User anish@idealtransport.com requested password change
2026-02-05 17:49:01 - routers.auth - INFO - Password changed successfully for user anish@idealtransport.com
2026-02-05 17:49:18 - routers.auth - INFO - Login attempt for user: anish@idealtransport.com
2026-02-05 17:49:18 - routers.auth - INFO - Authenticating user: anish@idealtransport.com
2026-02-05 17:49:18 - routers.auth - INFO - Looking up user with email: anish@idealtransport.com
2026-02-05 17:49:19 - routers.auth - INFO - User found: anish@idealtransport.com
2026-02-05 17:49:19 - routers.auth - WARNING - Authentication failed: Invalid password - anish@idealtransport.com
2026-02-05 17:49:19 - routers.auth - WARNING - Login failed: Invalid credentials - anish@idealtransport.com
2026-02-05 17:49:29 - routers.auth - INFO - Login attempt for user: anish@idealtransport.com
2026-02-05 17:49:29 - routers.auth - INFO - Authenticating user: anish@idealtransport.com
2026-02-05 17:49:29 - routers.auth - INFO - Looking up user with email: anish@idealtransport.com
2026-02-05 17:49:30 - routers.auth - INFO - User found: anish@idealtransport.com
2026-02-05 17:49:30 - routers.auth - INFO - Authentication successful: anish@idealtransport.com
2026-02-05 17:49:30 - routers.auth - INFO - Login successful: anish@idealtransport.com
2026-02-05 17:49:30 - routers.auth - INFO - Validating token for /me endpoint
2026-02-05 17:49:30 - routers.auth - INFO - Looking up user with email: anish@idealtransport.com
2026-02-05 17:49:31 - routers.auth - INFO - User authenticated successfully: anish@idealtransport.com
2026-02-05 17:49:31 - routers.auth - INFO - Validating token for /me endpoint
2026-02-05 17:49:31 - routers.auth - INFO - Looking up user with email: anish@idealtransport.com
2026-02-05 17:49:31 - routers.auth - INFO - User authenticated successfully: anish@idealtransport.com
2026-02-05 17:49:31 - routers.auth - INFO - Validating token for /me endpoint
2026-02-05 17:49:31 - routers.auth - INFO - Looking up user with email: anish@idealtransport.com
2026-02-05 17:49:32 - routers.auth - INFO - User authenticated successfully: anish@idealtransport.com
2026-02-05 17:49:32 - routers.auth - INFO - Validating token for /me endpoint
2026-02-05 17:49:32 - routers.auth - INFO - Looking up user with email: anish@idealtransport.com
2026-02-05 17:49:32 - routers.auth - INFO - User authenticated successfully: anish@idealtransport.com
2026-02-05 17:49:32 - routers.auth - INFO - Validating token for /me endpoint
2026-02-05 17:49:32 - routers.auth - INFO - Looking up user with email: anish@idealtransport.com
2026-02-05 17:49:33 - routers.auth - INFO - User authenticated successfully: anish@idealtransport.com
2026-02-05 17:49:33 - routers.auth - INFO - Validating token for /me endpoint
2026-02-05 17:49:33 - routers.auth - INFO - Looking up user with email: anish@idealtransport.com
2026-02-05 17:49:33 - routers.auth - INFO - User authenticated successfully: anish@idealtransport.com
2026-02-05 17:49:33 - routers.auth - INFO - Validating token for /me endpoint
2026-02-05 17:49:33 - routers.auth - INFO - Looking up user with email: anish@idealtransport.com
2026-02-05 17:49:34 - routers.auth - INFO - User authenticated successfully: anish@idealtransport.com
2026-02-05 17:49:34 - routers.auth - INFO - Validating token for /me endpoint
2026-02-05 17:49:34 - routers.auth - INFO - Looking up user with email: anish@idealtransport.com
2026-02-05 17:49:34 - routers.auth - INFO - User authenticated successfully: anish@idealtransport.com
2026-02-05 17:49:34 - routers.auth - INFO - Validating token for /me endpoint
2026-02-05 17:49:34 - routers.auth - INFO - Looking up user with email: anish@idealtransport.com
2026-02-05 17:49:35 - routers.auth - INFO - User authenticated successfully: anish@idealtransport.com
2026-02-05 17:49:38 - routers.auth - INFO - Validating token for /me endpoint
2026-02-05 17:49:38 - routers.auth - INFO - Looking up user with email: anish@idealtransport.com
2026-02-05 17:49:39 - routers.auth - INFO - User authenticated successfully: anish@idealtransport.com
2026-02-19 10:58:10 - routers.auth - INFO - Login attempt for user: anish@idealtransport.com
2026-02-19 10:58:10 - routers.auth - INFO - Authenticating user: anish@idealtransport.com
2026-02-19 10:58:10 - routers.auth - INFO - Looking up user with email: anish@idealtransport.com
2026-02-19 10:58:10 - routers.auth - INFO - User found: anish@idealtransport.com
2026-02-19 10:58:11 - routers.auth - INFO - Authentication successful: anish@idealtransport.com
2026-02-19 10:58:11 - routers.auth - INFO - Login successful: anish@idealtransport.com
2026-02-19 10:58:12 - routers.auth - INFO - Validating token for /me endpoint
2026-02-19 10:58:12 - routers.auth - INFO - Looking up user with email: anish@idealtransport.com
2026-02-19 10:58:13 - routers.auth - INFO - User authenticated successfully: anish@idealtransport.com
2026-02-19 10:58:13 - routers.auth - INFO - Validating token for /me endpoint
2026-02-19 10:58:13 - routers.auth - INFO - Looking up user with email: anish@idealtransport.com
2026-02-19 10:58:15 - routers.auth - INFO - User authenticated successfully: anish@idealtransport.com
2026-02-19 10:58:15 - routers.auth - INFO - Validating token for /me endpoint
2026-02-19 10:58:15 - routers.auth - INFO - Looking up user with email: anish@idealtransport.com
2026-02-19 10:58:16 - routers.auth - INFO - User authenticated successfully: anish@idealtransport.com
2026-02-19 10:58:16 - routers.auth - INFO - Validating token for /me endpoint
2026-02-19 10:58:16 - routers.auth - INFO - Looking up user with email: anish@idealtransport.com
2026-02-19 10:58:18 - routers.auth - INFO - User authenticated successfully: anish@idealtransport.com
2026-02-19 10:58:18 - routers.auth - INFO - Validating token for /me endpoint
2026-02-19 10:58:18 - routers.auth - INFO - Looking up user with email: anish@idealtransport.com
2026-02-19 10:58:18 - routers.auth - INFO - User authenticated successfully: anish@idealtransport.com
2026-02-19 10:58:18 - routers.auth - INFO - Validating token for /me endpoint
2026-02-19 10:58:18 - routers.auth - INFO - Looking up user with email: anish@idealtransport.com
2026-02-19 10:58:19 - routers.auth - INFO - User authenticated successfully: anish@idealtransport.com
2026-02-19 10:58:19 - routers.auth - INFO - Validating token for /me endpoint
2026-02-19 10:58:19 - routers.auth - INFO - Looking up user with email: anish@idealtransport.com
2026-02-19 10:58:19 - routers.auth - INFO - User authenticated successfully: anish@idealtransport.com
2026-02-19 10:58:19 - routers.auth - INFO - Validating token for /me endpoint
2026-02-19 10:58:19 - routers.auth - INFO - Looking up user with email: anish@idealtransport.com
2026-02-19 10:58:20 - routers.auth - INFO - User authenticated successfully: anish@idealtransport.com
2026-02-19 10:58:20 - routers.auth - INFO - Validating token for /me endpoint
2026-02-19 10:58:20 - routers.auth - INFO - Looking up user with email: anish@idealtransport.com
2026-02-19 10:58:20 - routers.auth - INFO - User authenticated successfully: anish@idealtransport.com
2026-02-19 10:58:29 - routers.auth - INFO - Validating token for /me endpoint
2026-02-19 10:58:29 - routers.auth - INFO - Looking up user with email: anish@idealtransport.com
2026-02-19 10:58:30 - routers.auth - INFO - User authenticated successfully: anish@idealtransport.com
2026-02-19 10:58:30 - routers.auth - INFO - Validating token for /me endpoint
2026-02-19 10:58:30 - routers.auth - INFO - Looking up user with email: anish@idealtransport.com
2026-02-19 10:58:30 - routers.auth - INFO - User authenticated successfully: anish@idealtransport.com
2026-02-19 10:58:30 - routers.auth - INFO - Validating token for /me endpoint
2026-02-19 10:58:30 - routers.auth - INFO - Looking up user with email: anish@idealtransport.com
2026-02-19 10:58:31 - routers.auth - INFO - User authenticated successfully: anish@idealtransport.com
2026-02-19 11:02:09 - routers.auth - INFO - Validating token for /me endpoint
2026-02-19 11:02:09 - routers.auth - INFO - Looking up user with email: anish@idealtransport.com
2026-02-19 11:02:10 - routers.auth - INFO - User authenticated successfully: anish@idealtransport.com
2026-02-19 11:02:11 - routers.auth - INFO - Admin anish@idealtransport.com fetching all users
2026-02-19 11:02:55 - routers.auth - INFO - Login attempt for user: admin@idealtransport.com
2026-02-19 11:02:55 - routers.auth - INFO - Authenticating user: admin@idealtransport.com
2026-02-19 11:02:55 - routers.auth - INFO - Looking up user with email: admin@idealtransport.com
2026-02-19 11:02:56 - routers.auth - INFO - User found: admin@idealtransport.com
2026-02-19 11:02:56 - routers.auth - INFO - Authentication successful: admin@idealtransport.com
2026-02-19 11:02:56 - routers.auth - INFO - Login successful: admin@idealtransport.com
2026-02-19 11:02:56 - routers.auth - INFO - Validating token for /me endpoint
2026-02-19 11:02:56 - routers.auth - INFO - Looking up user with email: admin@idealtransport.com
2026-02-19 11:02:57 - routers.auth - INFO - User authenticated successfully: admin@idealtransport.com
2026-02-19 11:02:57 - routers.auth - INFO - Validating token for /me endpoint
2026-02-19 11:02:57 - routers.auth - INFO - Looking up user with email: admin@idealtransport.com
2026-02-19 11:02:58 - routers.auth - INFO - User authenticated successfully: admin@idealtransport.com
2026-02-19 11:02:58 - routers.auth - INFO - Validating token for /me endpoint
2026-02-19 11:02:58 - routers.auth - INFO - Looking up user with email: admin@idealtransport.com
2026-02-19 11:02:58 - routers.auth - INFO - User authenticated successfully: admin@idealtransport.com
2026-02-19 11:02:58 - routers.auth - INFO - Validating token for /me endpoint
2026-02-19 11:02:58 - routers.auth - INFO - Looking up user with email: admin@idealtransport.com
2026-02-19 11:02:59 - routers.auth - INFO - User authenticated successfully: admin@idealtransport.com
2026-02-19 11:02:59 - routers.auth - INFO - Validating token for /me endpoint
2026-02-19 11:02:59 - routers.auth - INFO - Looking up user with email: admin@idealtransport.com
2026-02-19 11:02:59 - routers.auth - INFO - User authenticated successfully: admin@idealtransport.com
2026-02-19 11:02:59 - routers.auth - INFO - Validating token for /me endpoint
2026-02-19 11:02:59 - routers.auth - INFO - Looking up user with email: admin@idealtransport.com
2026-02-19 11:03:01 - routers.auth - INFO - User authenticated successfully: admin@idealtransport.com
2026-02-19 11:03:01 - routers.auth - INFO - Validating token for /me endpoint
2026-02-19 11:03:01 - routers.auth - INFO - Looking up user with email: admin@idealtransport.com
2026-02-19 11:03:03 - routers.auth - INFO - User authenticated successfully: admin@idealtransport.com
2026-02-19 11:03:03 - routers.auth - INFO - Validating token for /me endpoint
2026-02-19 11:03:03 - routers.auth - INFO - Looking up user with email: admin@idealtransport.com
2026-02-19 11:03:04 - routers.auth - INFO - User authenticated successfully: admin@idealtransport.com
2026-02-19 11:03:04 - routers.auth - INFO - Validating token for /me endpoint
2026-02-19 11:03:04 - routers.auth - INFO - Looking up user with email: admin@idealtransport.com
2026-02-19 11:03:04 - routers.auth - INFO - User authenticated successfully: admin@idealtransport.com
2026-02-19 11:03:23 - routers.auth - INFO - Validating token for /me endpoint
2026-02-19 11:03:23 - routers.auth - INFO - Looking up user with email: admin@idealtransport.com
2026-02-19 11:03:24 - routers.auth - INFO - User authenticated successfully: admin@idealtransport.com
2026-02-19 11:03:24 - routers.auth - INFO - Validating token for /me endpoint
2026-02-19 11:03:24 - routers.auth - INFO - Looking up user with email: admin@idealtransport.com
2026-02-19 11:03:24 - routers.auth - INFO - User authenticated successfully: admin@idealtransport.com
2026-02-19 11:03:25 - routers.auth - INFO - Validating token for /me endpoint
2026-02-19 11:03:25 - routers.auth - INFO - Looking up user with email: admin@idealtransport.com
2026-02-19 11:03:25 - routers.auth - INFO - User authenticated successfully: admin@idealtransport.com
